{"name":"JavaScript","web":"https://github.com/textmate/javascript.tmbundle/commit/","commits":[{"body":"","author":"Jeremy Whitlock","summary":"Add scope to `=` operator for named functions","date":"2013-09-11T10:58:40-06:00","commit":"b2703958e7e0b976bbf77a6335f30d550e255b29"},{"body":"* Moved the logic out of Bash and into a Ruby module","author":"Jeremy Whitlock","summary":"Updated 'Documentation for Word' to use Mozilla's Reference","date":"2013-09-06T12:13:03-06:00","commit":"436bc0cfa3cf777d65bba52e5d0c7793d1f65e66"},{"body":"* Object literal keys are now scoped properly\n* Fixed function variable scope/highlighting inconsistency\n* Updated Symbol List to contain all function declarations, function expressions\n  and object literal keys that are functions","author":"Jeremy Whitlock","summary":"Improve matching of object literal keys and function variables","date":"2013-08-21T22:01:24-06:00","commit":"4d9f3b7c5f6182c02e3b7bffb4b230f51d0abbfe"},{"body":"Fixes #17","author":"Jeremy Whitlock","summary":"Correct matching of multi-line function arguments","date":"2013-08-20T22:56:04-06:00","commit":"1cdd7cae9c08e7198197ad36ba49395363fdb9e0"},{"body":"","author":"Michael Sheets","summary":"Update to 1.4.0 of JS Beautifier","date":"2013-08-13T04:41:48-05:00","commit":"984bbca3e69c6a2314721e2c1f99cd8d947cbb68"},{"body":"Get-methods are often used with a string parameter, so one more tab stop now allows to get inside of the quotation marks which results in less keys pressed.","author":"i10k","summary":"Add another tab stop for the get-snippet methods.","date":"2013-05-12T19:33:55+03:00","commit":"7fa5db28f244357e7a4cc74df42944358e6bac16"},{"body":"","author":"i10k","summary":"Fix a typo in getElementById method name","date":"2013-05-12T19:22:00+03:00","commit":"2be641f7547d4a9044e0bd1516be35a6320e5b60"},{"body":"","author":"i10k","summary":"Remove trailing return from prototype snippet","date":"2013-05-11T01:48:01+03:00","commit":"cd12fcbb6b875f2bce7fb10c935297fff564b94f"},{"body":"\"Object Value JS\" literally duplicates the 'Object key — key: \"value\"' snippet.\n\"Object Method String\" provides the code the I highly doubt that many people will use if any.","author":"i10k","summary":"Remove redundant snippets","date":"2013-05-11T00:07:48+03:00","commit":"9fa4db39f6a86b0798d42eac0ea0f0e9ce32b6ba"},{"body":"","author":"i10k","summary":"Add new snippets: do, else, for in, setInterval, switch, try, while","date":"2013-05-11T00:04:50+03:00","commit":"ad093a0844f70ce4499f9633eeb4b6147c985134"},{"body":"The previous snippet required further input to select the type, by using four snippets with the same trigger we get a menu to select the desired type.","author":"i10k","summary":"Convert get snippet into four snippets all set to <kbd class='tabTrigger'>get⇥</kbd>","date":"2013-05-11T00:01:41+03:00","commit":"7df03b992d42817ddec87001ea6fd9d482595646"},{"body":"To match the Crockford's code conventions ( http://javascript.crockford.com/code.html ), improving readability.","author":"i10k","summary":"Update indentation rules for the switch statement","date":"2013-05-10T23:59:12+03:00","commit":"fc7f7ac4b256c02e5de5c21a9d2e9d0cd5cab3f8"},{"body":"This removes unneeded semicolons, makes JSHint/JSLint not generate warnings, improves readability. The snippet for the anonymous function is now easier to use as a callback, because of no need to remove the semicolon every time.\n\nMore info: http://javascript.crockford.com/code.html","author":"i10k","summary":"Update snippets according to the Crockford's code conventions","date":"2013-05-10T23:59:02+03:00","commit":"4d8ecb8bbd59c84b97095d03d4e606a02e271031"},{"body":"Causing a hang, reverted until this can be fixed. Fixes textmate/textmate#836.\n\nThis reverts commit dd95e7c405356492cf18e6f9dc5e9d07f34d3608.","author":"Michael Sheets","summary":"Revert \"Indent line after a one line/braceless statement\"","date":"2013-02-26T13:11:56-06:00","commit":"b6191525d7dadf3ef18f78c3bd8654e8b58049da"},{"body":"Originally from Joseph Pecoraro, fixes #4.","author":"Michael Sheets","summary":"Indent line after a one line/braceless statement","date":"2013-02-26T04:41:48-06:00","commit":"dd95e7c405356492cf18e6f9dc5e9d07f34d3608"},{"body":"Remove objects and entities from the symbol list, leaving only functions/methods.","author":"Freek Dijkstra","summary":"Less noise in the symbol list","date":"2012-11-09T15:54:48+01:00","commit":"6046ce52330544d97ba9493c8dc56c7dcfcc6692"},{"body":"","author":"Michael Sheets","summary":"Upgrade jsbeautifier library.","date":"2012-09-28T04:52:27-05:00","commit":"58e81b0eae498c9a4eb6e395368df3b7a01d9851"},{"body":"","author":"Michael Sheets","summary":"Add initial semantic classes.","date":"2012-09-08T01:53:48-05:00","commit":"8195b5eb6a05a5d9eff27b302d80ec64cb9ec393"},{"body":"Based on a patch from Dennis Vennink.","author":"Michael Sheets","summary":"Improve folding to support more than functions.","date":"2012-08-15T01:58:47-05:00","commit":"e29a3e226d62732d612a46555ddfcfc482d2a011"},{"body":"Before this commit, `object.instanceof` highlightened `instanceof`, which is wrong.\n\nAlso, var is not a type, rather than a keyword.","author":"Paul Miller","summary":"Fix keywords matching.","date":"2012-06-29T14:49:42+03:00","commit":"4afd79fc4afb0de173653d4f4ec35a3c95ca31bc"},{"body":"This didn't fold:\n\t&lt;script type=\"text/javascript\" charset=\"utf-8\">\n\nBecause tag was grabbed by javascript, but not folded by it... this\nadds folding in JScript","author":"tim bates","summary":"allow folding on script tag (supporting embedding in php/html)","date":"2012-02-14T12:44:17+00:00","commit":"d68ea0a4ee7ce1dd95f40b708d420a5f26b7087c"},{"body":"","author":"Michael Sheets","summary":"Match empty braces to allow <kbd class='keyEquivalent'>↩</kbd> snippet to fire.","date":"2012-01-15T23:01:22-06:00","commit":"8f629d97d17890bc1cbe3fedd5f8b9ccb46d6179"},{"body":"","author":"Michael Sheets","summary":"Simplify indentation rules, support else statements.","date":"2012-01-15T23:00:23-06:00","commit":"c3b57c09f28de777744edd2c876aaf04b155bb98"},{"body":"","author":"Brad Choate","summary":"Improved function parameter parsing, scoping for function declarations.","date":"2011-11-28T08:37:15-08:00","commit":"ad17e8bcba9bbd07f4aa09707e3cc64405d512d4"},{"body":"","author":"Michael Sheets","summary":"Improve comment.line match.","date":"2011-11-13T02:48:18-06:00","commit":"21805fbe54fd056022cfa66e70aa29e11d971dad"},{"body":"","author":"Michael Sheets","summary":"Move folding settings.","date":"2011-11-11T23:47:36-06:00","commit":"2f95d9ae92110c82d55455bf4483951be55f1e87"},{"body":"","author":"Michael Sheets","summary":"Add readme.","date":"2011-11-11T23:45:18-06:00","commit":"bd190060f809d1786e8623a2a95d3d2c8aa0da27"},{"body":"","author":"Michael Sheets","summary":"Add grammar for regular expression strings.","date":"2011-09-25T19:00:01-05:00","commit":"9d5b4d75b1bd4d804f2fb39495a9323612fbb3c7"},{"body":"","author":"Michael Sheets","summary":"Allow logical operators to precede regular expressions.","date":"2011-05-09T02:06:29-05:00","commit":"68bbd25d1ed27d76907d4555ce6366df3b245121"},{"body":"Add support for tab preferences.\n\n(Script from http://jsbeautifier.org/)","author":"Michael Sheets","summary":"Switch to the Python port of the beautifier script away from the long deprecated PHP version.","date":"2011-05-08T16:12:13-05:00","commit":"ebeea15e348ca512ebb49534221f5b49bef3fd05"},{"body":"","author":"Michael Sheets","summary":"Add borderWidth to support.constant.js.","date":"2010-12-21T14:00:37-06:00","commit":"a27727ec43555d5491cf7088da558e1588fd3820"},{"body":"","author":"Robert Newson","summary":"fix an issue with Reformat Document. Fix suggested by allan on #textmate.","date":"2010-08-04T18:59:28+08:00","commit":"ffd5e926f1bcd8d1c6514e81756a7db8ccbe6c38"},{"body":"Bypassing the `$_ENV` shenanigans by just using `getenv()`","author":"awgy","summary":"Fix potential error in Reformat Document command","date":"2010-06-02T13:32:40-05:00","commit":"42ff00090ed27c3c190854b789755cbd64ac1346"},{"body":"git-svn-id: http://svn.textmate.org/trunk/Bundles/JavaScript.tmbundle@10851 dfb7d73b-c2ec-0310-8fea-fb051d288c6d","author":"Michael Sheets","summary":"Add negative look-ahead to comment.block.documentation to prevent a never-ending comment. Fixes ticket 0D07729D.","date":"2008-11-22T07:12:54+00:00","commit":"96628a8e231aeb2466df36b22cda92f59a2cc27b"},{"body":"foo.bar = function() { … }\n\nHowever the equals operator was not scoped in these cases, whereas it is in standard assigns.\n\n\ngit-svn-id: http://svn.textmate.org/trunk/Bundles/JavaScript.tmbundle@9878 dfb7d73b-c2ec-0310-8fea-fb051d288c6d","author":"Ciarán Walsh","summary":"The JavaScript syntax has special rules for assigning functions, e.g.","date":"2008-06-06T13:23:32+00:00","commit":"e89dee98ee8fc8db23136587c6f283e8c5c3b6d3"},{"body":"git-svn-id: http://svn.textmate.org/trunk/Bundles/JavaScript.tmbundle@9243 dfb7d73b-c2ec-0310-8fea-fb051d288c6d","author":"Thomas Aylott","summary":"\"undefined\" [was] misspelled \"Undefined\" -- Toby Schachman","date":"2008-03-31T15:54:03+00:00","commit":"e89898d25261832ef43e2fee6d3e3cf57d433378"},{"body":"git-svn-id: http://svn.textmate.org/trunk/Bundles/JavaScript.tmbundle@9189 dfb7d73b-c2ec-0310-8fea-fb051d288c6d","author":"Kevin Ballard","summary":"Quick hack to make foo(/=/g) treat that as a regex instead of the /= operator","date":"2008-03-21T21:49:01+00:00","commit":"0d5aef48eb51b7222ba7dd3b7e7181dc161123a2"},{"body":"- E notation with negative power fix (1e-10 was converted to 1e - 10)\n- Repeatedly duplicating newline bug fixed.\n\n\ngit-svn-id: http://svn.textmate.org/trunk/Bundles/JavaScript.tmbundle@8969 dfb7d73b-c2ec-0310-8fea-fb051d288c6d","author":"Michael Sheets","summary":"Update to v42 of beautify library.","date":"2008-02-21T09:52:34+00:00","commit":"764212842af0117358375f69285f6edd7b9359c6"},{"body":"git-svn-id: http://svn.textmate.org/trunk/Bundles/JavaScript.tmbundle@8684 dfb7d73b-c2ec-0310-8fea-fb051d288c6d","author":"Michael Sheets","summary":"Moving beautify command into library form for easier updates. Updated to r38 of library.","date":"2007-12-18T07:20:15+00:00","commit":"23724f4a72d9f5a81ff19127b437cbf4f9c11637"},{"body":"git-svn-id: http://svn.textmate.org/trunk/Bundles/JavaScript.tmbundle@8558 dfb7d73b-c2ec-0310-8fea-fb051d288c6d","author":"Michael Sheets","summary":"Change shortcuts to <kbd class='keyEquivalent'>⌃⇧H</kbd> to match other bundles.","date":"2007-11-27T08:16:51+00:00","commit":"024a04d42130c7deb3b947db9cefa71141a1f9f1"},{"body":"git-svn-id: http://svn.textmate.org/trunk/Bundles/JavaScript.tmbundle@8548 dfb7d73b-c2ec-0310-8fea-fb051d288c6d","author":"Michael Sheets","summary":"Update to v35 of Beautify Javascript.","date":"2007-11-26T06:12:05+00:00","commit":"64a47aef081c5d44eb6b3bca49c4a486e7aa21b5"},{"body":"git-svn-id: http://svn.textmate.org/trunk/Bundles/JavaScript.tmbundle@8541 dfb7d73b-c2ec-0310-8fea-fb051d288c6d","author":"Michael Sheets","summary":"Update to latest version of Beautify Javascript.","date":"2007-11-25T09:03:25+00:00","commit":"cfb6e057a76b28e4a4e17800a64f9d287ba3b84c"},{"body":"git-svn-id: http://svn.textmate.org/trunk/Bundles/JavaScript.tmbundle@8523 dfb7d73b-c2ec-0310-8fea-fb051d288c6d","author":"Michael Sheets","summary":"Change shortcut to <kbd class='keyEquivalent'>⌃⌥Q</kbd> to better better match other reformat commands.","date":"2007-11-24T10:29:45+00:00","commit":"efe280c2e272e38e05dcb0ac520556f346d41cfa"},{"body":"Thanks to Einars \"elfz\" Lielmanis for permission to include it, and Ale Muñoz for porting it.\n\n\ngit-svn-id: http://svn.textmate.org/trunk/Bundles/JavaScript.tmbundle@8522 dfb7d73b-c2ec-0310-8fea-fb051d288c6d","author":"Michael Sheets","summary":"[NEW] Add a Javascript beautifier script, with a shortcut of <kbd class='keyEquivalent'>⌃Q</kbd>.","date":"2007-11-24T10:28:14+00:00","commit":"3b1fb2f7d12a0430f4c1fe111e7a3416f87393f5"},{"body":"Thanks to John Gruber for writing this and giving permission to port it to TextMate.\n\n\ngit-svn-id: http://svn.textmate.org/trunk/Bundles/JavaScript.tmbundle@8463 dfb7d73b-c2ec-0310-8fea-fb051d288c6d","author":"Michael Sheets","summary":"Adding a command to encode a section of Javascript as a bookmarklet and copy it to the clipboard.","date":"2007-11-16T12:02:35+00:00","commit":"07451d4c8c7111a28df2a29dd1e88d991a486a2f"},{"body":"  return /^[a-zA-Z]([a-zA-Z0-9+-.])*:/.test(s);\n\n\n\ngit-svn-id: http://svn.textmate.org/trunk/Bundles/JavaScript.tmbundle@7067 dfb7d73b-c2ec-0310-8fea-fb051d288c6d","author":"Allan Odgaard","summary":"• match regexps that follow a ‘return’ keyword, example:","date":"2007-04-26T23:15:46+00:00","commit":"57d492a8c66a8e7f9e8d37ab3793720a279b5769"},{"body":"git-svn-id: http://svn.textmate.org/trunk/Bundles/JavaScript.tmbundle@7017 dfb7d73b-c2ec-0310-8fea-fb051d288c6d","author":"Allan Odgaard","summary":"• add jsx as a recognized file type, apparently what Photoshop CS2 and CS3 uses for JavaScript","date":"2007-04-19T22:02:41+00:00","commit":"f1306d944f18194c59f863996eec3ffb0e7ceafb"},{"body":"Both of the above would previously result in potential really bad performance, because two greedy repeats basically matching the same thing, was after each other, and that leads to exponential time complexity in input size.\n\n\ngit-svn-id: http://svn.textmate.org/trunk/Bundles/JavaScript.tmbundle@6859 dfb7d73b-c2ec-0310-8fea-fb051d288c6d","author":"Allan Odgaard","summary":"• change several patterns of the form: [A-Za-z…]+\\w* into [A-Za-z…][\\w…]* — I am thinking though, that ‘…’ should not be allowed for anything but the first character • change a pattern of the fork: \\w+ \\.? \\w* into \\w+ (\\. \\w*)?","date":"2007-03-20T11:51:44+00:00","commit":"42a4541cdc74311d00088631ff4151eb5cca31dd"},{"body":"git-svn-id: http://svn.textmate.org/trunk/Bundles/JavaScript.tmbundle@6787 dfb7d73b-c2ec-0310-8fea-fb051d288c6d","author":"Allan Odgaard","summary":"• handle com.some.namespace.Function = test() { } — ticket 2629590E","date":"2007-03-12T14:44:56+00:00","commit":"d42329c31a54421887a4ebfcf1fb83fc22afcfc2"},{"body":"git-svn-id: http://svn.textmate.org/trunk/Bundles/JavaScript.tmbundle@6761 dfb7d73b-c2ec-0310-8fea-fb051d288c6d","author":"Allan Odgaard","summary":"• make /* … */ work again (for uncommenting) — ticket A2F2DDD2","date":"2007-03-09T20:03:31+00:00","commit":"efdac8f81c1481ece4efdfe8ecebc3a9b5c9ba81"},{"body":"contactName:\n   The full name of the contact for this bundle.\ncontactEmailRot13:\n   A ROT13 encoded email address for the bundle contact (we obfuscate it to avoid spammers from picking up the files, seeing how bundles will often be available via anonymous svn over http).\ndescription:\n   A short description for this bundle. Do link to more info about the language (or whatever) the bundle is about. I decided on using HTML for this (but leave out the initial paragraph tag) since it seemed like overkill to run a single line of text through Markdown.pl, just to convert [foo](link) into &lt;a href=\"link\">foo&lt;/a>\n\nMany of the current descriptions could use some improvements, I just wanted to get the ball rolling :)\n\n\ngit-svn-id: http://svn.textmate.org/trunk/Bundles/JavaScript.tmbundle@6718 dfb7d73b-c2ec-0310-8fea-fb051d288c6d","author":"Allan Odgaard","summary":"Add the following keys to the bundle’s info.plist:","date":"2007-03-04T20:11:31+00:00","commit":"d24081e988136f9430948ebb9e89bfe423beab37"},{"body":"git-svn-id: http://svn.textmate.org/trunk/Bundles/JavaScript.tmbundle@6595 dfb7d73b-c2ec-0310-8fea-fb051d288c6d","author":"Thomas Aylott","summary":"Removed old bas scope Set <kbd class='keyEquivalent'>⌥⇧:</kbd> as the shortcut for object keys Set the trigger for \"for faster\" to \"for\" to get the menu","date":"2007-02-15T04:34:38+00:00","commit":"5f29339802189d19e4797ed9375be21426a7d518"},{"body":"git-svn-id: http://svn.textmate.org/trunk/Bundles/JavaScript.tmbundle@6575 dfb7d73b-c2ec-0310-8fea-fb051d288c6d","author":"Allan Odgaard","summary":"• recognize documentation comments (/** … */) — patch from Dave Grijalva","date":"2007-02-13T04:48:32+00:00","commit":"28061729ba2272359ef7d38333b279a86fd8c1aa"},{"body":"git-svn-id: http://svn.textmate.org/trunk/Bundles/JavaScript.tmbundle@6542 dfb7d73b-c2ec-0310-8fea-fb051d288c6d","author":"Thomas Aylott","summary":"Fixed bad copy/paste. It was an em-dash not a -- :/","date":"2007-02-09T15:37:15+00:00","commit":"14c2aaaba43be847f2fc2c21816a43a00a3e80fd"},{"body":"git-svn-id: http://svn.textmate.org/trunk/Bundles/JavaScript.tmbundle@6518 dfb7d73b-c2ec-0310-8fea-fb051d288c6d","author":"Thomas Aylott","summary":"Added the \"Improved Native For-Loop\" snippet from http://solutoire.com/2007/02/02/efficient-looping-in-javascript/","date":"2007-02-03T07:52:40+00:00","commit":"97cb4248563f14f88e16f64ea4398e8ae3f55615"},{"body":"git-svn-id: http://svn.textmate.org/trunk/Bundles/JavaScript.tmbundle@6341 dfb7d73b-c2ec-0310-8fea-fb051d288c6d","author":"Thomas Aylott","summary":"Fix for javascript \"fred = (whatever)\" being considered a function","date":"2006-12-12T21:11:31+00:00","commit":"017047a1cf6f474b5b2a44e02f18b119f4a2c638"},{"body":"git-svn-id: http://svn.textmate.org/trunk/Bundles/JavaScript.tmbundle@6258 dfb7d73b-c2ec-0310-8fea-fb051d288c6d","author":"Thomas Aylott","summary":"http://pastie.textmate.org/24618 Javascript commenting should use // method like with PHP, not /* ... */ Now it does. Yay comments!","date":"2006-11-28T05:53:13+00:00","commit":"9cf94244718faa5fafa61e8db16e05a6dca405a4"},{"body":"git-svn-id: http://svn.textmate.org/trunk/Bundles/JavaScript.tmbundle@6257 dfb7d73b-c2ec-0310-8fea-fb051d288c6d","author":"Thomas Aylott","summary":"Remove the rule that incorrectly turns anything with a dot before an = into a class. this grammar still needs some serious work imho.","date":"2006-11-28T03:07:25+00:00","commit":"76ee2d9798f9f066002114a6eeeb2c5c0f97388a"},{"body":"git-svn-id: http://svn.textmate.org/trunk/Bundles/JavaScript.tmbundle@5998 dfb7d73b-c2ec-0310-8fea-fb051d288c6d","author":"Michael Sheets","summary":"Include the delimiters in the string.quoted.single scope rather than just the content.","date":"2006-11-07T22:05:57+00:00","commit":"79bdbeed5da9125ba4fb7195217a745a463afa41"},{"body":"git-svn-id: http://svn.textmate.org/trunk/Bundles/JavaScript.tmbundle@5728 dfb7d73b-c2ec-0310-8fea-fb051d288c6d","author":"Michael Sheets","summary":"• Change entity.name.object.js.firebug to entity.name.type.object.js.firebug • Change entity.name.instance to entity.name.type.instance","date":"2006-10-29T20:27:04+00:00","commit":"449df13f266aef6d69e84377991ec551bda46b1a"},{"body":"git-svn-id: http://svn.textmate.org/trunk/Bundles/JavaScript.tmbundle@5720 dfb7d73b-c2ec-0310-8fea-fb051d288c6d","author":"Charilaos Skiadas","summary":"First attempt at rearranging. Added getElement snippet.","date":"2006-10-29T19:52:42+00:00","commit":"16924c36adfcf9604ddd849f424e580c28825184"},{"body":"constant.language.boolean.true.js, constant.language.boolean.false.js, constant.language.null.js\n\nFrom james on the mailing list.\n\n\ngit-svn-id: http://svn.textmate.org/trunk/Bundles/JavaScript.tmbundle@5650 dfb7d73b-c2ec-0310-8fea-fb051d288c6d","author":"Michael Sheets","summary":"Add more specific scopes for true|false|null:","date":"2006-10-26T20:39:09+00:00","commit":"d90494245121d35ac67230adf5e109da9637730c"},{"body":"git-svn-id: http://svn.textmate.org/trunk/Bundles/JavaScript.tmbundle@5373 dfb7d73b-c2ec-0310-8fea-fb051d288c6d","author":"Michael Sheets","summary":"• Added puctuation scopes. • Change meta.delimiter.statement to punctuation.terminator.statement • Better scope strings in meta.function.json • Optimize a few of the larger regex matches.","date":"2006-10-05T02:56:50+00:00","commit":"73cda39576a9b05e705e9a4ef9c28509e28883d1"},{"body":"• Moved more of the genreric JavaScript snippets (subtleGradient's?) from Prototype → JS bundle\n\n• Added whitespace around '=' and ':' in the Create Class alt snippet (we aren't afraid of whitespace, are we?)\n\ngit-svn-id: http://svn.textmate.org/trunk/Bundles/JavaScript.tmbundle@5310 dfb7d73b-c2ec-0310-8fea-fb051d288c6d","author":"Martin Ström","summary":"• Added a really handy snippet for all iteration methods. Instead of typing 'each' and then <kbd class='keyEquivalent'>⇥</kbd> (tab) to get the each snippet, you now press <kbd class='keyEquivalent'>⇧⌃⌘(</kbd> and you'll get the iterator function. Therefore this works for all iterator functions (inject, reject, each, map etc)","date":"2006-09-26T15:50:54+00:00","commit":"1b693b199a5d644103aac4d93b25f1e2f60be7ff"},{"body":"git-svn-id: http://svn.textmate.org/trunk/Bundles/JavaScript.tmbundle@5308 dfb7d73b-c2ec-0310-8fea-fb051d288c6d","author":"Martin Ström","summary":"• <kbd class='keyEquivalent'>⇧↩</kbd> (shift + enter) will turn the current word as a function (like the ruby one does). <kbd class='keyEquivalent'>⇧⌃↩</kbd> (shift + control + enter) will make it into a method instead (blah: function() { ... }) • Cleaned up some snippets like setTimeout and the if/if else/function and others","date":"2006-09-26T15:20:02+00:00","commit":"44dd89704a219dfc61b34200c253cb2373cfc539"},{"body":"Some of the rules can be simplified but I'm not a regexp guru so if somebody want to make them shorter/easier/faster, go ahead :)\n\ngit-svn-id: http://svn.textmate.org/trunk/Bundles/JavaScript.tmbundle@5307 dfb7d73b-c2ec-0310-8fea-fb051d288c6d","author":"Martin Ström","summary":"• Moved a lot of the generic JS stuff from the Prototype bundle to the JS bundle and removed duplicated rules. • Improved some rules to catch more functions (like Object.myfunc = ...)","date":"2006-09-26T14:07:21+00:00","commit":"df2a8cb5772c83f55f4db3e227c06b0dd1c82a65"},{"body":"git-svn-id: http://svn.textmate.org/trunk/Bundles/JavaScript.tmbundle@5203 dfb7d73b-c2ec-0310-8fea-fb051d288c6d","author":"Allan Odgaard","summary":"• forgot octal numbers (in strings) with the first digit higher than 3 (e.g. \\57 or \\7)","date":"2006-09-13T18:35:54+00:00","commit":"72b85233456e0dcd0dafeb00b498ca4a54f79554"},{"body":"git-svn-id: http://svn.textmate.org/trunk/Bundles/JavaScript.tmbundle@5202 dfb7d73b-c2ec-0310-8fea-fb051d288c6d","author":"Allan Odgaard","summary":"• markup hex (\\xHH) and octal (\\377) sequences in strings","date":"2006-09-13T18:33:01+00:00","commit":"d61b63098aea108051cd29377b6aa9a4764032c3"},{"body":"git-svn-id: http://svn.textmate.org/trunk/Bundles/JavaScript.tmbundle@4874 dfb7d73b-c2ec-0310-8fea-fb051d288c6d","author":"Allan Odgaard","summary":"• allow whitespace before colon when declaring functions as ‘foo: function () { … }’","date":"2006-08-21T12:10:57+00:00","commit":"d1b3e7e6de990a12e57c75690fd57aef3e14ef1a"},{"body":"git-svn-id: http://svn.textmate.org/trunk/Bundles/JavaScript.tmbundle@4734 dfb7d73b-c2ec-0310-8fea-fb051d288c6d","author":"Michael Sheets","summary":"Move this &amp; super to a new variable.language rule, though oddly best I can tell super doesn't exist in javascript outside some kind of extension?","date":"2006-08-14T08:14:15+00:00","commit":"d161df6d7e375bcf82ff62264df52dffbb5f31ef"},{"body":"git-svn-id: http://svn.textmate.org/trunk/Bundles/JavaScript.tmbundle@4645 dfb7d73b-c2ec-0310-8fea-fb051d288c6d","author":"Michael Sheets","summary":"Remove swallow use in favor of a constant.character.escape pattern.","date":"2006-08-10T05:04:18+00:00","commit":"83df898d72951d57f653a6365ed06caa93fbf6eb"},{"body":"git-svn-id: http://svn.textmate.org/trunk/Bundles/JavaScript.tmbundle@4374 dfb7d73b-c2ec-0310-8fea-fb051d288c6d","author":"Allan Odgaard","summary":"• use the ellipsis glyph (…) instead of three periods","date":"2006-07-17T11:24:53+00:00","commit":"1f938baace5de009e09b4d7c3a9629a4e5bcf6c2"},{"body":"git-svn-id: http://svn.textmate.org/trunk/Bundles/JavaScript.tmbundle@4352 dfb7d73b-c2ec-0310-8fea-fb051d288c6d","author":"Thomas Aylott","summary":"Added a better indent pref. Added some handy snippets. Added some handy scopes to the language","date":"2006-07-17T07:55:50+00:00","commit":"1ef4fdcbad4b75d84c05bb19e3a551c3e5f5b4ef"},{"body":"git-svn-id: http://svn.textmate.org/trunk/Bundles/JavaScript.tmbundle@3979 dfb7d73b-c2ec-0310-8fea-fb051d288c6d","author":"Allan Odgaard","summary":"• remove swallow pattern for block comments (I believe this was a cut’n’paste mistake, as escape characters should have no special meaning in JavaScript comments AFAIK)","date":"2006-07-03T06:22:39+00:00","commit":"be2b5effb98163cd6d45368a390e846aca2782dc"},{"body":"git-svn-id: http://svn.textmate.org/trunk/Bundles/JavaScript.tmbundle@3648 dfb7d73b-c2ec-0310-8fea-fb051d288c6d","author":"Allan Odgaard","summary":"• remove mention of tab trigger from the name","date":"2006-06-14T02:52:10+00:00","commit":"026acb0c14d09982a2b56288add6aba1f82a049e"},{"body":"git-svn-id: http://svn.textmate.org/trunk/Bundles/JavaScript.tmbundle@3504 dfb7d73b-c2ec-0310-8fea-fb051d288c6d","author":"Allan Odgaard","summary":"• menu structure","date":"2006-06-02T14:58:27+00:00","commit":"07fdeda546b12298496d0c765130aa06360d3f55"},{"body":"git-svn-id: http://svn.textmate.org/trunk/Bundles/JavaScript.tmbundle@3432 dfb7d73b-c2ec-0310-8fea-fb051d288c6d","author":"Allan Odgaard","summary":"• add matching of functions declared as ‘foobar: function() { … }’ (from Aparajita Fishman)","date":"2006-05-27T06:17:24+00:00","commit":"c6e341bc6eab7f8cafe265edd4118cda5e010844"},{"body":"git-svn-id: http://svn.textmate.org/trunk/Bundles/JavaScript.tmbundle@3217 dfb7d73b-c2ec-0310-8fea-fb051d288c6d","author":"Allan Odgaard","summary":"• add : as a valid character in front of regexps","date":"2006-05-03T09:21:09+00:00","commit":"fe57dac65dc6e9a77c2853928ddefaf502b94cb6"},{"body":"git-svn-id: http://svn.textmate.org/trunk/Bundles/JavaScript.tmbundle@3006 dfb7d73b-c2ec-0310-8fea-fb051d288c6d","author":"Allan Odgaard","summary":"• a quick lookup command for JavaScript using the index from http://devguru.com/","date":"2006-04-12T01:22:15+00:00","commit":"7f118818c27979ed9ccc3787f852c4c54f3f24fc"},{"body":"git-svn-id: http://svn.textmate.org/trunk/Bundles/JavaScript.tmbundle@2977 dfb7d73b-c2ec-0310-8fea-fb051d288c6d","author":"Allan Odgaard","summary":"• all single line comments, bullet points (plain text), and quoted lines (mail) now optionally match the newline character — this is so that when the caret is at the end of the line, the scope is still that of “the line.” This is so key equivalents bound to a given scope (like the ‘enter’ key) also work when typing at the end of the line, which would be expected.","date":"2006-04-09T21:31:30+00:00","commit":"09b9786abd2699d1486e4f49389a1c2c337d4f09"},{"body":"git-svn-id: http://svn.textmate.org/trunk/Bundles/JavaScript.tmbundle@2721 dfb7d73b-c2ec-0310-8fea-fb051d288c6d","author":"Allan Odgaard","summary":"• add prototype snippet from Mike Ter Louw • fix comment character in function snippet","date":"2006-02-20T11:02:30+00:00","commit":"1fae2a0db4692d548f75621c5c5f606c2063f2e4"},{"body":"git-svn-id: http://svn.textmate.org/trunk/Bundles/JavaScript.tmbundle@2461 dfb7d73b-c2ec-0310-8fea-fb051d288c6d","author":"Charilaos Skiadas","summary":"Finished updating dom-1 dictionary.","date":"2005-12-15T04:42:54+00:00","commit":"0fe350eec4a43d46528eac1aed84d63c5fa926b4"},{"body":"git-svn-id: http://svn.textmate.org/trunk/Bundles/JavaScript.tmbundle@2448 dfb7d73b-c2ec-0310-8fea-fb051d288c6d","author":"Charilaos Skiadas","summary":"Simplified regexp for support.constant.js to do look-behind for the dot in front. Helps with the highlight if there is a function and a constant with the same name ( eg prompt, link).","date":"2005-12-14T12:56:42+00:00","commit":"815e64f54a7ca94eb51526e299407f5aa7e88b3f"},{"body":"git-svn-id: http://svn.textmate.org/trunk/Bundles/JavaScript.tmbundle@2447 dfb7d73b-c2ec-0310-8fea-fb051d288c6d","author":"Charilaos Skiadas","summary":"More updating of dom dictionary.","date":"2005-12-14T06:36:11+00:00","commit":"2f6ed8c56f856a85935a334625fce8da7f252805"},{"body":"git-svn-id: http://svn.textmate.org/trunk/Bundles/JavaScript.tmbundle@2446 dfb7d73b-c2ec-0310-8fea-fb051d288c6d","author":"Kevin Ballard","summary":"Commit patch by h0h from #textmate support.function.event-handler.js names are all lowercased, as required by XHTML Regexps are now matched more liberally","date":"2005-12-14T00:36:31+00:00","commit":"388d128a5757e4e844afe7ca01575adce4b8657d"},{"body":"git-svn-id: http://svn.textmate.org/trunk/Bundles/JavaScript.tmbundle@2438 dfb7d73b-c2ec-0310-8fea-fb051d288c6d","author":"Charilaos Skiadas","summary":"Updating the list of dom methods, attributes and constants supported. Work in progress","date":"2005-12-13T16:52:15+00:00","commit":"f7335fdcc257202a263799fad256bf9ed8d74f2b"},{"body":"git-svn-id: http://svn.textmate.org/trunk/Bundles/JavaScript.tmbundle@2173 dfb7d73b-c2ec-0310-8fea-fb051d288c6d","author":"Kevin Ballard","summary":"Add $ as a possible character to start a function name with I don't know what is actually legal, google tells me word and underscore, but $ is obviously legal as I have code here that has methods starting with it.","date":"2005-11-17T19:16:58+00:00","commit":"c38a72ab4f227de8122f67b6c810becc7402a298"},{"body":"git-svn-id: http://svn.textmate.org/trunk/Bundles/JavaScript.tmbundle@2172 dfb7d73b-c2ec-0310-8fea-fb051d288c6d","author":"Allan Odgaard","summary":"• add rule to markup «something» = function (…) as functions (from Tony Arnold)","date":"2005-11-17T14:34:20+00:00","commit":"55f6323e3f7ff152d4a4180c6bced9c751b582fd"},{"body":"git-svn-id: http://svn.textmate.org/trunk/Bundles/JavaScript.tmbundle@2137 dfb7d73b-c2ec-0310-8fea-fb051d288c6d","author":"Allan Odgaard","summary":"• do not markup leading spaces as entity.name.function","date":"2005-11-13T14:13:20+00:00","commit":"f518062a00a6bf4b8bf2297d8dc39d5a775ad43c"},{"body":"git-svn-id: http://svn.textmate.org/trunk/Bundles/JavaScript.tmbundle@2033 dfb7d73b-c2ec-0310-8fea-fb051d288c6d","author":"Allan Odgaard","summary":"• fix regexp rule to not match the // part of comments","date":"2005-10-28T18:07:42+00:00","commit":"194fbbb639b8109469ab6be9d01d24ada6ebb8e0"},{"body":"git-svn-id: http://svn.textmate.org/trunk/Bundles/JavaScript.tmbundle@2017 dfb7d73b-c2ec-0310-8fea-fb051d288c6d","author":"Allan Odgaard","summary":"• updated JavaScript regexp to use look-behind assertion and match escapes inside regexp","date":"2005-10-26T15:23:36+00:00","commit":"c7c4e8ef23c31df986a417a4e45aa3c65ace6c4a"},{"body":"git-svn-id: http://svn.textmate.org/trunk/Bundles/JavaScript.tmbundle@1915 dfb7d73b-c2ec-0310-8fea-fb051d288c6d","author":"Allan Odgaard","summary":"• use pattern for JavaScript functions from Gavin Kistner","date":"2005-10-09T14:26:32+00:00","commit":"6d276b75cea7caf41bd7355eb8533d857f69f557"},{"body":"git-svn-id: http://svn.textmate.org/trunk/Bundles/JavaScript.tmbundle@1886 dfb7d73b-c2ec-0310-8fea-fb051d288c6d","author":"Allan Odgaard","summary":"• new folding marker patterns (from Caio Chassot)","date":"2005-10-06T08:34:44+00:00","commit":"87a6d2368f7d06d85f1520a811f418be11ea10cc"},{"body":"git-svn-id: http://svn.textmate.org/trunk/Bundles/JavaScript.tmbundle@1786 dfb7d73b-c2ec-0310-8fea-fb051d288c6d","author":"Allan Odgaard","summary":"• fixed function pattern (both in folding and meta.function)","date":"2005-09-13T13:12:17+00:00","commit":"ffe8cf38621ec03a7341dccd7c385a722f5ef35c"},{"body":"git-svn-id: http://svn.textmate.org/trunk/Bundles/JavaScript.tmbundle@1407 dfb7d73b-c2ec-0310-8fea-fb051d288c6d","author":"Allan Odgaard","summary":"• changed * to + in regexp match to avoid zero-width matches","date":"2005-08-02T17:22:02+00:00","commit":"4b45bcdd6019a6492fb19f7ccf871afe80e702ee"},{"body":"git-svn-id: http://svn.textmate.org/trunk/Bundles/JavaScript.tmbundle@1369 dfb7d73b-c2ec-0310-8fea-fb051d288c6d","author":"Mats Persson","summary":"-- changed \"declaration.*\" to \"meta.*\" -- corrected some syntax highlighting bugs around the place","date":"2005-07-23T16:22:50+00:00","commit":"f2e1afda98b7545b0767b2eef397b4d70d107b1d"},{"body":"git-svn-id: http://svn.textmate.org/trunk/Bundles/JavaScript.tmbundle@1325 dfb7d73b-c2ec-0310-8fea-fb051d288c6d","author":"Allan Odgaard","summary":"• snippet to create a js function","date":"2005-07-11T23:49:10+00:00","commit":"9ebaf89b901e20dfed0c16e5f9752d151a14bb9f"},{"body":"git-svn-id: http://svn.textmate.org/trunk/Bundles/JavaScript.tmbundle@1275 dfb7d73b-c2ec-0310-8fea-fb051d288c6d","author":"Kevin Ballard","summary":"Add opt-ctrl-shift-J shortcut for JavaScript","date":"2005-07-01T02:03:11+00:00","commit":"a0fbbf80ed7bb89e6689d2c6a9b103dfa2d6a572"},{"body":"git-svn-id: http://svn.textmate.org/trunk/Bundles/JavaScript.tmbundle@1177 dfb7d73b-c2ec-0310-8fea-fb051d288c6d","author":"Allan Odgaard","summary":"More languages updated to new naming scheme.","date":"2005-06-11T15:25:41+00:00","commit":"b5fe735c62bfd6223a8b5816027aa03e81f9eb98"},{"body":"git-svn-id: http://svn.textmate.org/trunk/Bundles/JavaScript.tmbundle@1147 dfb7d73b-c2ec-0310-8fea-fb051d288c6d","author":"Mats Persson","summary":"-- corrected an error in \"keyword.operator.js\"  where a ) was included.","date":"2005-06-03T13:50:37+00:00","commit":"a424fcc2765a59898627ac7c998dba8957fe3156"},{"body":"git-svn-id: http://svn.textmate.org/trunk/Bundles/JavaScript.tmbundle@1031 dfb7d73b-c2ec-0310-8fea-fb051d288c6d","author":"Allan Odgaard","summary":"• Removed start parenthesis (had no matching end parenthesis and was anyway redundant)","date":"2005-05-21T04:48:41+00:00","commit":"cd9f26488389a840e729f3ad3ac6298177e4499f"},{"body":"git-svn-id: http://svn.textmate.org/trunk/Bundles/JavaScript.tmbundle@980 dfb7d73b-c2ec-0310-8fea-fb051d288c6d","author":"Mats Persson","summary":"-- minor reworking of \"keyword.operator.js\" group to work around a HL bug not working on some operators","date":"2005-05-19T16:52:40+00:00","commit":"bcffad5d0e12598af909a5a729b2f61a37e21249"},{"body":"git-svn-id: http://svn.textmate.org/trunk/Bundles/JavaScript.tmbundle@916 dfb7d73b-c2ec-0310-8fea-fb051d288c6d","author":"Allan Odgaard","summary":"Changed all uses of \\&lt; and \\> to \\b. Beta 9 uses oniguruma as regular expression library and doesn't have the former. Other than that, and lack of conditions (?(n)&lt;true>:&lt;false>) (and different syntax for (?R)) then there shouldn't be any compatibility problems. On the positive side, oniguruma has recursive sub-groups, look-behind, is faster, and gives proper error codes for bad regular expressions!","date":"2005-05-15T02:18:40+00:00","commit":"ac271e525fc4916b22468cf1b90c86cbd2bd94f4"},{"body":"git-svn-id: http://svn.textmate.org/trunk/Bundles/JavaScript.tmbundle@835 dfb7d73b-c2ec-0310-8fea-fb051d288c6d","author":"Allan Odgaard","summary":"Minor changes made to rule names.","date":"2005-05-04T01:18:00+00:00","commit":"d0b4c004d453284b0c064301c272a3e536ddc566"},{"body":"git-svn-id: http://svn.textmate.org/trunk/Bundles/JavaScript.tmbundle@829 dfb7d73b-c2ec-0310-8fea-fb051d288c6d","author":"Allan Odgaard","summary":"Using the new entity.* hierarchy for functions, classes, and tags.","date":"2005-05-03T22:36:01+00:00","commit":"e8080c7c481dd56e7c7e62cfba62ea8b57e2c345"},{"body":"This file now will replace the soon to be deleted JavaScript (PHP) file.\n\ngit-svn-id: http://svn.textmate.org/trunk/Bundles/JavaScript.tmbundle@751 dfb7d73b-c2ec-0310-8fea-fb051d288c6d","author":"Mats Persson","summary":"-- Changed scopeName to \"source.js\" instead of \"source.javascript\". Didn't see the need for such a long name. (Might be missing something) -- Added some comments and cleaned it slightly.","date":"2005-04-26T16:00:30+00:00","commit":"93a15fab043f3af8cd709b7b65d25042dcc25ef9"},{"body":"git-svn-id: http://svn.textmate.org/trunk/Bundles/JavaScript.tmbundle@746 dfb7d73b-c2ec-0310-8fea-fb051d288c6d","author":"Kevin Ballard","summary":"Switch JavaScript object matching to be case-sensitive","date":"2005-04-26T09:59:07+00:00","commit":"685853558f50a91b6f4f1aa8ecd2da4f857b9011"},{"body":"git-svn-id: http://svn.textmate.org/trunk/Bundles/JavaScript.tmbundle@744 dfb7d73b-c2ec-0310-8fea-fb051d288c6d","author":"Kevin Ballard","summary":"Update JavaScript syntax to include all of the niceties of the JavaScript (PHP) syntax Update the White background settings to color all of the special JavaScript keyword types nicely","date":"2005-04-26T09:18:33+00:00","commit":"5c1c410fc3244da73bad1b86c654a05ace44c3fb"},{"body":"git-svn-id: http://svn.textmate.org/trunk/Bundles/JavaScript.tmbundle@743 dfb7d73b-c2ec-0310-8fea-fb051d288c6d","author":"Kevin Ballard","summary":"Fix JavaScript regex to not override block comments","date":"2005-04-26T08:15:27+00:00","commit":"08a4a0b9a1f2312f39fe401ad1da9b8cbdb45310"},{"body":"git-svn-id: http://svn.textmate.org/trunk/Bundles/JavaScript.tmbundle@742 dfb7d73b-c2ec-0310-8fea-fb051d288c6d","author":"Kevin Ballard","summary":"Update JavaScript syntax definition for b6 Fix the regex matching to only match regexes (defined as starting a line or following a \"=\" or \"(\" with optional whitespace)","date":"2005-04-26T08:05:12+00:00","commit":"7d67a1e6fb0f12bba4f949901c04efdd5bc65769"},{"body":"git-svn-id: http://svn.textmate.org/trunk/Bundles/JavaScript.tmbundle@649 dfb7d73b-c2ec-0310-8fea-fb051d288c6d","author":"Allan Odgaard","summary":"Changed all names to singular form.","date":"2005-04-22T08:47:20+00:00","commit":"7c933fd75f72c5fa2c69f2039bab15d48dd8f857"},{"body":"git-svn-id: http://svn.textmate.org/trunk/Bundles/JavaScript.tmbundle@622 dfb7d73b-c2ec-0310-8fea-fb051d288c6d","author":"Allan Odgaard","summary":"Moved all bundles. I'm not sure what happens if you do “svn up” and you have modified stuff inside one of the bundles.","date":"2005-04-21T07:41:17+00:00","commit":"f4879a9433d44d1d9806a05af887de593573d1b1"},{"body":"git-svn-id: http://svn.textmate.org/trunk/JavaScript.tmbundle@612 dfb7d73b-c2ec-0310-8fea-fb051d288c6d","author":"Allan Odgaard","summary":"• Added scopeName key to all languages. Most of them as source.&lt;filename>. • Added a language for plain text files, currently just markups bullet points (so I can continue these on 'enter' using a scoped snippet). • Added a new “firstLineMatch” key to Perl, Ruby, and Shell languages. • The C/Objective-C languages use the scopeName in their include directives, this doesn't work for beta 5. • Ruby now includes “source.ruby” when using #{ ... } in strings. • Added capture names to a few languages (objective-c methods, though it's not very consistant, we'll need to discuss how to split up functions and name the various parts). • Removed plist filetype from XML, assuming that people loading a plist into a text editor would generally use the old-style format.","date":"2005-04-21T07:08:56+00:00","commit":"0e59de420d9554953c7a4eec8a0cb48121bbd745"},{"body":"I added a rule to recognize instance variables.\n\ngit-svn-id: http://svn.textmate.org/trunk/JavaScript.tmbundle@526 dfb7d73b-c2ec-0310-8fea-fb051d288c6d","author":"Simon Strandgaard","summary":"I noticed that   RegExp.$3  wasn't colored correct.  The '3' was colored as it were a number.. in this context its an instance variable.","date":"2005-03-22T11:13:31+00:00","commit":"3dd49a9ea758b910178ecf6f57fbc6e30ae1de0d"},{"body":"git-svn-id: http://svn.textmate.org/trunk/JavaScript.tmbundle@182 dfb7d73b-c2ec-0310-8fea-fb051d288c6d","author":"Chris Thomas","summary":"Convert JavaScript to new scheme","date":"2005-02-02T05:53:42+00:00","commit":"30320f1f1a0cb9cad9b2754e33c07533c294bc79"},{"body":"git-svn-id: http://svn.textmate.org/trunk/JavaScript.tmbundle@167 dfb7d73b-c2ec-0310-8fea-fb051d288c6d","author":"Allan Odgaard","summary":"SQL by Carl Forde (and JavaScript meta info).","date":"2005-02-01T02:38:12+00:00","commit":"ac122bec311fcf6c55244005870c88c089bf68c2"},{"body":"git-svn-id: http://svn.textmate.org/trunk/JavaScript.tmbundle@166 dfb7d73b-c2ec-0310-8fea-fb051d288c6d","author":"Allan Odgaard","summary":"JavaScript syntax by Caio Chassot.","date":"2005-02-01T02:31:31+00:00","commit":"ff7f89973bf25a9ebf729c654eed635131352c33"}]}