{"web":"https://github.com/textmate/themes.tmbundle.git/commit/","commits":[{"summary":"Properly color embedded snippets of code","author":"Michael Sheets","date":"2013-09-04T01:07:07-05:00","body":"Thanks to @habermann24","commit":"c75201fe222c1b67a2caf14db3871b5dd55c4cae"},{"summary":"Twilight: Match diff index line style to header style.","author":"Michael Sheets","date":"2013-01-15T02:32:39-06:00","body":"","commit":"050f43dd2397e4d9b9fc9355f2fa42dde5c63211"},{"summary":"Twilight: Ensure doctype tags get fully grayed out.","author":"Michael Sheets","date":"2013-01-15T02:24:13-06:00","body":"","commit":"3ae9a9f04e7fb2643471c0601ef1387f6eef4157"},{"summary":"Twilight: Reduce border contrast and increase warmth of gutter.","author":"Michael Sheets","date":"2013-01-15T02:23:05-06:00","body":"","commit":"ffc158c7c5e0e9c0905dc2029189cba9eef665f3"},{"summary":"Twilight: Add background to code blocks in markup.","author":"Michael Sheets","date":"2013-01-15T02:22:42-06:00","body":"","commit":"6268e278854cb20dfbd85d3fb5031ae7f7e85828"},{"summary":"Twilight: Lighten background to compensate for gamma change in 10.6.","author":"Michael Sheets","date":"2013-01-15T02:22:22-06:00","body":"","commit":"23d425fa6ced9f4eae8264ccfe3c18d3f699d672"},{"summary":"Update Blackboard theme to use new gutter keys","author":"David Reese","date":"2012-08-27T13:17:57-03:00","body":"With changes in gutter styling, the Blackboard gutter styling was much busier. This change makes the styling more reasonable.","commit":"fd121662a8a3813f0c5ebe00507b385626ca9d89"},{"summary":"Add style for folding token.","author":"Michael Sheets","date":"2012-09-11T06:01:24-05:00","body":"","commit":"16f735a6b79a25145fa3bd766a3349008d560910"},{"summary":"Add semanticClass to themes.","author":"Michael Sheets","date":"2012-09-11T02:11:54-05:00","body":"","commit":"89c21c81481caac776121a5e287fc28fe300b45d"},{"summary":"Update color of folded text","author":"Allan Odgaard","date":"2012-09-09T11:37:18+02:00","body":"","commit":"6ce533010b2d5aa14112dd9281b8e67f1a005781"},{"summary":"Add gutter colors to MagicWB theme","author":"Allan Odgaard","date":"2012-09-08T01:14:02+02:00","body":"The calculated colors made the gutter text unreadable.","commit":"fa5e931bd74f9d95352e94d8b16b34bd09911702"},{"summary":"Revert \"Make the background in iPlastic non-transparent\"","author":"Michael Sheets","date":"2012-08-15T02:07:30-05:00","body":"This reverts commit 58f102e87b6a2c8eafaea5f19af82fe8e120115f.","commit":"98aec6a46f1ac637ee786c650f16b8314caadec7"},{"summary":"Make the background in iPlastic non-transparent","author":"Jeroen van der Ham","date":"2011-12-14T14:13:40+01:00","body":"TM2 has no support for transparent backgrounds yet, and it creates some terrible ghosting, so we're making it non-transparent for now.","commit":"58f102e87b6a2c8eafaea5f19af82fe8e120115f"},{"summary":"Limit to block contexts.","author":"Michael Sheets","date":"2011-12-12T03:16:44-06:00","body":"","commit":"9402bda89a60a2cb8a01241af9ce05d286b243b6"},{"summary":"Updated to the latest version of Brilliance Dull","author":"Thomas Aylott","date":"2011-11-15T23:04:31-08:00","body":"","commit":"4eb1b7f40ce4009c2f8fc05a6b88c0f5b4134aa0"},{"summary":"Updated to the latest version of Brilliance Black","author":"Thomas Aylott","date":"2011-11-15T23:04:24-08:00","body":"","commit":"1f99709aba36635adb6335ba481fba2902b94aed"},{"summary":"Trim down default themes.","author":"Michael Sheets","date":"2011-12-10T15:29:22-06:00","body":"","commit":"ac0584c18d18f755866c3c99dd2098470a589752"},{"summary":"Better support of meta.embedded","author":"Michael Sheets","date":"2011-12-10T15:21:23-06:00","body":"","commit":"7427540acfb7a3b7f2da72413e6c6df019463ae1"},{"summary":"Reduce heading sizes slightly.","author":"Michael Sheets","date":"2011-12-09T01:28:12-06:00","body":"","commit":"2875fef2313b2209d4f832ece096810479ca8a74"},{"summary":"Use a different size for each heading level.","author":"Michael Sheets","date":"2011-12-07T04:17:26-06:00","body":"","commit":"8821f7351542b18c4983d40f83315082c5cf8fbf"},{"summary":"Add readme.","author":"Michael Sheets","date":"2011-11-12T04:16:38-06:00","body":"","commit":"9af146748ca3f0d3935985b6c731ccc7781831d9"},{"summary":"Add embedded scope.","author":"Michael Sheets","date":"2011-11-10T19:51:34-06:00","body":"","commit":"b9510d0ff85e845d0b2cfb751340e061ab2d0915"},{"summary":"Change scopes to match new svn-commit grammar.","author":"Michael Sheets","date":"2011-09-08T01:00:36-05:00","body":"","commit":"dee31f8bd5a866bd105937e1501dcdf374b374dc"},{"summary":"Add (font) styles for various markup elements.","author":"Allan Odgaard","date":"2011-08-22T21:11:20+02:00","body":"","commit":"c6a4f91fff60ad09a29893d97b6d9f6e9f5fa5b6"},{"summary":"Add caret/selection colors for the invalid scope.","author":"Allan Odgaard","date":"2011-05-22T20:52:29+02:00","body":"","commit":"5889454a52c13a153b7be2d117f5d0f2a77144a4"},{"summary":"Setup TM_THEME_PATH variable.","author":"Allan Odgaard","date":"2011-05-19T19:34:14+02:00","body":"This is used by the “web preview” styling system.","commit":"30f51d5c72bce4b8e904eb887a9d12f08413843c"},{"summary":"Print stylesheet for web preview: Remove underlining of links. Links will now be bold and have a brown/dark orange color. See http://www.alistapart.com/articles/goingtoprint/ for reference.","author":"Stanley Rost","date":"2010-05-16T16:05:47+00:00","body":"git-svn-id: http://svn.textmate.org/trunk/Support/themes@11940 dfb7d73b-c2ec-0310-8fea-fb051d288c6d","commit":"761c421475cc3afb7d41b6f6773a28e8b1944042"},{"summary":"Use a moon instead of gears in the teaser image for the “night” HTML output theme.","author":"Alex Ross","date":"2008-11-26T00:55:15+00:00","body":"git-svn-id: http://svn.textmate.org/trunk/Support/themes@10872 dfb7d73b-c2ec-0310-8fea-fb051d288c6d","commit":"dcf92960e756dd981f257faa918687e88b0fb9de"},{"summary":"• Don't underline a tags unless the mouse is hovering.","author":"Alex Ross","date":"2008-10-05T14:24:58+00:00","body":"git-svn-id: http://svn.textmate.org/trunk/Support/themes@10676 dfb7d73b-c2ec-0310-8fea-fb051d288c6d","commit":"42fa3b50e16e0f0613fa652423896221c751f448"},{"summary":"New style “Night” for html output commands. It's not purple or black!","author":"Alex Ross","date":"2008-10-02T15:10:03+00:00","body":"git-svn-id: http://svn.textmate.org/trunk/Support/themes@10664 dfb7d73b-c2ec-0310-8fea-fb051d288c6d","commit":"c0e377a291631c80ccb58765c7a87e950d7d2d22"},{"summary":"Added another font as fallback so everyone gets numbers aligned correctly when printing.","author":"Stanley Rost","date":"2007-12-26T22:22:27+00:00","body":"git-svn-id: http://svn.textmate.org/trunk/Support/themes@8725 dfb7d73b-c2ec-0310-8fea-fb051d288c6d","commit":"f5356bb2566d4846cb534af6ef6f3c7164591614"},{"summary":"Add some margins to the print stylesheet so the pages can be stapled without losing content.","author":"Michael Sheets","date":"2007-03-19T21:02:42+00:00","body":"git-svn-id: http://svn.textmate.org/trunk/Support/themes@6849 dfb7d73b-c2ec-0310-8fea-fb051d288c6d","commit":"389f296f4d981ac40f1ae6bbf583f63c2918b0e4"},{"summary":"• Added a global alternate colour per theme","author":"Stanley Rost","date":"2006-11-08T23:14:10+00:00","body":"git-svn-id: http://svn.textmate.org/trunk/Support/themes@6028 dfb7d73b-c2ec-0310-8fea-fb051d288c6d","commit":"c4a0a91344c1423b4d81278b5b249cfecba6d6ee"},{"summary":"Consolidate the print css in a separate file: Fix header appearing when printing. Small change to web_preview.rb to make it output valid HTML.","author":"Frédéric Ballériaux","date":"2006-10-31T02:34:52+00:00","body":"git-svn-id: http://svn.textmate.org/trunk/Support/themes@5792 dfb7d73b-c2ec-0310-8fea-fb051d288c6d","commit":"a3d9d2db3fb9064633d7c138fd58932f631cf8a5"},{"summary":"• Changed the selection colour to something more fitting. Unfortunately there seems to be a bug in Webkit (even latest nightly) where the selection colour is not applied to generated content, like list items.","author":"Stanley Rost","date":"2006-10-29T22:33:19+00:00","body":"git-svn-id: http://svn.textmate.org/trunk/Support/themes@5736 dfb7d73b-c2ec-0310-8fea-fb051d288c6d","commit":"9d72d608147ae88b21684393335c77987a600e6e"},{"summary":"• Moved bundle-specific CSS to respective bundles • Include Styles dynamically now by scanning the `themes` directory","author":"Stanley Rost","date":"2006-10-29T20:08:37+00:00","body":"git-svn-id: http://svn.textmate.org/trunk/Support/themes@5721 dfb7d73b-c2ec-0310-8fea-fb051d288c6d","commit":"4c74454547b41a309e4d7d5643f0a7c6a10c05d8"},{"summary":"° Restructured the Webpreview to easily allow Theming. • Included a seasonal Theme. • Themes are based on the default theme (called “no colors” previously) and override css attributes • Assets like images are kept separately per theme. Switching a theme will not result in loading the new themes images. I might do this per JavaScript in the future, though. • Pumpkin Image taken from: http://en.wikipedia.org/wiki/Image:Jack-o%27-Lantern_2003-10-31.jpg. Photograph by Toby Ord on 31 Oct 2003. [Creative Commons Attribution ShareAlike 2.5]","author":"Stanley Rost","date":"2006-10-29T05:11:51+00:00","body":"git-svn-id: http://svn.textmate.org/trunk/Support/themes@5682 dfb7d73b-c2ec-0310-8fea-fb051d288c6d","commit":"a37131e83ff24eca07568aa56bbc0a178d91cada"},{"summary":"Color changes","author":"Aparajita Fishman","date":"2009-09-26T17:26:22+00:00","body":"git-svn-id: http://svn.textmate.org/trunk/Themes@11764 dfb7d73b-c2ec-0310-8fea-fb051d288c6d","commit":"dcd07cb503461b9f30c8d567f72d968e0517e720"},{"summary":"• a scope selector was using ‘||’ instead of ‘|’.","author":"Allan Odgaard","date":"2009-05-27T07:39:55+00:00","body":"Since the empty string is a valid scope selector (matching everything) adding ‘||’ would make it match everything (though it was used in an asymmetric difference, so the style was never used).\n\ngit-svn-id: http://svn.textmate.org/trunk/Themes@11567 dfb7d73b-c2ec-0310-8fea-fb051d288c6d","commit":"0635502e6a3c8ca63c05cb80cdcb372a9c1340ce"},{"summary":"A tiny tweak to make the line height visible in this theme.","author":"James Edward Gray II","date":"2009-02-05T17:25:48+00:00","body":"git-svn-id: http://svn.textmate.org/trunk/Themes@11238 dfb7d73b-c2ec-0310-8fea-fb051d288c6d","commit":"b7d0bb9aef1ffccca2fada0893d033c36979d995"},{"summary":"White markdown","author":"Thomas Aylott","date":"2008-08-09T21:19:31+00:00","body":"git-svn-id: http://svn.textmate.org/trunk/Themes@10395 dfb7d73b-c2ec-0310-8fea-fb051d288c6d","commit":"50f446bc5c6f1daeda12f16573dcf4ff43353d9e"},{"summary":"color tweak","author":"Aparajita Fishman","date":"2008-08-05T21:53:49+00:00","body":"git-svn-id: http://svn.textmate.org/trunk/Themes@10377 dfb7d73b-c2ec-0310-8fea-fb051d288c6d","commit":"cc8c32f5b5ad02f12b172335b842639e632b19d6"},{"summary":"Better CSS stylin' Added Browser vendor colors for css rules","author":"Thomas Aylott","date":"2008-03-21T22:11:36+00:00","body":"git-svn-id: http://svn.textmate.org/trunk/Themes@9190 dfb7d73b-c2ec-0310-8fea-fb051d288c6d","commit":"8cb02d7d5c73ad67fdbc326ab34b468b9172b19c"},{"summary":"Corrected recently changed css scopes","author":"Thomas Aylott","date":"2008-03-20T20:15:36+00:00","body":"git-svn-id: http://svn.textmate.org/trunk/Themes@9169 dfb7d73b-c2ec-0310-8fea-fb051d288c6d","commit":"87532d35dd9b4a6c7116590f4b352cdb4431b2c2"},{"summary":"Improved CSS Selector attribute selectors and punctuation","author":"Thomas Aylott","date":"2008-03-19T15:18:05+00:00","body":"git-svn-id: http://svn.textmate.org/trunk/Themes@9158 dfb7d73b-c2ec-0310-8fea-fb051d288c6d","commit":"83f8d7d18b7a32001f8afa7750ce97009ae366eb"},{"summary":"tweak to Dawn theme","author":"David Powers","date":"2008-02-28T15:08:34+00:00","body":"git-svn-id: http://svn.textmate.org/trunk/Themes@9020 dfb7d73b-c2ec-0310-8fea-fb051d288c6d","commit":"2746dd84db7e3ba0d6a40000c42278854cb73460"},{"summary":"Fixed the look of functions defined inside a function call","author":"Thomas Aylott","date":"2007-12-23T01:41:33+00:00","body":"git-svn-id: http://svn.textmate.org/trunk/Themes@8703 dfb7d73b-c2ec-0310-8fea-fb051d288c6d","commit":"23de1aeebc9a1b945eae6f9d8e1cc0721ed25c2e"},{"summary":"Tweaked scopes","author":"Thomas Aylott","date":"2007-12-10T16:12:53+00:00","body":"git-svn-id: http://svn.textmate.org/trunk/Themes@8638 dfb7d73b-c2ec-0310-8fea-fb051d288c6d","commit":"998a96e1c48852e8e032e364ad25412d30c200a1"},{"summary":"Tweaked design slightly. Improved nested block backgrounds","author":"Thomas Aylott","date":"2007-12-10T16:11:27+00:00","body":"git-svn-id: http://svn.textmate.org/trunk/Themes@8637 dfb7d73b-c2ec-0310-8fea-fb051d288c6d","commit":"6ab608570a3fe79659c51c9ff46b82f1325fb147"},{"summary":"oops, accidentally killed author (i.e. me)in last revision","author":"Jacob Rus","date":"2007-10-02T12:13:17+00:00","body":"git-svn-id: http://svn.textmate.org/trunk/Themes@8244 dfb7d73b-c2ec-0310-8fea-fb051d288c6d","commit":"16c607bf9c630a167969ddb4d5e9bdfdf16d6042"},{"summary":"update cobalt theme","author":"Jacob Rus","date":"2007-10-02T12:06:39+00:00","body":"git-svn-id: http://svn.textmate.org/trunk/Themes@8242 dfb7d73b-c2ec-0310-8fea-fb051d288c6d","commit":"7ac2a3cb5d06ed3795ede2df9d799121b235b45b"},{"summary":"Reduced the brightness of constants a bit and added a background color for `meta.function.section' to make section headings stand out better in LaTeX.","author":"Alex Ross","date":"2007-09-07T00:37:51+00:00","body":"git-svn-id: http://svn.textmate.org/trunk/Themes@8126 dfb7d73b-c2ec-0310-8fea-fb051d288c6d","commit":"d74a731be5f561e0a59da6f588b55b846a55826a"},{"summary":"Updated to keep inline with Brilliance Black's scopes and colors, but modified to the dull palette","author":"Thomas Aylott","date":"2007-08-08T22:26:06+00:00","body":"git-svn-id: http://svn.textmate.org/trunk/Themes@7932 dfb7d73b-c2ec-0310-8fea-fb051d288c6d","commit":"c9e56ab6749631776ab55bf396ac7e91c22b495f"},{"summary":"make highlighting bolder in Dawn","author":"David Powers","date":"2007-06-29T14:52:16+00:00","body":"git-svn-id: http://svn.textmate.org/trunk/Themes@7633 dfb7d73b-c2ec-0310-8fea-fb051d288c6d","commit":"2ac955e1945b2edaf4bbb182c0d7a43347373126"},{"summary":"Incremental improvements, edge cases &amp; updated to work with improved syntaxes","author":"Thomas Aylott","date":"2007-06-26T16:45:30+00:00","body":"git-svn-id: http://svn.textmate.org/trunk/Themes@7591 dfb7d73b-c2ec-0310-8fea-fb051d288c6d","commit":"aa2e228d50ee9e6ea637bec1b51d3918993f2d99"},{"summary":"I've added an “author” key to each of the themes in the repository, taking a best guess at the value from using ‘svn log’. Apologies if any of them are wrong, please go ahead and correct them.","author":"Ciarán Walsh","date":"2007-06-11T14:56:57+00:00","body":"git-svn-id: http://svn.textmate.org/trunk/Themes@7505 dfb7d73b-c2ec-0310-8fea-fb051d288c6d","commit":"c2fcd871773e33529fecd77fd484f8aa9b66fe8b"},{"summary":"Restore method 'parameter name' highlighting.","author":"Chris Thomas","date":"2007-06-04T14:21:50+00:00","body":"git-svn-id: http://svn.textmate.org/trunk/Themes@7433 dfb7d73b-c2ec-0310-8fea-fb051d288c6d","commit":"f736d04af156f2cfb841f0fe66eb5c5a65ffbf2a"},{"summary":"• fix typo in Meta.separator item title","author":"Allan Odgaard","date":"2007-03-31T04:55:33+00:00","body":"git-svn-id: http://svn.textmate.org/trunk/Themes@6922 dfb7d73b-c2ec-0310-8fea-fb051d288c6d","commit":"836ebf0f33b17efde1d69416f5415d74d7922c17"},{"summary":"Change embedded color to light gray, and add a second level.","author":"Chris Thomas","date":"2007-03-16T16:12:22+00:00","body":"git-svn-id: http://svn.textmate.org/trunk/Themes@6827 dfb7d73b-c2ec-0310-8fea-fb051d288c6d","commit":"bd54c2fccd50e59e00f910dd5af360313eb6ecba"},{"summary":"mac classic theme: triple saturation of selection color, and drop its opacity by 2/3. this should make it show up better against embedded source.","author":"Jacob Rus","date":"2007-03-16T14:41:50+00:00","body":"git-svn-id: http://svn.textmate.org/trunk/Themes@6826 dfb7d73b-c2ec-0310-8fea-fb051d288c6d","commit":"b2ca97e9b565ba941636fe4b4de87f0252ba07f5"},{"summary":"tweaks for OCaml display","author":"David Powers","date":"2007-03-05T15:20:10+00:00","body":"git-svn-id: http://svn.textmate.org/trunk/Themes@6732 dfb7d73b-c2ec-0310-8fea-fb051d288c6d","commit":"d1590edc322649b2518ab5f82fd3ca1d5f21895b"},{"summary":"Removed support for an invalid scope (thanks Infininight!) Added support for OCAML (probly still ugly, but much less ugly) Tweakes","author":"Thomas Aylott","date":"2007-02-15T04:29:48+00:00","body":"git-svn-id: http://svn.textmate.org/trunk/Themes@6594 dfb7d73b-c2ec-0310-8fea-fb051d288c6d","commit":"d20a8b57f946e02e6df3dfc17624bd54bf7249c8"},{"summary":"Fixed the scopes corresponding to the ocallex/ocamlyacc fixes","author":"William D. Neumann","date":"2007-02-14T20:14:49+00:00","body":"William D. Neumann\n\ngit-svn-id: http://svn.textmate.org/trunk/Themes@6592 dfb7d73b-c2ec-0310-8fea-fb051d288c6d","commit":"4a28f7ddae4a05aadf4d12a1269e2a5eb7974c5c"},{"summary":"Added invalid.deprecated rule...","author":"William D. Neumann","date":"2007-02-14T19:26:16+00:00","body":"William D. Neumann\n\ngit-svn-id: http://svn.textmate.org/trunk/Themes@6589 dfb7d73b-c2ec-0310-8fea-fb051d288c6d","commit":"f445b46188df44fe175b82f32dc7eed574f0ea8f"},{"summary":"Punctuation is now colored more appropriately in the Amy theme.","author":"William D. Neumann","date":"2007-02-13T23:01:53+00:00","body":"William D. Neumann\n\ngit-svn-id: http://svn.textmate.org/trunk/Themes@6584 dfb7d73b-c2ec-0310-8fea-fb051d288c6d","commit":"f3768ce913f113842b08440219689442e2261c3f"},{"summary":"And yet another minor tweak to the Amy theme that I'm not sure I like, but makes the colors a bit more uniform.","author":"William D. Neumann","date":"2007-02-13T19:36:38+00:00","body":"William D. Neumann\n\ngit-svn-id: http://svn.textmate.org/trunk/Themes@6582 dfb7d73b-c2ec-0310-8fea-fb051d288c6d","commit":"1d10fb7c0c76ae3b6dfb357cfb6a1c26948320f2"},{"summary":"A couple of tweaks, and addition of some ocamlyacc specific stuff.","author":"William D. Neumann","date":"2007-02-13T19:03:05+00:00","body":"William D. Neumann\n\ngit-svn-id: http://svn.textmate.org/trunk/Themes@6579 dfb7d73b-c2ec-0310-8fea-fb051d288c6d","commit":"f1f206b74f4f73f4d6b2bf1e7afef62b623e9263"},{"summary":"Updated to better color embedded html in source code. I'm still hopeful for a proper replacement for the current HTML language. We need one that can be embedded and a wrapper for it that handles complex nesting and imports for first.","author":"Thomas Aylott","date":"2007-01-18T17:43:05+00:00","body":"git-svn-id: http://svn.textmate.org/trunk/Themes@6459 dfb7d73b-c2ec-0310-8fea-fb051d288c6d","commit":"8cb401827ac03447c5f9bf188cf81398d010fd9d"},{"summary":"Butter support for leading space in ruby experimental an others","author":"Thomas Aylott","date":"2007-01-15T23:29:17+00:00","body":"git-svn-id: http://svn.textmate.org/trunk/Themes@6452 dfb7d73b-c2ec-0310-8fea-fb051d288c6d","commit":"5e0ca5739d74e59a29f39a9910f3ecb07ac3a49a"},{"summary":"Dawn theme tweak","author":"David Powers","date":"2007-01-04T20:48:05+00:00","body":"git-svn-id: http://svn.textmate.org/trunk/Themes@6430 dfb7d73b-c2ec-0310-8fea-fb051d288c6d","commit":"8ade77c26c5f018327585e93e14f0c56fff8638d"},{"summary":"Better coloring for Mail and Blog posts","author":"Thomas Aylott","date":"2006-11-15T16:38:45+00:00","body":"git-svn-id: http://svn.textmate.org/trunk/Themes@6144 dfb7d73b-c2ec-0310-8fea-fb051d288c6d","commit":"fb5945f65e2736fdd5779d40e33dfc396591888b"},{"summary":"Replaced punctuation.delimiters with punctuation.separator","author":"Thomas Aylott","date":"2006-11-14T22:03:31+00:00","body":"git-svn-id: http://svn.textmate.org/trunk/Themes@6133 dfb7d73b-c2ec-0310-8fea-fb051d288c6d","commit":"f5aba5e64aa57f5540053aa681318b0856e038c2"},{"summary":"New Theme. Brilliance Dull. Exactly like Brilliance Black but will a lot less saturation","author":"Thomas Aylott","date":"2006-11-14T07:34:48+00:00","body":"git-svn-id: http://svn.textmate.org/trunk/Themes@6118 dfb7d73b-c2ec-0310-8fea-fb051d288c6d","commit":"49b90e97a78f403c71a42eb3b0129c1714d6e076"},{"summary":"Tone down method calls without arguments","author":"Thomas Aylott","date":"2006-11-12T07:49:11+00:00","body":"git-svn-id: http://svn.textmate.org/trunk/Themes@6081 dfb7d73b-c2ec-0310-8fea-fb051d288c6d","commit":"c1aa90db0a9fde0ad80b90f3bc0aefb5a699dada"},{"summary":"Support for more specific keyword.operators (see Ruby Experimental or Python)","author":"Thomas Aylott","date":"2006-11-12T06:50:28+00:00","body":"git-svn-id: http://svn.textmate.org/trunk/Themes@6080 dfb7d73b-c2ec-0310-8fea-fb051d288c6d","commit":"8d2a1dcc5b5b63eb583b74700b7f5eee7d2a490b"},{"summary":"Better function and function-call handling. Better Punctuation coloring. Need to retest in non web related languages. Javascript needs help","author":"Thomas Aylott","date":"2006-11-11T13:27:43+00:00","body":"git-svn-id: http://svn.textmate.org/trunk/Themes@6068 dfb7d73b-c2ec-0310-8fea-fb051d288c6d","commit":"debee04644cd1f972736fcc36d77296a9d0ed33c"},{"summary":"Just a simple theme I've been using lately that's inspired by a young lady who chooses most of her clothing from the \"bruise palette\".","author":"William D. Neumann","date":"2006-11-10T20:57:24+00:00","body":"git-svn-id: http://svn.textmate.org/trunk/Themes@6064 dfb7d73b-c2ec-0310-8fea-fb051d288c6d","commit":"a7701c462ed839e0e107f3e69a0773017e0f47e3"},{"summary":"yay more betternesses of doom (its 3am) AKA Deuglification 2.0","author":"Thomas Aylott","date":"2006-11-08T08:11:55+00:00","body":"git-svn-id: http://svn.textmate.org/trunk/Themes@6007 dfb7d73b-c2ec-0310-8fea-fb051d288c6d","commit":"2831470744324d5fc68c54e94e655f7c2c179386"},{"summary":"Updated to better support teh new hotnesses of punctuation and Ruby Experimental","author":"Thomas Aylott","date":"2006-11-07T15:25:34+00:00","body":"git-svn-id: http://svn.textmate.org/trunk/Themes@5985 dfb7d73b-c2ec-0310-8fea-fb051d288c6d","commit":"3b6c4f7e0295e6d3ca24ff72d00917f0e55f23b2"},{"summary":"Support for punctuation and various other tweaks","author":"Thomas Aylott","date":"2006-10-30T23:18:46+00:00","body":"git-svn-id: http://svn.textmate.org/trunk/Themes@5784 dfb7d73b-c2ec-0310-8fea-fb051d288c6d","commit":"2ea343784fec34924408d664c820a96efabb4f89"},{"summary":"Fix String embedded highlighting to work for just \"string source\" rather than \"string.quoted source\" - makes `#{test}` work in Ruby","author":"Kevin Ballard","date":"2006-10-30T20:02:12+00:00","body":"git-svn-id: http://svn.textmate.org/trunk/Themes@5781 dfb7d73b-c2ec-0310-8fea-fb051d288c6d","commit":"6b50c891034a2fc209a345f1f4db0534827d4d55"},{"summary":"update to the Cobalt theme. hope no one is upset at the changes :p","author":"Jacob Rus","date":"2006-10-29T23:25:40+00:00","body":"git-svn-id: http://svn.textmate.org/trunk/Themes@5740 dfb7d73b-c2ec-0310-8fea-fb051d288c6d","commit":"01a930bfd6fe3c5fdcce580a58108ef1e5c9babd"},{"summary":"A new light-on-dark theme.","author":"Alex Ross","date":"2006-10-28T00:46:00+00:00","body":"git-svn-id: http://svn.textmate.org/trunk/Themes@5672 dfb7d73b-c2ec-0310-8fea-fb051d288c6d","commit":"08a06d3cdc15dab19bf1059f8abc407af50852c0"},{"summary":"• make markup.raw show in a style reminiscent of WP • make objective-c methods (when calling them) show in italic and normal text color","author":"Allan Odgaard","date":"2006-10-25T13:30:24+00:00","body":"git-svn-id: http://svn.textmate.org/trunk/Themes@5628 dfb7d73b-c2ec-0310-8fea-fb051d288c6d","commit":"b7b7dcebd495f00591a14f3fcaba92b0feec23dd"},{"summary":"• Change meta.delimiter.statement to punctuation.terminator.statement to match javascript change.","author":"Michael Sheets","date":"2006-10-05T02:57:35+00:00","body":"git-svn-id: http://svn.textmate.org/trunk/Themes@5374 dfb7d73b-c2ec-0310-8fea-fb051d288c6d","commit":"01589f8d0adc58b6c48ccfe55773850e32d7f8b1"},{"summary":"Followed changes in scopes in the LaTeX bundle.","author":"Charilaos Skiadas","date":"2006-09-12T19:03:51+00:00","body":"git-svn-id: http://svn.textmate.org/trunk/Themes@5184 dfb7d73b-c2ec-0310-8fea-fb051d288c6d","commit":"be2ac4efa54d4835dc4587d1fc64b45b28b0ce2d"},{"summary":"Add punctuation separator coloration","author":"David Powers","date":"2006-09-12T17:17:32+00:00","body":"git-svn-id: http://svn.textmate.org/trunk/Themes@5181 dfb7d73b-c2ec-0310-8fea-fb051d288c6d","commit":"0ea11287ba9b8584c994dbecbc9202238895230c"},{"summary":"Update themes to use new scopes from Latex.","author":"Michael Sheets","date":"2006-09-12T09:35:55+00:00","body":"git-svn-id: http://svn.textmate.org/trunk/Themes@5172 dfb7d73b-c2ec-0310-8fea-fb051d288c6d","commit":"5ac73c02bde20d039b7eb14045c5b614b999dabe"},{"summary":"cover string punctuation in string scope","author":"David Powers","date":"2006-09-11T16:34:58+00:00","body":"git-svn-id: http://svn.textmate.org/trunk/Themes@5161 dfb7d73b-c2ec-0310-8fea-fb051d288c6d","commit":"3350bbb44b912682b2401577f4c57322375bee30"},{"summary":"Add a dead simple punctuation scope to Dawn","author":"David Powers","date":"2006-09-10T20:32:31+00:00","body":"git-svn-id: http://svn.textmate.org/trunk/Themes@5153 dfb7d73b-c2ec-0310-8fea-fb051d288c6d","commit":"657689b10de2184638765bf309c5a2e3408b4772"},{"summary":"Fixed a few crufty things in Zenburnesque and Slush &amp; Poppies","author":"William D. Neumann","date":"2006-09-07T18:01:30+00:00","body":"-This line, and those below, will be ignored--\n\nM    Themes/Zenburnesque.tmTheme\nM    Themes/Slush &amp; Poppies.tmTheme\n\ngit-svn-id: http://svn.textmate.org/trunk/Themes@5112 dfb7d73b-c2ec-0310-8fea-fb051d288c6d","commit":"92ded0ff8a7c27e602389e19cf1a212f4cd05dbb"},{"summary":"support the existing leading-tabs standard meta scope instead of reinventing the wheel. The themes are now updated","author":"Thomas Aylott","date":"2006-08-15T23:22:34+00:00","body":"git-svn-id: http://svn.textmate.org/trunk/Themes@4789 dfb7d73b-c2ec-0310-8fea-fb051d288c6d","commit":"f8c18625d3ba4bfc8347bea0cb3216fd91a78467"},{"summary":"FIXED: Moved the class type part of the grammar above the class section to keep class types from being hijacked.","author":"William D. Neumann","date":"2006-08-15T17:47:34+00:00","body":"Added ':' as a possible end marker for methods so things are handled properly in class\ntype definitions. Note, however that this causes the method name in the type definition\nto also appear in the symbol list, but I'm not sure that's bad.\n\nCorrected the spelling of tuple.\n\nChanged the end pattern for meta.object.ocaml to allow for optional ;; after the 'end'.\n\nChanged tag on the input and really_input snippets to inp and rinp respectively to\navoid a collision with the trigger for stdin.\n\nTODO (anyone , feel free to take these as I may be a while getting around to them):\n\nNeed to fix the tuple definition, as it is catching constructs like:\nlet f (a : int) b = ...\nand labeling the (a : int) as a tuple.  Also, the int is being considered a parameter\nof the function and not a type, as it should be.  This might be fixed by matching on,\nsay (\\()([^,],)+(\\)), but match patterns can't have sub-patterns, so something\nslightly different is needed.\n\nFolding markers are messed up for classes and modules... this needs fixing if possible.\n\nClass parameters (e.g. the xx, yy, and zz in class blah xx yy zz = ...) aren't given\nany scope other than source.ocaml.  This may or may not be worth fixing.\n\nQUESTIONS:\nFolding markers for let function bindings are also pretty silly.  I'm wondering if\nthese shouldn't just be removed, as they are next to useless, and do little more than\nadd extraneous fold start markers to the window.  Does anyone else agree?\n\nWhy are true and false labeled as \"constant.language.pseudo-variable.ocaml\"?\nWouldn't constant.boolean.ocaml be better?\n\nWilliam D. Neumann\n\ngit-svn-id: http://svn.textmate.org/trunk/Themes@4777 dfb7d73b-c2ec-0310-8fea-fb051d288c6d","commit":"ae4a09e89e178da17459a74a0aeb02a3e2b24b38"},{"summary":"(Part of the global rename of entity.name.class to entity.name.type)","author":"Michael Sheets","date":"2006-08-15T09:41:34+00:00","body":"Rename entity.name.class to entity.name.type; update name.\n\ngit-svn-id: http://svn.textmate.org/trunk/Themes@4763 dfb7d73b-c2ec-0310-8fea-fb051d288c6d","commit":"470502c92bad3f904e89ef69c35d509b8097eed2"},{"summary":"(Part of the global rename of entity.name.class to entity.name.type)","author":"Michael Sheets","date":"2006-08-15T09:40:41+00:00","body":"• Renamed entity.name.class to entity.name.type, update name.\n• Renamed entity.name.type.type to entity.name.type.type, update name.\n• Renamed entity.name.class.class.type to entity.name.type.class.type, update name.\n• Deleted entity.name.class.virtual, was used in OCaml but isn't any longer.\n\ngit-svn-id: http://svn.textmate.org/trunk/Themes@4762 dfb7d73b-c2ec-0310-8fea-fb051d288c6d","commit":"f421a71f9f7d1e76bdd0cb68ab46eeb0f165d1b7"},{"summary":"(Part of the global rename of entity.name.class to entity.name.type)","author":"Michael Sheets","date":"2006-08-15T09:40:23+00:00","body":"• Renamed entity.name.class to entity.name.type, update name.\n• Renamed entity.name.type.type to entity.name.type.type, update name.\n• Renamed entity.name.class.class.type to entity.name.type.class.type, update name.\n• Deleted entity.name.class.virtual, was used in OCaml but isn't any longer.\n\ngit-svn-id: http://svn.textmate.org/trunk/Themes@4761 dfb7d73b-c2ec-0310-8fea-fb051d288c6d","commit":"7796fcfb3f1c17083b88270e0fbef51cc30aea56"},{"summary":"brighten up block level html tags and other html specific tweaks","author":"Thomas Aylott","date":"2006-08-14T16:50:47+00:00","body":"git-svn-id: http://svn.textmate.org/trunk/Themes@4742 dfb7d73b-c2ec-0310-8fea-fb051d288c6d","commit":"227c70112a8a5c22b95e39416b06ec44c822ac08"},{"summary":"Match constant.language.this to variable.language.this change from the grammar.","author":"Michael Sheets","date":"2006-08-14T09:21:49+00:00","body":"git-svn-id: http://svn.textmate.org/trunk/Themes@4739 dfb7d73b-c2ec-0310-8fea-fb051d288c6d","commit":"4b7e7b17acdd22dc59b0eb98c21eda8224dd0d54"},{"summary":"Improvements to Dawn, stronger colors","author":"David Powers","date":"2006-08-13T02:47:38+00:00","body":"git-svn-id: http://svn.textmate.org/trunk/Themes@4709 dfb7d73b-c2ec-0310-8fea-fb051d288c6d","commit":"4de4cd67024105ce3ce7381d461f6fd4f82a0a8d"},{"summary":"Initial support for xCodes \"ribbon scope highlighter\"","author":"Thomas Aylott","date":"2006-08-11T16:43:48+00:00","body":"git-svn-id: http://svn.textmate.org/trunk/Themes@4683 dfb7d73b-c2ec-0310-8fea-fb051d288c6d","commit":"8a6bfce580b269a8cb342710b2189fe92f37814a"},{"summary":"Add Dawn theme","author":"David Powers","date":"2006-08-05T14:08:07+00:00","body":"git-svn-id: http://svn.textmate.org/trunk/Themes@4563 dfb7d73b-c2ec-0310-8fea-fb051d288c6d","commit":"2051f9e0de00ba461cd6f64cac770bc6eb86f9ad"},{"summary":"• use “markup.quote markup.quote” as scope selector to target double-quoted text • set a background color for markup.raw","author":"Allan Odgaard","date":"2006-08-04T18:21:41+00:00","body":"git-svn-id: http://svn.textmate.org/trunk/Themes@4553 dfb7d73b-c2ec-0310-8fea-fb051d288c6d","commit":"27d498b3089908b933746baed7ffc47042f23afd"},{"summary":"Fix themes for new OCaml scoping","author":"David Powers","date":"2006-07-23T02:04:34+00:00","body":"git-svn-id: http://svn.textmate.org/trunk/Themes@4478 dfb7d73b-c2ec-0310-8fea-fb051d288c6d","commit":"8214513a29b8dad129243dca8c0990f907b60c30"},{"summary":"Catch changes to the OCaml scopes used in these themes:","author":"Michael Sheets","date":"2006-07-22T23:59:19+00:00","body":"• Change entity.name.type to storage.type\n• Change entity.name.type.class to storage.type.class\n\ngit-svn-id: http://svn.textmate.org/trunk/Themes@4476 dfb7d73b-c2ec-0310-8fea-fb051d288c6d","commit":"f3950048b478b54efcf5197eca487187190863df"},{"summary":"Merge in needed changes to match recent updates to various scopes.","author":"Michael Sheets","date":"2006-07-21T23:38:31+00:00","body":"• Change string.regexp constant.character.escaped to string.regexp constant.character.escape\n• Change other.preprocessor.c to meta.preprocessor.c\n• Change other.preprocessor.c entity to meta.preprocessor.c entity\n• Change declaration.* to meta.*\n• Change entity.other.namespace to entity.name.tag.namespace\n• Remove outdated marup.hr rule.\n• Change meta.preprocessor.c entity to meta.preprocessor.c keyword\n• Change entity.name.tag.namespace to entity.name.tag.namespace, entity.other.attribute-name.namespace\n\ngit-svn-id: http://svn.textmate.org/trunk/Themes@4456 dfb7d73b-c2ec-0310-8fea-fb051d288c6d","commit":"a3be207e4a21d81c799f82d92247f65afa89e142"},{"summary":"Latest edition of SunBurst from the venerable Soryo. Dont blame the messenger.","author":"Thomas Aylott","date":"2006-07-21T23:07:19+00:00","body":"git-svn-id: http://svn.textmate.org/trunk/Themes@4455 dfb7d73b-c2ec-0310-8fea-fb051d288c6d","commit":"7d66d51ecfc1036d95fbabb82aa54d5978b9210a"},{"summary":"• Change keyword.directive.* to keyword.other.directive.* • Change keyword.module to keyword.control.module, keyword.other.module","author":"Michael Sheets","date":"2006-07-20T14:54:40+00:00","body":"git-svn-id: http://svn.textmate.org/trunk/Themes@4447 dfb7d73b-c2ec-0310-8fea-fb051d288c6d","commit":"65575f09892abcd32474b5794d6217cdab34f8e7"},{"summary":"• Change multiple declaration.* to meta.*","author":"Michael Sheets","date":"2006-07-20T14:52:15+00:00","body":"git-svn-id: http://svn.textmate.org/trunk/Themes@4446 dfb7d73b-c2ec-0310-8fea-fb051d288c6d","commit":"4159edf02ec6bdd3665af9abea7efa702514ee8c"},{"summary":"• Change keyword.module to keyword.control.module, keyword.other.module • Change keyword.directive to keyword.other.directive • Change keyword.directive.line-number to keyword.other.directive.line-number","author":"Michael Sheets","date":"2006-07-20T14:44:24+00:00","body":"git-svn-id: http://svn.textmate.org/trunk/Themes@4445 dfb7d73b-c2ec-0310-8fea-fb051d288c6d","commit":"fd9e58136e2c8bf39f4fbc0da48fb18fad5c903d"},{"summary":"• Change lots of declaration.* to meta.*","author":"Michael Sheets","date":"2006-07-20T14:34:29+00:00","body":"git-svn-id: http://svn.textmate.org/trunk/Themes@4444 dfb7d73b-c2ec-0310-8fea-fb051d288c6d","commit":"f88bfde1b9ed5b359b77ff64be8e086c2c288ca3"},{"summary":"• Change declaration.function.operator to meta.function.operator • Change markup.hr to meta.separator.markdown (Could be more generic but I'll let the author decide)","author":"Michael Sheets","date":"2006-07-20T14:30:01+00:00","body":"git-svn-id: http://svn.textmate.org/trunk/Themes@4443 dfb7d73b-c2ec-0310-8fea-fb051d288c6d","commit":"0c8e43229364c4058f931aa9e451a257e36a675b"},{"summary":"Mirror syntax scope change from entity.name.frame to entity.name.function.frame","author":"Michael Sheets","date":"2006-07-20T13:53:02+00:00","body":"git-svn-id: http://svn.textmate.org/trunk/Themes@4441 dfb7d73b-c2ec-0310-8fea-fb051d288c6d","commit":"c3aac4a18599c6d1655c689c9fc0e3f2be686dcd"},{"summary":"Missed the change of entity.name.module to entity.name.class.module to match the recent Ruby scope change.","author":"Michael Sheets","date":"2006-07-20T13:34:02+00:00","body":"git-svn-id: http://svn.textmate.org/trunk/Themes@4440 dfb7d73b-c2ec-0310-8fea-fb051d288c6d","commit":"5100a1672b5151f1c299d7bcb82f2574b2ded592"},{"summary":"Change namespace match from: entity.name.tag.namespace to: entity.name.tag.namespace, entity.other.attribute-name.namespace","author":"Michael Sheets","date":"2006-07-19T04:18:38+00:00","body":"Restores it's functionality to that before the recent XML/XSL changes.\n\ngit-svn-id: http://svn.textmate.org/trunk/Themes@4417 dfb7d73b-c2ec-0310-8fea-fb051d288c6d","commit":"7fa1af76807853159d34f60f058cc80275c55cce"},{"summary":"Change entity.other.namespace.xml to entity.name.tag.namespace.xml to match recent XML language change.","author":"Michael Sheets","date":"2006-07-19T03:55:59+00:00","body":"git-svn-id: http://svn.textmate.org/trunk/Themes@4415 dfb7d73b-c2ec-0310-8fea-fb051d288c6d","commit":"c73c8f5dd4e8b1e67b08315b17bae52c2e37aa7c"},{"summary":"• change string.quoted.lt-gt to string.quoted.other.lt-gt","author":"Allan Odgaard","date":"2006-07-17T11:08:53+00:00","body":"git-svn-id: http://svn.textmate.org/trunk/Themes@4370 dfb7d73b-c2ec-0310-8fea-fb051d288c6d","commit":"7fcf353af1e3e5e28c40173756a107caef5c5ab0"},{"summary":"• Global change from entity.name.preprocessor to keyword.control.import across all languages; update themes to match the change.","author":"Michael Sheets","date":"2006-07-17T10:42:52+00:00","body":"git-svn-id: http://svn.textmate.org/trunk/Themes@4366 dfb7d73b-c2ec-0310-8fea-fb051d288c6d","commit":"f502a9228a3722eca71230ebb226ceba8d9a3e36"},{"summary":"Major improvements for complex nested groups and delimiters and visual tweaks","author":"Thomas Aylott","date":"2006-07-17T08:05:13+00:00","body":"git-svn-id: http://svn.textmate.org/trunk/Themes@4354 dfb7d73b-c2ec-0310-8fea-fb051d288c6d","commit":"3193d08b8acb9483fb950c8c5258140403e7c42d"},{"summary":"Change theme to match change of constant.name.xml-plist to constant.other.name.xml-plist","author":"Michael Sheets","date":"2006-07-16T13:16:39+00:00","body":"git-svn-id: http://svn.textmate.org/trunk/Themes@4250 dfb7d73b-c2ec-0310-8fea-fb051d288c6d","commit":"4ea2f10a9e634a8dcc69a19d0092da28b74645a0"},{"summary":"Match global move from other.preprocessor.* to meta.preprocessor.* in all themes.","author":"Michael Sheets","date":"2006-07-16T07:50:44+00:00","body":"git-svn-id: http://svn.textmate.org/trunk/Themes@4246 dfb7d73b-c2ec-0310-8fea-fb051d288c6d","commit":"daa6d7eb481e37fe6647e5a25d2eea0c26df51aa"},{"summary":"Change to match Ruby grammar change to string.quoted.other.literal.*","author":"Michael Sheets","date":"2006-07-16T02:32:36+00:00","body":"git-svn-id: http://svn.textmate.org/trunk/Themes@4236 dfb7d73b-c2ec-0310-8fea-fb051d288c6d","commit":"9274239e9ceb6cfe5d534b98c62e0658e5fdbd7d"},{"summary":"Various random refinements","author":"Thomas Aylott","date":"2006-07-15T12:05:16+00:00","body":"git-svn-id: http://svn.textmate.org/trunk/Themes@4220 dfb7d73b-c2ec-0310-8fea-fb051d288c6d","commit":"fa0607656c7f2b8aca85e5dcd1109980003b046c"},{"summary":"Match Markdown scope change of markup.list.paragraph to meta.paragraph.list","author":"Michael Sheets","date":"2006-07-15T04:44:20+00:00","body":"git-svn-id: http://svn.textmate.org/trunk/Themes@4216 dfb7d73b-c2ec-0310-8fea-fb051d288c6d","commit":"3745b592e29e3a7ef2f5a48893cb12e5bbad2f36"},{"summary":"Change themes to match the new convention of constant.character.escape","author":"Michael Sheets","date":"2006-07-14T09:24:25+00:00","body":"git-svn-id: http://svn.textmate.org/trunk/Themes@4197 dfb7d73b-c2ec-0310-8fea-fb051d288c6d","commit":"07de3e301073cd60f8b9d25d53a6cf1fd8e99588"},{"summary":"Change theme to match Java changing from constant.java to constant.other.java","author":"Michael Sheets","date":"2006-07-14T04:49:28+00:00","body":"git-svn-id: http://svn.textmate.org/trunk/Themes@4192 dfb7d73b-c2ec-0310-8fea-fb051d288c6d","commit":"a4ac52c55708f03476a26ce089a3a5915a7bfcd4"},{"summary":"minor complex nested scope fixes","author":"Thomas Aylott","date":"2006-07-13T18:17:35+00:00","body":"git-svn-id: http://svn.textmate.org/trunk/Themes@4180 dfb7d73b-c2ec-0310-8fea-fb051d288c6d","commit":"7f5b7dda2c94592ea9e26a256a01901cb3c39be9"},{"summary":"Change all instances of support.other.variable in the repository to support.variable","author":"Michael Sheets","date":"2006-07-13T17:47:05+00:00","body":"(support.variable is now a supported scope in the conventions.)\n\ngit-svn-id: http://svn.textmate.org/trunk/Themes@4179 dfb7d73b-c2ec-0310-8fea-fb051d288c6d","commit":"b44470a7c26dffbb60058caf2643f661486bbffb"},{"summary":"Since the last lingering invalid.trailing-whitespace scope is now gone converting these to the new invalid.deprecated.trailing-whitespace scope.","author":"Michael Sheets","date":"2006-07-11T19:51:40+00:00","body":"git-svn-id: http://svn.textmate.org/trunk/Themes@4135 dfb7d73b-c2ec-0310-8fea-fb051d288c6d","commit":"d671635ac49db8d5dce83ded287cb9801d94a0c4"},{"summary":"Updated to support the new syntax stuff in my ruby experimental extras","author":"Thomas Aylott","date":"2006-07-05T04:03:20+00:00","body":"git-svn-id: http://svn.textmate.org/trunk/Themes@4012 dfb7d73b-c2ec-0310-8fea-fb051d288c6d","commit":"609d3ec2c732b03637efe766b996a2ddd1f1e03a"},{"summary":"check in Sunburst and Cobalt themes, for r4000. Both rule over the realm of TM themes, with brightly-colored fists.","author":"Jacob Rus","date":"2006-07-03T21:59:48+00:00","body":"git-svn-id: http://svn.textmate.org/trunk/Themes@4000 dfb7d73b-c2ec-0310-8fea-fb051d288c6d","commit":"1460c67affd930b7ee5d75346719eca10f38e304"},{"summary":"Fix that assinine color allan choose for meta.separator…","author":"Michael Sheets","date":"2006-07-03T21:57:42+00:00","body":"git-svn-id: http://svn.textmate.org/trunk/Themes@3999 dfb7d73b-c2ec-0310-8fea-fb051d288c6d","commit":"f34de36fa8ad4cdfc5356d94f0e006e0a76fe915"},{"summary":"changed name of Command style to Command/method","author":"Aparajita Fishman","date":"2006-06-17T00:40:09+00:00","body":"git-svn-id: http://svn.textmate.org/trunk/Themes@3697 dfb7d73b-c2ec-0310-8fea-fb051d288c6d","commit":"c1b92a03a8d193f726afb89202bf775c0ac3b489"},{"summary":"Slightly translucent for text only, not source. Reworked some of the bracketed stuff. Now fully supports my new Javascript Extras Prototype bundle which includes more scoped for delimiters and ending space and brackets and stuff like that. Thomas Aylott / subtleGradient (oblivious at)","author":"Thomas Aylott","date":"2006-06-16T20:49:09+00:00","body":"git-svn-id: http://svn.textmate.org/trunk/Themes@3689 dfb7d73b-c2ec-0310-8fea-fb051d288c6d","commit":"6185f2e3ef2f60000d44d1ebf32e8e9306fc17bf"},{"summary":"Adding the Brilliance Black theme by Thomas Aylott of subtleGradient.com -- enjoy!","author":"Thomas Aylott","date":"2006-05-30T23:02:00+00:00","body":"git-svn-id: http://svn.textmate.org/trunk/Themes@3469 dfb7d73b-c2ec-0310-8fea-fb051d288c6d","commit":"39c5ca6fd8c32a97fc96a4a697e525bd677423ba"},{"summary":"Revert change to Twilight theme","author":"David Powers","date":"2006-05-08T19:55:56+00:00","body":"git-svn-id: http://svn.textmate.org/trunk/Themes@3285 dfb7d73b-c2ec-0310-8fea-fb051d288c6d","commit":"e9019ed983e6086c3a095fd3d78b0951990e737b"},{"summary":"Add pythong support to opt-esc local function completion","author":"David Powers","date":"2006-05-08T19:37:49+00:00","body":"git-svn-id: http://svn.textmate.org/trunk/Themes@3284 dfb7d73b-c2ec-0310-8fea-fb051d288c6d","commit":"38fbefde2e52102b2e5a1b9425354c5f8b286c77"},{"summary":"had to consolidate the 4D and Active4D command colors","author":"Aparajita Fishman","date":"2006-04-26T04:23:23+00:00","body":"git-svn-id: http://svn.textmate.org/trunk/Themes@3107 dfb7d73b-c2ec-0310-8fea-fb051d288c6d","commit":"9a7d8348f39ac7eb38277caf851aee2cd9882a3a"},{"summary":"tweaked embedded source scope","author":"Aparajita Fishman","date":"2006-04-23T21:50:16+00:00","body":"git-svn-id: http://svn.textmate.org/trunk/Themes@3084 dfb7d73b-c2ec-0310-8fea-fb051d288c6d","commit":"da6cce8cb0e1d9bd3f1f8aef0022359ff7001355"},{"summary":"reworked to support standard scope names completely","author":"Aparajita Fishman","date":"2006-04-23T13:23:05+00:00","body":"git-svn-id: http://svn.textmate.org/trunk/Themes@3083 dfb7d73b-c2ec-0310-8fea-fb051d288c6d","commit":"274cf652f385942b87861723293ef7c47f738cae"},{"summary":"first commit","author":"Aparajita Fishman","date":"2006-04-23T04:21:48+00:00","body":"git-svn-id: http://svn.textmate.org/trunk/Themes@3079 dfb7d73b-c2ec-0310-8fea-fb051d288c6d","commit":"ce72a7ffac6452df14c8233a9d6b63159fee6a73"},{"summary":"Turn on anti-alias in Eiffel theme for better looking screen fonts, adjusted keyword and variable colour slightly to make keywords stand out better (although still not as bold as I would like).","author":"Ian Joyner","date":"2006-04-15T03:07:06+00:00","body":"git-svn-id: http://svn.textmate.org/trunk/Themes@3040 dfb7d73b-c2ec-0310-8fea-fb051d288c6d","commit":"895895711c1e86df0d5bd05fa5839172ba4dfec4"},{"summary":"• make it not use the Mac Classic UUID","author":"Allan Odgaard","date":"2006-04-14T15:32:49+00:00","body":"git-svn-id: http://svn.textmate.org/trunk/Themes@3031 dfb7d73b-c2ec-0310-8fea-fb051d288c6d","commit":"c3f8a91919b5bf9cbc455d627c83c46e7ebd5c72"},{"summary":"Add Eiffel bundle and themes.","author":"Ian Joyner","date":"2006-04-14T11:20:41+00:00","body":"git-svn-id: http://svn.textmate.org/trunk/Themes@3030 dfb7d73b-c2ec-0310-8fea-fb051d288c6d","commit":"b802f63d84d06a0b196c0350d99cfb28ba333f87"},{"summary":"Like the doctype the xml preprocessor line varied, standardizes on one scope for all syntaxes. Also includes fixes for various themes for the change, and the fix for Twilight for both changes.","author":"Michael Sheets","date":"2006-04-11T04:25:36+00:00","body":"git-svn-id: http://svn.textmate.org/trunk/Themes@2997 dfb7d73b-c2ec-0310-8fea-fb051d288c6d","commit":"1bf240000028f12c61543f351f89d3a81fdcc2ea"},{"summary":"Hope I'm not stepping on anyones toes but syncing up the doctype scopes broke these three themes (plus Twilight which I'll get fixed tomorrow), just a simple fix to get these working again.","author":"Michael Sheets","date":"2006-04-10T07:53:45+00:00","body":"Also changed the scope that the strings in the HTML doctype got to string from meta.\n\ngit-svn-id: http://svn.textmate.org/trunk/Themes@2990 dfb7d73b-c2ec-0310-8fea-fb051d288c6d","commit":"0930cedfae8b36164eb1202eee7842279676ba4a"},{"summary":"• added rules for various markup stuff and Capitalized All Rules","author":"Allan Odgaard","date":"2006-03-27T14:44:54+00:00","body":"git-svn-id: http://svn.textmate.org/trunk/Themes@2910 dfb7d73b-c2ec-0310-8fea-fb051d288c6d","commit":"bc22a9dc998aaa03501c2a33f02c2d22c04256fe"},{"summary":"Random themes. Hope you like them.","author":"Domenico Carbotta","date":"2006-02-28T16:00:58+00:00","body":"git-svn-id: http://svn.textmate.org/trunk/Themes@2802 dfb7d73b-c2ec-0310-8fea-fb051d288c6d","commit":"74ff1bb012b452b22507b429a45880d344fa33c9"},{"summary":"Add very basic Markup scope support to Twilight theme","author":"David Powers","date":"2005-12-28T16:03:58+00:00","body":"git-svn-id: http://svn.textmate.org/trunk/Themes@2514 dfb7d73b-c2ec-0310-8fea-fb051d288c6d","commit":"acc947b8798bc13886899931ba2a8bde0b66d5b8"},{"summary":"• renamed to proper extension • minor update to the MagicWB theme (coloring of tag names)","author":"Allan Odgaard","date":"2005-11-10T12:15:12+00:00","body":"git-svn-id: http://svn.textmate.org/trunk/Themes@2119 dfb7d73b-c2ec-0310-8fea-fb051d288c6d","commit":"1ee069927f0ff7d6aea2254c13900debe4b073ce"},{"summary":"Fixed a number of \"not quite right\" snippets, making them provide better default values. Fixed a few \"just plain wrong\" snippets. Messed with the syntax defenition, greatly improving things like function, class, and type defenitions. Removed single quotes from the smart typing pairs, as most ocaml programs will have far more things like \"type 'a tree = Empty | Node of 'a tree * 'a * 'a tree\" than \"Char.code 'x'\", so the smart pairs become a bit of a pain in the ass...","author":"William D. Neumann","date":"2005-11-02T15:50:46+00:00","body":"I've also included two additional themes:\n  Slush &amp; Poppies, a light colored theme;\n  Zenburnessque, a dark theme similar to the Zenburn color scheme for Vim.\n\nWilliam D. Neumann\n\ngit-svn-id: http://svn.textmate.org/trunk/Themes@2076 dfb7d73b-c2ec-0310-8fea-fb051d288c6d","commit":"2b7bc10b96f3211118724d6c59392a26ff9ba3f3"},{"summary":"I've been using this as my primary theme since I created it, making a few minor optimizations while using it, and now: it is perfect!","author":"Allan Odgaard","date":"2005-10-26T04:20:36+00:00","body":"It's ideal for markup, source code, prose, and even editing binary files. It goes well together with all forms of background lighting, works both with CRT and LCD displays, and takes into consideration the slight differences in male and female color perception.\n\nThe only downside is that the theme has been exclusively tested on animals (well, one mammal at least).\n\ngit-svn-id: http://svn.textmate.org/trunk/Themes@2015 dfb7d73b-c2ec-0310-8fea-fb051d288c6d","commit":"3f850bbd68e90e6fcb75fa24f636f29608c09b72"},{"summary":"Changing Twilight to the new extension.","author":"Michael Sheets","date":"2005-09-18T18:36:33+00:00","body":"git-svn-id: http://svn.textmate.org/trunk/Themes@1805 dfb7d73b-c2ec-0310-8fea-fb051d288c6d","commit":"8e6e1a37dc3da566cf17e18a12b4b2925efb4cbb"},{"summary":"After some suggestions from Andreas I updated the iPlastic theme. * All the blues in the XML/HTML highlighting have become a bit harder blue. This makes it a bit less pastel and better readable I think. * Added color and italics to tag attributes * Andreas also suggested to use a different colour for the green, but I don't know an acceptable one. It does seem to look better now though.","author":"Jeroen van der Ham","date":"2005-09-13T09:07:09+00:00","body":"* Also added an underline for frametitle for the beamer package.\n\ngit-svn-id: http://svn.textmate.org/trunk/Themes@1782 dfb7d73b-c2ec-0310-8fea-fb051d288c6d","commit":"5967f6e29c1b3620c07986559dd5c3f3ea495fc8"},{"summary":"Added a color scheme similar to the one used by IDLE, the editor bundled with Python. It's named... well... IDLE.","author":"Domenico Carbotta","date":"2005-09-11T14:35:41+00:00","body":"git-svn-id: http://svn.textmate.org/trunk/Themes@1747 dfb7d73b-c2ec-0310-8fea-fb051d288c6d","commit":"4666dae967e18ed33b2cc319bb441b1294a725a5"},{"summary":"Fixed the html tag scope, and added support for the new meta.tag format.","author":"Michael Sheets","date":"2005-09-10T22:10:39+00:00","body":"git-svn-id: http://svn.textmate.org/trunk/Themes@1731 dfb7d73b-c2ec-0310-8fea-fb051d288c6d","commit":"73111f7ab5c074c8e35a562491f466615e53c8b9"},{"summary":"Added meta where there was declaration (old ones retained as well).","author":"Sune Foldager","date":"2005-08-23T14:41:42+00:00","body":"git-svn-id: http://svn.textmate.org/trunk/Themes@1607 dfb7d73b-c2ec-0310-8fea-fb051d288c6d","commit":"e36ad8822661836b774f8b59489b830c88bfd19f"},{"summary":"Changed the html inline tag scope to support to proper scope so it doesn't drive me nutso while I'm working on this syntax.","author":"Michael Sheets","date":"2005-08-23T04:35:31+00:00","body":"git-svn-id: http://svn.textmate.org/trunk/Themes@1604 dfb7d73b-c2ec-0310-8fea-fb051d288c6d","commit":"b3da3f67b8a9805ddf9d464bb73ab1113cf86b3b"},{"summary":"sorry, committed this on accident (just had one small color change). reverting to revision 1588","author":"Kumar McMillan","date":"2005-08-22T15:42:01+00:00","body":"git-svn-id: http://svn.textmate.org/trunk/Themes@1590 dfb7d73b-c2ec-0310-8fea-fb051d288c6d","commit":"8a971a9e5260f0b33044da5952815ee59a729cba"},{"summary":"Simplified \"Copy SQL to clipboard\" command -- deleted python script in lieu of a grep/tr command (thanks Allan).","author":"Kumar McMillan","date":"2005-08-22T15:32:36+00:00","body":"git-svn-id: http://svn.textmate.org/trunk/Themes@1589 dfb7d73b-c2ec-0310-8fea-fb051d288c6d","commit":"25b99b145d84cf399821e6efcaee8e839071c550"},{"summary":"Changes to make invalid less blinding, should be usable now in syntaxes that color things invalid while you type. It'll do until allan adds dynamic scopes ;)","author":"Michael Sheets","date":"2005-08-18T18:33:15+00:00","body":"git-svn-id: http://svn.textmate.org/trunk/Themes@1580 dfb7d73b-c2ec-0310-8fea-fb051d288c6d","commit":"f2de12ef1626134f187399d52cb6a46127916685"},{"summary":"And one final matching change... maybe...","author":"Michael Sheets","date":"2005-08-15T01:31:18+00:00","body":"git-svn-id: http://svn.textmate.org/trunk/Themes@1556 dfb7d73b-c2ec-0310-8fea-fb051d288c6d","commit":"d45541ee26cc4a1e78b785bc9c04d3f79c6fca54"},{"summary":"Various changes the accommodate the new css scopes.","author":"Michael Sheets","date":"2005-08-15T01:20:55+00:00","body":"git-svn-id: http://svn.textmate.org/trunk/Themes@1554 dfb7d73b-c2ec-0310-8fea-fb051d288c6d","commit":"950a4fc9c524276f559b07169f349c324a4f23a5"},{"summary":"Changes made for new CSS syntax.","author":"Michael Sheets","date":"2005-08-14T17:45:51+00:00","body":"git-svn-id: http://svn.textmate.org/trunk/Themes@1550 dfb7d73b-c2ec-0310-8fea-fb051d288c6d","commit":"30b7b5a0ae0138583c6fcd200952f1fced367bbe"},{"summary":"First commit of the theme I've been working on for quite a while now.","author":"Michael Sheets","date":"2005-08-14T00:31:02+00:00","body":"Looking for heavy feedback, especially with any customizations for language I'm not familiar with.\n\ngit-svn-id: http://svn.textmate.org/trunk/Themes@1546 dfb7d73b-c2ec-0310-8fea-fb051d288c6d","commit":"0abc270ac68f7c87414e90298f9248424e860995"},{"summary":"- Updated iPlastic to deal with the changes in the XML syntax.","author":"Jeroen van der Ham","date":"2005-08-11T13:03:44+00:00","body":"git-svn-id: http://svn.textmate.org/trunk/Themes@1507 dfb7d73b-c2ec-0310-8fea-fb051d288c6d","commit":"f20716f52a9bd3bce687d6df157f5a64c44ade4d"},{"summary":"• added styles for (markup) heading, quote, and list","author":"Allan Odgaard","date":"2005-08-09T20:04:25+00:00","body":"git-svn-id: http://svn.textmate.org/trunk/Themes@1490 dfb7d73b-c2ec-0310-8fea-fb051d288c6d","commit":"63f8ff31cb135f7806d88cfbe1086085f1204dd1"},{"summary":"Minor modifications to the iPlastic theme to make it do a bit better XML highlighting.","author":"Jeroen van der Ham","date":"2005-08-09T13:09:28+00:00","body":"git-svn-id: http://svn.textmate.org/trunk/Themes@1479 dfb7d73b-c2ec-0310-8fea-fb051d288c6d","commit":"9b13d06e9ad92e5f1f9cc311757ba12096d227b3"},{"summary":"Dark-background spinoff of Mac Classic. Saw this web page, and couldn't help myself:","author":"Chris Thomas","date":"2005-08-08T06:14:19+00:00","body":"http://www.vanderburg.org/Blog/Software/Languages/Ruby/oscon_slides.rdoc\n\nAllan, you're welcome to rip this out if you'd prefer not to distribute it, as always. It's more a mood—a mood circa 1978 (ferns, deep mahogany, bad coffee), I think—than a theme, although I think it does look nice, and it may be the most complete of the current dark themes.\n\nAnyway I'm throwing it out there for consideration. It's licensed under CC Attribution-ShareAlike &lt;http://creativecommons.org/licenses/by-sa/1.0/> by the site's author.\n\ngit-svn-id: http://svn.textmate.org/trunk/Themes@1471 dfb7d73b-c2ec-0310-8fea-fb051d288c6d","commit":"d481463837a4ca6fb86b25b1fa6af417b339ee64"},{"summary":"• changed entity.parameter.attribute to entity.other.attribute-name","author":"Allan Odgaard","date":"2005-08-04T13:26:36+00:00","body":"git-svn-id: http://svn.textmate.org/trunk/Themes@1430 dfb7d73b-c2ec-0310-8fea-fb051d288c6d","commit":"6ac26918614a81ab0314541d781fdb126cf173e1"},{"summary":"Added do/end versions of iterators, cleaned up coolers for old look, only fold on methods","author":"David Heinemeier Hansson","date":"2005-07-26T08:46:38+00:00","body":"git-svn-id: http://svn.textmate.org/trunk/Themes@1384 dfb7d73b-c2ec-0310-8fea-fb051d288c6d","commit":"5231743f7764311bcaf269f738aa41f2ccf92b21"},{"summary":"• Adjust for CSS element renames: support.constant.property-name.css -> support.type.property-name.css; constant.other.css-units -> keyword.other.css-units • Update preprocessor element names to latest","author":"Chris Thomas","date":"2005-07-25T08:10:40+00:00","body":"git-svn-id: http://svn.textmate.org/trunk/Themes@1383 dfb7d73b-c2ec-0310-8fea-fb051d288c6d","commit":"cdcb58271e852ca76faf1e9e25226e73860a8584"},{"summary":"Mac Classic: • Group related elements. • Adjust the colors to better distinguish elements, especially in languages with many distinct elements such as Perl and Ruby. Preprocessor lines and strings are now green; a distinction is made between built-in (constant.language) and user-defined constants (constant.*). • support.* elements are all bold now. (Perhaps they should all be plain instead.) • Markup is now blue rather than bright purple. Looks better to me, but might be a disadvantage in mixed source/text files. • Any of these color/style changes might be revisited. Feedback is certainly welcome.","author":"Chris Thomas","date":"2005-07-25T03:11:27+00:00","body":"All Hallow's Eve:\n• bug fix: preprocessor elements were using older element names.\n\ngit-svn-id: http://svn.textmate.org/trunk/Themes@1378 dfb7d73b-c2ec-0310-8fea-fb051d288c6d","commit":"970a59af99c3315aae9559c4990e0b5009d5ce4a"},{"summary":"* Added 'Support function' style for support.function {fontStyle: #cc0000}","author":"Matt Pelletier","date":"2005-07-23T09:44:14+00:00","body":"git-svn-id: http://svn.textmate.org/trunk/Themes@1366 dfb7d73b-c2ec-0310-8fea-fb051d288c6d","commit":"01e4d2607a1e5986972d8f24af193d96086ee3a6"},{"summary":"added the PHP/CSS/HTML specific items to this theme as a temporary item. NOT ideal, but..","author":"Mats Persson","date":"2005-07-22T17:06:25+00:00","body":"git-svn-id: http://svn.textmate.org/trunk/Themes@1363 dfb7d73b-c2ec-0310-8fea-fb051d288c6d","commit":"2d56b38ff0676f8bbeab79ad794b72fcaa5c412c"},{"summary":"• removed “Colorset:” prefix from the name","author":"Allan Odgaard","date":"2005-07-22T02:14:37+00:00","body":"git-svn-id: http://svn.textmate.org/trunk/Themes@1359 dfb7d73b-c2ec-0310-8fea-fb051d288c6d","commit":"9d6f8af3309af967a94d87fa8e21688b902b0cc7"},{"summary":"I've given this some thought, and I'm “starting from scratch” so to speak with the new theme system -- i.e. I'm not going to try to “import” what changes the user may have done in the old theme editor.","author":"Allan Odgaard","date":"2005-07-22T02:11:38+00:00","body":"The file format of a settings group is however the same as that of a theme. So if you've created your own settings groups (color sets), you can just copy them from Settings to Themes (and change extension to plist), and the color set will then show up as a theme (in 1.1b15).\n\ngit-svn-id: http://svn.textmate.org/trunk/Themes@1358 dfb7d73b-c2ec-0310-8fea-fb051d288c6d","commit":"54c6aca1206e6b02a07d3259eabc683b0fafe33e"},{"summary":"Initial commit.","author":"Allan Odgaard","date":"2011-05-19T19:33:28+02:00","body":"","commit":"592df397a4cd8d0ea8c51a24f2f28804aaec4568"}],"name":"Themes"}