{"commits":[{"date":"2013-10-22T14:53:26+02:00","commit":"9da66eb1cf8371934ef1a42108eb7eb17a4f314a","body":"","summary":"Use the ellipsis character instead of dots","author":"Tuk Bredsdorff"},{"date":"2013-10-22T14:17:47+02:00","commit":"5c5d6227439bc5895501c755430c50501c9d38b9","body":"This is when pressing \"d\" when the SCM menu is showing and it is implemented by adding an invisible space character to the items that should be skipped.","summary":"Make \"Diff with Working Copy…\" the default item","author":"Tuk Bredsdorff"},{"date":"2012-09-25T06:01:46-05:00","commit":"38e72ef25c5b68776d63efed42bb2c55819c8abd","body":"Instead use the TM_QUERY tool.","summary":"Remove usage of main preference file for font values.","author":"Michael Sheets"},{"date":"2012-09-19T04:37:27-05:00","commit":"11f8f1d90c47e212499b493e25707e1eb2a0bda7","body":"","summary":"Use TM_APP_IDENTIFIER to find the preference file.","author":"Michael Sheets"},{"date":"2012-05-04T21:47:13+09:30","commit":"02c4a0aab41c74fbceb8ecdbacb283c1df677790","body":"","summary":"Use TM_DIRECTORY instead of TM_PROJECT_DIRECTORY","author":"Matthew Schinckel"},{"date":"2011-09-21T03:43:34-05:00","commit":"a43f6bb951d35f583a00afa0b32bff6a7433600b","body":"","summary":"Move to using TM_SCM_COMMIT_WINDOW.","author":"Michael Sheets"},{"date":"2011-09-18T19:27:47-05:00","commit":"7ce217c1fb6412c6cb23d1e15332bcd028fcdc12","body":"","summary":"Add SCM bundle requirement.","author":"Michael Sheets"},{"date":"2011-09-18T19:26:24-05:00","commit":"e8a9255d76098962d260d0f4452dc8de616cf16b","body":"","summary":"Remove shortcut and add class for new SCM bundle.","author":"Michael Sheets"},{"date":"2011-11-05T04:50:16+00:00","commit":"2de9cbdd031a814bf299743d58f703483132d2a8","body":"git-svn-id: http://svn.textmate.org/trunk/Bundles/Mercurial.tmbundle@12063 dfb7d73b-c2ec-0310-8fea-fb051d288c6d","summary":"Update Help.","author":"Frédéric Ballériaux"},{"date":"2011-11-05T04:26:30+00:00","commit":"f78c7b69afc02cb055e7b4304506739b07edd05f","body":"git-svn-id: http://svn.textmate.org/trunk/Bundles/Mercurial.tmbundle@12062 dfb7d73b-c2ec-0310-8fea-fb051d288c6d","summary":"Fix log and incoming templates broke by recent changes in hg. Replaced every ruby interpolated strings (#{x}) as they now mess with hg templating system.","author":"Frédéric Ballériaux"},{"date":"2011-11-05T01:38:16+00:00","commit":"8677ccca7dc3ca485361593636f42452153729a3","body":"git-svn-id: http://svn.textmate.org/trunk/Bundles/Mercurial.tmbundle@12061 dfb7d73b-c2ec-0310-8fea-fb051d288c6d","summary":"Bring original addremove command back, as it's not deprecated anymore, apparently.","author":"Frédéric Ballériaux"},{"date":"2010-11-19T10:49:38+00:00","commit":"f1a6c7825d3e0f83cb1ead4feb176b164b52bb49","body":"git-svn-id: http://svn.textmate.org/trunk/Bundles/Mercurial.tmbundle@11968 dfb7d73b-c2ec-0310-8fea-fb051d288c6d","summary":"Remove usage of TM_RUBY.","author":"Michael Sheets"},{"date":"2010-01-18T00:11:30+00:00","commit":"301c9561403ad2e78a1baa5ca2750d25255eacfb","body":"git-svn-id: http://svn.textmate.org/trunk/Bundles/Mercurial.tmbundle@11905 dfb7d73b-c2ec-0310-8fea-fb051d288c6d","summary":"Moving Builder.rb to be local to the bundle.","author":"Michael Sheets"},{"date":"2010-01-18T00:09:57+00:00","commit":"378d08a91533987df7be12ecaeb748a17196db50","body":"git-svn-id: http://svn.textmate.org/trunk/Bundles/Mercurial.tmbundle@11904 dfb7d73b-c2ec-0310-8fea-fb051d288c6d","summary":"Adding lib directory.","author":"Michael Sheets"},{"date":"2009-01-04T19:27:02+00:00","commit":"29c837a75d179ed24242bc6b19ee88766738d8e0","body":"git-svn-id: http://svn.textmate.org/trunk/Bundles/Mercurial.tmbundle@11072 dfb7d73b-c2ec-0310-8fea-fb051d288c6d","summary":"Adding encoding comments to the Bundles directory where needed.  Patch from Dave Thomas.","author":"James Edward Gray II"},{"date":"2008-07-03T00:00:13+00:00","commit":"3a5e1c1fd767609d9d9b2cd43b682a942266396c","body":"git-svn-id: http://svn.textmate.org/trunk/Bundles/Mercurial.tmbundle@10117 dfb7d73b-c2ec-0310-8fea-fb051d288c6d","summary":"Add support for external diff tools in log windows.","author":"Frédéric Ballériaux"},{"date":"2008-07-02T16:11:11+00:00","commit":"fa906860bf5ca17d8507a095e8f5ecf1b13900af","body":"git-svn-id: http://svn.textmate.org/trunk/Bundles/Mercurial.tmbundle@10102 dfb7d73b-c2ec-0310-8fea-fb051d288c6d","summary":"Add support for external diff tools. Tested with Changes (chdiff) and FileMerge (opendiff)","author":"Frédéric Ballériaux"},{"date":"2007-11-04T14:20:00+00:00","commit":"bed9e87847c9654fea6af517322952695463ac3d","body":"git-svn-id: http://svn.textmate.org/trunk/Bundles/Mercurial.tmbundle@8400 dfb7d73b-c2ec-0310-8fea-fb051d288c6d","summary":"Fix typo in the error message.","author":"Frédéric Ballériaux"},{"date":"2007-08-16T13:00:25+00:00","commit":"da9aca6cb22ddd1c1905c14463a881e478cc8f4a","body":"git-svn-id: http://svn.textmate.org/trunk/Bundles/Mercurial.tmbundle@7988 dfb7d73b-c2ec-0310-8fea-fb051d288c6d","summary":"Added a commit button to the status page. Status acts on selected files instead of working copy. Please test.","author":"Frédéric Ballériaux"},{"date":"2007-08-12T16:47:18+00:00","commit":"c832771f03df1670b64d7fd937f52f1d388f292e","body":"git-svn-id: http://svn.textmate.org/trunk/Bundles/Mercurial.tmbundle@7958 dfb7d73b-c2ec-0310-8fea-fb051d288c6d","summary":"Add \"Branches\" and \"Parents\" in log outputs when necessary.","author":"Frédéric Ballériaux"},{"date":"2007-08-12T16:16:15+00:00","commit":"2360e743e1b9fa3660c0f8a63dd18d59902a04e1","body":"git-svn-id: http://svn.textmate.org/trunk/Bundles/Mercurial.tmbundle@7957 dfb7d73b-c2ec-0310-8fea-fb051d288c6d","summary":"Add a default value in case OakTextViewNormalFontName is not set. Patch from Vitaly.","author":"Frédéric Ballériaux"},{"date":"2007-08-12T16:07:06+00:00","commit":"228ae5b9310fc6fd9433f54cdec45f2bcccabcc3","body":"git-svn-id: http://svn.textmate.org/trunk/Bundles/Mercurial.tmbundle@7956 dfb7d73b-c2ec-0310-8fea-fb051d288c6d","summary":"Fix wrong file name: \"map-cmdline.changelog\" => \"map-log.changelog\"","author":"Frédéric Ballériaux"},{"date":"2007-06-10T16:57:35+00:00","commit":"42e34f82c6734e44ac4546e7b2f093e6eafa13e1","body":"git-svn-id: http://svn.textmate.org/trunk/Bundles/Mercurial.tmbundle@7481 dfb7d73b-c2ec-0310-8fea-fb051d288c6d","summary":"• use OSX::PropertyList (now that PropertyList has been moved to an OSX module)","author":"Allan Odgaard"},{"date":"2007-05-17T14:39:42+00:00","commit":"7f3685b249a0f2a51fe73105dbf67703eac7495d","body":"git-svn-id: http://svn.textmate.org/trunk/Bundles/Mercurial.tmbundle@7279 dfb7d73b-c2ec-0310-8fea-fb051d288c6d","summary":"Revert r7269. No more iconv.","author":"Frédéric Ballériaux"},{"date":"2007-05-16T21:01:05+00:00","commit":"bd00d5b90d7518370acc6ee411ec36afadf69abb","body":"git-svn-id: http://svn.textmate.org/trunk/Bundles/Mercurial.tmbundle@7269 dfb7d73b-c2ec-0310-8fea-fb051d288c6d","summary":"Pipe every diff output thru \"iconv -t UTF8 -c\"","author":"Frédéric Ballériaux"},{"date":"2007-05-16T20:58:40+00:00","commit":"5d985d8676e0fc866403913afef78e9bc9f3ec9b","body":"git-svn-id: http://svn.textmate.org/trunk/Bundles/Mercurial.tmbundle@7268 dfb7d73b-c2ec-0310-8fea-fb051d288c6d","summary":"Now uses TM_SELECTED_FILE before TM_FILEPATH for the diff commands.","author":"Frédéric Ballériaux"},{"date":"2007-03-04T20:11:31+00:00","commit":"1064770da81a73572a5a98814de34feec1fee02b","body":"contactName:\n   The full name of the contact for this bundle.\ncontactEmailRot13:\n   A ROT13 encoded email address for the bundle contact (we obfuscate it to avoid spammers from picking up the files, seeing how bundles will often be available via anonymous svn over http).\ndescription:\n   A short description for this bundle. Do link to more info about the language (or whatever) the bundle is about. I decided on using HTML for this (but leave out the initial paragraph tag) since it seemed like overkill to run a single line of text through Markdown.pl, just to convert [foo](link) into &lt;a href=\"link\">foo&lt;/a>\n\nMany of the current descriptions could use some improvements, I just wanted to get the ball rolling :)\n\n\ngit-svn-id: http://svn.textmate.org/trunk/Bundles/Mercurial.tmbundle@6718 dfb7d73b-c2ec-0310-8fea-fb051d288c6d","summary":"Add the following keys to the bundle’s info.plist:","author":"Allan Odgaard"},{"date":"2007-02-25T07:34:29+00:00","commit":"5ca2f230c82e00f3134420305f14846ef0035a33","body":"git-svn-id: http://svn.textmate.org/trunk/Bundles/Mercurial.tmbundle@6638 dfb7d73b-c2ec-0310-8fea-fb051d288c6d","summary":"plist ruby extension is now osx/plist. All relevant users (that I can find) have been updated","author":"Kevin Ballard"},{"date":"2006-10-31T03:40:46+00:00","commit":"ef49312c142484bda4c6cdccb96ad8b8a3a227bf","body":"git-svn-id: http://svn.textmate.org/trunk/Bundles/Mercurial.tmbundle@5798 dfb7d73b-c2ec-0310-8fea-fb051d288c6d","summary":"Fix td class variable name error","author":"Frédéric Ballériaux"},{"date":"2006-10-30T18:04:29+00:00","commit":"225f6d43bf36917ce64ef35a2b3ae04269744cac","body":"git-svn-id: http://svn.textmate.org/trunk/Bundles/Mercurial.tmbundle@5780 dfb7d73b-c2ec-0310-8fea-fb051d288c6d","summary":"Fix date appearing twice in annotate's links titles. CSS: Changed alternate colors.","author":"Frédéric Ballériaux"},{"date":"2006-10-30T00:30:04+00:00","commit":"5b087bea99d2cb55879dcd375ea613f13a36170f","body":"git-svn-id: http://svn.textmate.org/trunk/Bundles/Mercurial.tmbundle@5751 dfb7d73b-c2ec-0310-8fea-fb051d288c6d","summary":"Fix log --style path in commands + css","author":"Frédéric Ballériaux"},{"date":"2006-10-29T23:51:36+00:00","commit":"97e0b548293f279cd517c98dfb2071a1bc4cd733","body":"git-svn-id: http://svn.textmate.org/trunk/Bundles/Mercurial.tmbundle@5748 dfb7d73b-c2ec-0310-8fea-fb051d288c6d","summary":"WARNING: Changed menu order to better match svn shortcuts. Fix the TM header. Now use general web_preview.rb, css and themes. Added 'Add', 'Remove', 'Revert' and 'Diff' to status window (still no 'Commit'). Added 'Diff with Previous' in log -v window. Added 'View Revisions', 'Incoming' and 'Outgoing' commands. Various cleaning and css.","author":"Frédéric Ballériaux"},{"date":"2006-10-26T00:55:58+00:00","commit":"eb9a1de3e82a888a443433961154914193dc73d1","body":"git-svn-id: http://svn.textmate.org/trunk/Bundles/Mercurial.tmbundle@5632 dfb7d73b-c2ec-0310-8fea-fb051d288c6d","summary":"Fix error in update + some cleaning","author":"Frédéric Ballériaux"},{"date":"2006-10-22T17:36:43+00:00","commit":"c0ccaaa36d2630ab317ffee546be0efdb44734c3","body":"git-svn-id: http://svn.textmate.org/trunk/Bundles/Mercurial.tmbundle@5561 dfb7d73b-c2ec-0310-8fea-fb051d288c6d","summary":"The bling bling revision. Now use the TM header and theme selector for all html outputs. Use the font selected in TM prefs for Annotate and other pre text.","author":"Frédéric Ballériaux"},{"date":"2006-08-26T04:03:27+00:00","commit":"07ae01e0f76aab94aa38001557588c65ad5b8ff9","body":"git-svn-id: http://svn.textmate.org/trunk/Bundles/Mercurial.tmbundle@4943 dfb7d73b-c2ec-0310-8fea-fb051d288c6d","summary":"Changing library references I missed with the last checkin.  The capital library name threw me.  Let that be a lesson boys and girls...  ;)","author":"James Edward Gray II"},{"date":"2006-08-26T02:50:14+00:00","commit":"772fadaa8a4ee3af138259d2200ee6de4f084649","body":"git-svn-id: http://svn.textmate.org/trunk/Bundles/Mercurial.tmbundle@4942 dfb7d73b-c2ec-0310-8fea-fb051d288c6d","summary":"Moving libraries to the library folder and fixing commands so they notice the change.","author":"James Edward Gray II"},{"date":"2006-06-12T17:28:42+00:00","commit":"2d080ccebcd4380b87a89de373a37fb36544138f","body":"git-svn-id: http://svn.textmate.org/trunk/Bundles/Mercurial.tmbundle@3620 dfb7d73b-c2ec-0310-8fea-fb051d288c6d","summary":"Removed my home made separators to use the menu-structure instead. Reordering of the menu.","author":"Frédéric Ballériaux"},{"date":"2006-05-14T18:52:36+00:00","commit":"58cf268b64c60f676a9001ecfc8c9fc0ae030c47","body":"git-svn-id: http://svn.textmate.org/trunk/Bundles/Mercurial.tmbundle@3340 dfb7d73b-c2ec-0310-8fea-fb051d288c6d","summary":"Some changes needed by Mercurial 0.9 (which is now required).","author":"Frédéric Ballériaux"},{"date":"2006-05-13T15:47:22+00:00","commit":"90955bb0343c4c84267717abeb62796a2d07027a","body":"git-svn-id: http://svn.textmate.org/trunk/Bundles/Mercurial.tmbundle@3334 dfb7d73b-c2ec-0310-8fea-fb051d288c6d","summary":"Add status of files (A, M, D) in the log -v command. Last version supporting Mercurial 0.8.x, next commit will make the necessary changes to support 0.9","author":"Frédéric Ballériaux"},{"date":"2006-05-11T19:07:05+00:00","commit":"eda603781fd099e610a9b29fdd75fc11352cc98e","body":"git-svn-id: http://svn.textmate.org/trunk/Bundles/Mercurial.tmbundle@3300 dfb7d73b-c2ec-0310-8fea-fb051d288c6d","summary":"Fix links to files in log commands.","author":"Frédéric Ballériaux"},{"date":"2006-05-06T13:53:51+00:00","commit":"03cdf30275283a249e994ebd533989c9a6753fe7","body":"git-svn-id: http://svn.textmate.org/trunk/Bundles/Mercurial.tmbundle@3237 dfb7d73b-c2ec-0310-8fea-fb051d288c6d","summary":"Better escaping through '\"dummy variables\"'.","author":"Frédéric Ballériaux"},{"date":"2006-05-03T22:13:11+00:00","commit":"988931bc728430429e09f767d354603a162224d4","body":"git-svn-id: http://svn.textmate.org/trunk/Bundles/Mercurial.tmbundle@3222 dfb7d73b-c2ec-0310-8fea-fb051d288c6d","summary":"Escaping fun + fixed alternate tables + removed unused variables","author":"Frédéric Ballériaux"},{"date":"2006-05-03T12:29:29+00:00","commit":"8f6640350398fcf5c32f2d97fd2889a1ec22fd9c","body":"git-svn-id: http://svn.textmate.org/trunk/Bundles/Mercurial.tmbundle@3220 dfb7d73b-c2ec-0310-8fea-fb051d288c6d","summary":"Added the missing 'Help' command.","author":"Frédéric Ballériaux"},{"date":"2006-05-03T12:15:35+00:00","commit":"34701a9560e84964d9e995ea2c0a0bd5998fd056","body":"git-svn-id: http://svn.textmate.org/trunk/Bundles/Mercurial.tmbundle@3219 dfb7d73b-c2ec-0310-8fea-fb051d288c6d","summary":"First commit of a complete rewrite of the Mercurial bundle.","author":"Frédéric Ballériaux"},{"date":"2006-04-02T16:47:14+00:00","commit":"a274287d5a9be02ce434e8b72a7debcc07d37bf7","body":"git-svn-id: http://svn.textmate.org/trunk/Bundles/Mercurial.tmbundle@2942 dfb7d73b-c2ec-0310-8fea-fb051d288c6d","summary":"• remove the cmd-H key equivalent","author":"Allan Odgaard"},{"date":"2006-03-01T15:00:19+00:00","commit":"3b015082213bbe97ac5188c7ae07d2e3b627ab9d","body":"First written with the Darcs bundle as a base, it has been enhanced by a\ncollegue of mine (Stephane Busso) with features inspired by the Svn bundle.\n\nIf the hg command is not in your PATH, you may have troubles.  I'll fix\nthese soon.\n\n[1] http://selenic.com/mercurial/\n\n\n\ngit-svn-id: http://svn.textmate.org/trunk/Bundles/Mercurial.tmbundle@2808 dfb7d73b-c2ec-0310-8fea-fb051d288c6d","summary":"Add a working version of my Mercurial[1] bundle.","author":"Ollivier Robert"}],"web":"https://github.com/textmate/mercurial.tmbundle/commit/","name":"Mercurial"}