{"commits":[{"summary":"Ensure the use of v1.8 of ruby","commit":"0624cac4d056d52492bb96eb67ba7d6d82187500","body":"A few places were missed in the previous commit, this is due to some incompatible changes in ruby 2.0. Fixes #11.","author":"Michael Sheets","date":"2013-10-24T06:03:20-05:00"},{"summary":"Add various non-english quotation marks to typing pairs","commit":"b3f5a5c6be954fcc8dd43e8213b8ffd53044c2b4","body":"Includes „…” ‚…‘ «…» ‹…› 「…」『…』and 《…》, fixes #5.","author":"Michael Sheets","date":"2013-09-19T19:10:46-05:00"},{"summary":"Fix alignment of line/word counts","commit":"34c5bad2222e73a9fde90508c80d7a2f70d74f2a","body":"Since the tool tip font is (no longer) fixed width, we need to use figure space as padding to make the digits align.\n\nAdditionally the thousand separator has been changed from a comma to a thin space, such that lines with different number of thousand groups can still be aligned properly.","author":"Allan Odgaard","date":"2013-09-18T18:09:06+02:00"},{"summary":"Count characters instead of bytes.","commit":"5baad2c16b64411c373d994be020943984c17581","body":"`wc -m` handles multibyte characters correctly (depending on the current locale).","author":"Stefan Daschek","date":"2013-08-30T22:05:29+02:00"},{"summary":"Remove shortcut for 'Extend Selection to Include Previous'","commit":"07d58ea6ed781d279b4ee070d12738f7a43d8057","body":"This fixes a conflict with the HTML command 'Wrap Selection in Open/Close Tag' among others. Command is still present should users want to add back this or another shortcut.\n\nFixes #6.","author":"Michael Sheets","date":"2013-07-04T01:08:38-05:00"},{"summary":"Select the next/previous occurrence of the selection with <kbd class='keyEquivalent'>⌃W</kbd> / <kbd class='keyEquivalent'>⌃⇧W</kbd>","commit":"3533ea15ac600706c15e291fda5d7d60dcc5cc05","body":"","author":"tbates","date":"2013-03-09T01:36:21+00:00"},{"summary":"Improve menu item titles for sorting actions","commit":"0926ab7f4b59ab3b3ac174aab374c0db2372002b","body":"","author":"Allan Odgaard","date":"2013-05-06T09:37:12+07:00"},{"summary":"Delete \"Open Current URL\" and move to Hyperlink helper","commit":"253a66a6f1c26347912d6ce03c699bc3d5a66262","body":"","author":"tim bates","date":"2012-11-29T11:56:02+00:00"},{"summary":"Add reverse sort","commit":"848a1e010a3a792b826ca696e7941fd17f7757ba","body":"","author":"Mike Manewitz","date":"2011-12-13T10:54:53-06:00"},{"summary":"Add convert from hex to char","commit":"07fd6675c3a4630d795222bf0ecaf474cd589981","body":"","author":"milligramme","date":"2012-10-24T18:51:24+09:00"},{"summary":"Improve pasting indent expectations with indentOnPaste setting.","commit":"061224bd78fd98d02035466cdd959bf29995c2c5","body":"","author":"Michael Sheets","date":"2012-09-15T05:00:17-05:00"},{"summary":"Require Bundle Support bundle.","commit":"268534acf29f44628e677aeba3b2204c38d4e588","body":"","author":"Michael Sheets","date":"2011-12-20T04:58:57-06:00"},{"summary":"Support successive paragraphs for softWrap.","commit":"713ab90d4584eb9710957d97736448103e9dd294","body":"","author":"Michael Sheets","date":"2011-12-13T01:32:20-06:00"},{"summary":"Limit to block contexts.","commit":"a78b508a7949440cccc5e1c4bd50c3af51cc0fe7","body":"","author":"Michael Sheets","date":"2011-12-09T15:05:30-06:00"},{"summary":"Add indentedSoftWrap setting for lists.","commit":"e48279930237ec0173e113a62b8acb98c667b69c","body":"","author":"Michael Sheets","date":"2011-12-06T19:17:20-06:00"},{"summary":"Disable softWrap for markup.raw","commit":"ad1dd589cedc1deb89330c7cf7dbd71064203e16","body":"","author":"Michael Sheets","date":"2011-12-02T01:43:14-06:00"},{"summary":"Remove link matching in favor of the injected grammar.","commit":"cff103a3649fe63736c7ab890592e940150ea412","body":"","author":"Michael Sheets","date":"2011-11-12T00:46:57-06:00"},{"summary":"Add readme.","commit":"1737935b38a09faf69ec23cf7555852488da899a","body":"","author":"Michael Sheets","date":"2011-11-12T00:45:26-06:00"},{"summary":"Set disableIndentCorrections.","commit":"b0c6968919a1e8fc6e293fedda439ffcd5b27d62","body":"","author":"Michael Sheets","date":"2011-09-19T03:51:30-05:00"},{"summary":"Delete the Delete to Beginning of Line (<kbd class='keyEquivalent'>⌘⌫</kbd>) macro.","commit":"c1b2c3bd857699fe32285e263623572a239e0f4a","body":"This macro is a workaround for first responder (TextMate 1.x) not seeing that key. Not required with Avian.","author":"Allan Odgaard","date":"2009-10-16T22:29:53+02:00"},{"summary":"Add command to randomize lines, written by allan.","commit":"3a8ba6ef511a1becfb0b6875614bbfe39ced5df0","body":"git-svn-id: http://svn.textmate.org/trunk/Bundles/Text.tmbundle@10634 dfb7d73b-c2ec-0310-8fea-fb051d288c6d","author":"Michael Sheets","date":"2008-09-25T02:23:19+00:00"},{"summary":"Switch to using the ui library rather than CocoaDialog.","commit":"d7c5ab90ed516dc4cad161a9a14ba8413163939b","body":"git-svn-id: http://svn.textmate.org/trunk/Bundles/Text.tmbundle@9699 dfb7d73b-c2ec-0310-8fea-fb051d288c6d","author":"Ciarán Walsh","date":"2008-05-25T00:36:51+00:00"},{"summary":"Switch to using the ui library rather than CocoaDialog.","commit":"c7d18ed82bc360352a840dbf20370d7e4e7676c3","body":"git-svn-id: http://svn.textmate.org/trunk/Bundles/Text.tmbundle@9698 dfb7d73b-c2ec-0310-8fea-fb051d288c6d","author":"Ciarán Walsh","date":"2008-05-25T00:34:49+00:00"},{"summary":"• Since “nil” was printed instead of an empty string when cancelling, the cancel attempt would be ignored","commit":"d445c36fe9fdfd0ef62c7d3758578f130956ccfc","body":"git-svn-id: http://svn.textmate.org/trunk/Bundles/Text.tmbundle@9697 dfb7d73b-c2ec-0310-8fea-fb051d288c6d","author":"Ciarán Walsh","date":"2008-05-25T00:31:47+00:00"},{"summary":"• Removing some now unnecessary code from the encrypt command • Migrating the decrypt command in the same way","commit":"6cf82bd9e1238e7275f1fd1cfe61b9a8968a9b66","body":"git-svn-id: http://svn.textmate.org/trunk/Bundles/Text.tmbundle@9696 dfb7d73b-c2ec-0310-8fea-fb051d288c6d","author":"Ciarán Walsh","date":"2008-05-25T00:11:54+00:00"},{"summary":"Switch to using the ui library rather than CocoaDialog.","commit":"f3996fab607882546e7191439119d9b518c9f7c7","body":"git-svn-id: http://svn.textmate.org/trunk/Bundles/Text.tmbundle@9695 dfb7d73b-c2ec-0310-8fea-fb051d288c6d","author":"Ciarán Walsh","date":"2008-05-24T23:52:06+00:00"},{"summary":"• set input to “selection or nothing” — the command expects to replace the selection when there is one, so let’s make that a bit more implied by saying it takes selection as input.","commit":"5a914f5950ddb966d4ca516221208bc726cc5d7a","body":"git-svn-id: http://svn.textmate.org/trunk/Bundles/Text.tmbundle@9307 dfb7d73b-c2ec-0310-8fea-fb051d288c6d","author":"Allan Odgaard","date":"2008-04-06T00:59:37+00:00"},{"summary":"Removed the trailing newline on the lorem snippet because it violates the standards of single-line snippets with tab completions not doing that. It's annoying.","commit":"46232f47c826cafb9f83fda1fac48360e5e4a111","body":"git-svn-id: http://svn.textmate.org/trunk/Bundles/Text.tmbundle@9148 dfb7d73b-c2ec-0310-8fea-fb051d288c6d","author":"Thomas Aylott","date":"2008-03-18T01:57:03+00:00"},{"summary":"Rewrite to work in Leopard. Thanks to Hans-Joerg Bibiko for fixing this.","commit":"19a09c890da9a1fdfd99ace3dc980f7b53e8291f","body":"git-svn-id: http://svn.textmate.org/trunk/Bundles/Text.tmbundle@8556 dfb7d73b-c2ec-0310-8fea-fb051d288c6d","author":"Michael Sheets","date":"2007-11-27T07:55:31+00:00"},{"summary":"• update my email address (from a throw-away address to something a little more permanent)","commit":"e93c7e8b35a459c190e69de224521cffdf158443","body":"git-svn-id: http://svn.textmate.org/trunk/Bundles/Text.tmbundle@8398 dfb7d73b-c2ec-0310-8fea-fb051d288c6d","author":"Allan Odgaard","date":"2007-11-04T00:58:40+00:00"},{"summary":"• back to reporting a 1-based line count • only use the plural form of line, word, and byte when the count is not one","commit":"9b44f5d639a039ac007e6c05a2fd6e79762851eb","body":"git-svn-id: http://svn.textmate.org/trunk/Bundles/Text.tmbundle@8311 dfb7d73b-c2ec-0310-8fea-fb051d288c6d","author":"Allan Odgaard","date":"2007-10-19T16:09:39+00:00"},{"summary":"• update other uses of niutil/dscl to TM_FULLNAME","commit":"1b96e6fe14a44fbf8a81edb1066d4ded0dc37dae","body":"git-svn-id: http://svn.textmate.org/trunk/Bundles/Text.tmbundle@8309 dfb7d73b-c2ec-0310-8fea-fb051d288c6d","author":"Allan Odgaard","date":"2007-10-19T12:59:42+00:00"},{"summary":"Conversion wasn’t working correctly for little-endian systems","commit":"0c1fdb23ea2995ecf590a83b3265181289c20549","body":"git-svn-id: http://svn.textmate.org/trunk/Bundles/Text.tmbundle@8142 dfb7d73b-c2ec-0310-8fea-fb051d288c6d","author":"Ciarán Walsh","date":"2007-09-10T16:54:28+00:00"},{"summary":"Add .text extension to various scopes.","commit":"7dd18c690fbf0af22237930246f413813969158a","body":"git-svn-id: http://svn.textmate.org/trunk/Bundles/Text.tmbundle@7942 dfb7d73b-c2ec-0310-8fea-fb051d288c6d","author":"Michael Sheets","date":"2007-08-10T04:23:15+00:00"},{"summary":"revert Reverse Lines","commit":"23f79c124c8838a8d2d81bd556d4273273f35d2f","body":"git-svn-id: http://svn.textmate.org/trunk/Bundles/Text.tmbundle@7120 dfb7d73b-c2ec-0310-8fea-fb051d288c6d","author":"David Powers","date":"2007-05-04T00:43:07+00:00"},{"summary":"simple reverse lines command","commit":"015b460ab5ce8ae35a310aa55fff7905fd5e2b47","body":"git-svn-id: http://svn.textmate.org/trunk/Bundles/Text.tmbundle@7109 dfb7d73b-c2ec-0310-8fea-fb051d288c6d","author":"David Powers","date":"2007-05-02T18:55:25+00:00"},{"summary":"allow commas in URLs","commit":"7839ab3f1653d0317c2953aa7b5100c3671b995b","body":"git-svn-id: http://svn.textmate.org/trunk/Bundles/Text.tmbundle@6823 dfb7d73b-c2ec-0310-8fea-fb051d288c6d","author":"Jacob Rus","date":"2007-03-16T08:57:48+00:00"},{"summary":"Add the following keys to the bundle’s info.plist:","commit":"15a518f86337b415b7ef7b52a6ec9788ed11638b","body":"contactName:\n   The full name of the contact for this bundle.\ncontactEmailRot13:\n   A ROT13 encoded email address for the bundle contact (we obfuscate it to avoid spammers from picking up the files, seeing how bundles will often be available via anonymous svn over http).\ndescription:\n   A short description for this bundle. Do link to more info about the language (or whatever) the bundle is about. I decided on using HTML for this (but leave out the initial paragraph tag) since it seemed like overkill to run a single line of text through Markdown.pl, just to convert [foo](link) into &lt;a href=\"link\">foo&lt;/a>\n\nMany of the current descriptions could use some improvements, I just wanted to get the ball rolling :)\n\n\ngit-svn-id: http://svn.textmate.org/trunk/Bundles/Text.tmbundle@6718 dfb7d73b-c2ec-0310-8fea-fb051d288c6d","author":"Allan Odgaard","date":"2007-03-04T20:11:31+00:00"},{"summary":"• do not disable spell checking for ‘text string’ (which was added in r5604) — turns out that e.g. link titles in Markdown are strings.","commit":"08c72132dbf8c6eb0be573551c1f641c18b73ffc","body":"My intention back then was a “catch all” for markup languages that had argument values quoted (i.e. strings), but such markup languages will just need to explicitly disable spell checking for such things, and I think most already do (e.g. HTML has spell checking disabled for the full tag).\n\n\ngit-svn-id: http://svn.textmate.org/trunk/Bundles/Text.tmbundle@6684 dfb7d73b-c2ec-0310-8fea-fb051d288c6d","author":"Allan Odgaard","date":"2007-03-01T19:59:20+00:00"},{"summary":"[CHANGED] Redirect CocoaDialog output to /dev/null to suppress output from input managers -- ticket A610D906","commit":"9b0430b4ca7613d7a8f967c652675bf7d98aaea0","body":"git-svn-id: http://svn.textmate.org/trunk/Bundles/Text.tmbundle@6555 dfb7d73b-c2ec-0310-8fea-fb051d288c6d","author":"Allan Odgaard","date":"2007-02-11T15:04:10+00:00"},{"summary":"• support a bunch more schemes in the URL pattern (patch from James A Baker)","commit":"2c0f317f390b214ac0c82d2c0a60e30eaf830a44","body":"git-svn-id: http://svn.textmate.org/trunk/Bundles/Text.tmbundle@6157 dfb7d73b-c2ec-0310-8fea-fb051d288c6d","author":"Allan Odgaard","date":"2006-11-16T20:15:59+00:00"},{"summary":"[NEW] Added Filtering group with three commands for copying matching, non-matching or distilling text into new document.","commit":"35577e6e503313f3b20a2761b7649b21ce37f3f5","body":"git-svn-id: http://svn.textmate.org/trunk/Bundles/Text.tmbundle@6130 dfb7d73b-c2ec-0310-8fea-fb051d288c6d","author":"Jay Soffian","date":"2006-11-14T19:05:50+00:00"},{"summary":"• lets disable spell checking for ‘text string’ (we have it enabled for ‘string’ so that source code can utilize spell checking as you type in strings, but strings in text documents is generally for “arguments” such as tag attribute values)","commit":"7e36ab316f95e0e68e4a66713555a521dace6afd","body":"git-svn-id: http://svn.textmate.org/trunk/Bundles/Text.tmbundle@5604 dfb7d73b-c2ec-0310-8fea-fb051d288c6d","author":"Allan Odgaard","date":"2006-10-24T13:05:52+00:00"},{"summary":"• make the spell checking preference in the Text bundle disable spell checking for markup.raw and remove the language specific settings for that from the Markdown and reStructuredText bundles.","commit":"37aedfc241e50568a3960f6767eb19701f2b34f2","body":"git-svn-id: http://svn.textmate.org/trunk/Bundles/Text.tmbundle@5595 dfb7d73b-c2ec-0310-8fea-fb051d288c6d","author":"Allan Odgaard","date":"2006-10-24T01:15:22+00:00"},{"summary":"• convert \\r to \\n (ticket D3ECACEE)","commit":"f674497513ccf3926bec14f2f1690eb2a31d393f","body":"git-svn-id: http://svn.textmate.org/trunk/Bundles/Text.tmbundle@5539 dfb7d73b-c2ec-0310-8fea-fb051d288c6d","author":"Allan Odgaard","date":"2006-10-21T06:08:31+00:00"},{"summary":"Adding new punctuation scopes to various rules.","commit":"f3facfa787752ecf48de728c18442d38e53306a3","body":"git-svn-id: http://svn.textmate.org/trunk/Bundles/Text.tmbundle@5478 dfb7d73b-c2ec-0310-8fea-fb051d288c6d","author":"Michael Sheets","date":"2006-10-14T09:56:42+00:00"},{"summary":"• add ‘--float’ argument when calling CocoaDialog — this should make the dialog float on top of other windows, so that it doesn’t get lost, though not all dialog types seem to support the argument.","commit":"2bf6f2541558c21cbc06222d6d59f6d475f65068","body":"git-svn-id: http://svn.textmate.org/trunk/Bundles/Text.tmbundle@5340 dfb7d73b-c2ec-0310-8fea-fb051d288c6d","author":"Allan Odgaard","date":"2006-09-29T21:58:53+00:00"},{"summary":"• this macro deletes to beginning of line — the normal first responder key binding system does not allow <kbd class='keyEquivalent'>⌘⌫</kbd> to be passed through to the first responder, but since bundle items do special magic these can get all the keys, thus we re-implement this “standard” (but sorely missing) key equivalent as a macro.","commit":"2fea46fdee09bb80463cdbbecc5f2155105c230a","body":"git-svn-id: http://svn.textmate.org/trunk/Bundles/Text.tmbundle@5132 dfb7d73b-c2ec-0310-8fea-fb051d288c6d","author":"Allan Odgaard","date":"2006-09-09T02:38:33+00:00"},{"summary":"Remove markup.underline.link.relative from this command since the leading part can't be guessed.","commit":"2aafab1050a1262b5bb1454cfa92c88e18152bbf","body":"git-svn-id: http://svn.textmate.org/trunk/Bundles/Text.tmbundle@4956 dfb7d73b-c2ec-0310-8fea-fb051d288c6d","author":"Michael Sheets","date":"2006-08-26T20:21:18+00:00"},{"summary":"• do not eat a trailing ., ?, or : when matching URL’s","commit":"3ef2735caf82225deff88f2566f210401512a8c7","body":"git-svn-id: http://svn.textmate.org/trunk/Bundles/Text.tmbundle@4070 dfb7d73b-c2ec-0310-8fea-fb051d288c6d","author":"Allan Odgaard","date":"2006-07-08T14:28:56+00:00"},{"summary":"• add + and ~ to the set of allowed characters in URL’s","commit":"70887ec8c52d1b358059776cabf364427143ad13","body":"git-svn-id: http://svn.textmate.org/trunk/Bundles/Text.tmbundle@4069 dfb7d73b-c2ec-0310-8fea-fb051d288c6d","author":"Allan Odgaard","date":"2006-07-08T14:24:10+00:00"},{"summary":"Revert previous change due to urls oddly being treated differently than strings.","commit":"2ce92dcf9a1e254ae08d21ea7ea753ee00cf12ed","body":"git-svn-id: http://svn.textmate.org/trunk/Bundles/Text.tmbundle@3987 dfb7d73b-c2ec-0310-8fea-fb051d288c6d","author":"Michael Sheets","date":"2006-07-03T10:03:30+00:00"},{"summary":"Update command to work with urls that are surrounded by &lt;>.","commit":"6b7598e45582737afcd80cdb40de0b3f000f73cb","body":"git-svn-id: http://svn.textmate.org/trunk/Bundles/Text.tmbundle@3986 dfb7d73b-c2ec-0310-8fea-fb051d288c6d","author":"Michael Sheets","date":"2006-07-03T09:53:33+00:00"},{"summary":"• improved rule for matching URLs (rather than look for a “terminating” character, just read all valid URL characters) • make Open Current URL use “current scope” as input (so now it’s just: open \"$(cat)\")","commit":"768aec668b8a8b6cb7d44c351b7f16ca45ace9d4","body":"git-svn-id: http://svn.textmate.org/trunk/Bundles/Text.tmbundle@3926 dfb7d73b-c2ec-0310-8fea-fb051d288c6d","author":"Allan Odgaard","date":"2006-07-01T02:48:17+00:00"},{"summary":"Add 'speak' command","commit":"837fde9104786e6580428a9c989c7aed617e0744","body":"git-svn-id: http://svn.textmate.org/trunk/Bundles/Text.tmbundle@3749 dfb7d73b-c2ec-0310-8fea-fb051d288c6d","author":"Jacob Rus","date":"2006-06-21T09:01:17+00:00"},{"summary":"• move out the release notes rules from the Plain Text syntax and into its own language definition -- this also marks up mentions of tickets and allows enter (<kbd class='keyEquivalent'>⌅</kbd>) to be used to visit the page for the ticket (only when the caret is at the ticket ID)","commit":"00a18eb2975383fdeb7e9e3c538a1bc6268bc95c","body":"git-svn-id: http://svn.textmate.org/trunk/Bundles/Text.tmbundle@3667 dfb7d73b-c2ec-0310-8fea-fb051d288c6d","author":"Allan Odgaard","date":"2006-06-14T17:58:13+00:00"},{"summary":"• remove mention of tab trigger from the name","commit":"3cf30a4df10edea2e71ed4fe952992cc1cd4ec03","body":"git-svn-id: http://svn.textmate.org/trunk/Bundles/Text.tmbundle@3648 dfb7d73b-c2ec-0310-8fea-fb051d288c6d","author":"Allan Odgaard","date":"2006-06-14T02:52:10+00:00"},{"summary":"Tweaked the text language syntax to work as a simple GTD syntax.","commit":"2ee12451e9e197aff3c188f4cdc998ee50bb7b26","body":"git-svn-id: http://svn.textmate.org/trunk/Bundles/Text.tmbundle@3589 dfb7d73b-c2ec-0310-8fea-fb051d288c6d","author":"Mike Mellor","date":"2006-06-09T05:51:38+00:00"},{"summary":"• revert to previous output (which was right-aligned and had thousand separators)","commit":"103c8b17303d9d4558e0408890d76c4a5846f6b7","body":"git-svn-id: http://svn.textmate.org/trunk/Bundles/Text.tmbundle@3567 dfb7d73b-c2ec-0310-8fea-fb051d288c6d","author":"Allan Odgaard","date":"2006-06-07T08:31:59+00:00"},{"summary":"Make the Word Count command a lot simpler and easier to read, while at the same time fixing the indentation problem","commit":"186c2f17aa5b12cfc9de4a5924fda2099f9eaea2","body":"git-svn-id: http://svn.textmate.org/trunk/Bundles/Text.tmbundle@3564 dfb7d73b-c2ec-0310-8fea-fb051d288c6d","author":"Kevin Ballard","date":"2006-06-06T23:17:51+00:00"},{"summary":"• updated to use secure input mode and refactored the code (kudos to Quinn Comendant for initiating the update)","commit":"bc05554b8711461d153d76ac1fd69fa9ba432ee4","body":"git-svn-id: http://svn.textmate.org/trunk/Bundles/Text.tmbundle@3552 dfb7d73b-c2ec-0310-8fea-fb051d288c6d","author":"Allan Odgaard","date":"2006-06-06T10:32:59+00:00"},{"summary":"• added menu structure (separators and submenus) which will be used starting with next build","commit":"217fb95cabdb3ff4b1faaaa253a40640c2df9d38","body":"git-svn-id: http://svn.textmate.org/trunk/Bundles/Text.tmbundle@3377 dfb7d73b-c2ec-0310-8fea-fb051d288c6d","author":"Allan Odgaard","date":"2006-05-21T10:53:29+00:00"},{"summary":"• add one to the line count, so it shows the same number as TextMate","commit":"89a112ae988a5dfbf1f8d3c8679f52b4fa79e38d","body":"git-svn-id: http://svn.textmate.org/trunk/Bundles/Text.tmbundle@3023 dfb7d73b-c2ec-0310-8fea-fb051d288c6d","author":"Allan Odgaard","date":"2006-04-13T02:38:46+00:00"},{"summary":"• match bullet points before paragraphs • change bullet point scopes from declaration to meta • update snippet scope selectors to use meta","commit":"ac3d45a3c2e8300d805a0a951990f609a7cb76ff","body":"git-svn-id: http://svn.textmate.org/trunk/Bundles/Text.tmbundle@3010 dfb7d73b-c2ec-0310-8fea-fb051d288c6d","author":"Allan Odgaard","date":"2006-04-12T01:50:11+00:00"},{"summary":"Added meta.paragraph.text scope which matches consecutive lines with the same indent.","commit":"2aa22b9b9fac77179f8046f91634773dc035749c","body":"git-svn-id: http://svn.textmate.org/trunk/Bundles/Text.tmbundle@3008 dfb7d73b-c2ec-0310-8fea-fb051d288c6d","author":"Matthew Gilbert","date":"2006-04-12T01:36:42+00:00"},{"summary":"• add curly single quotes to smart-typing/highlight pairs","commit":"5e3627e2d3ff09b39230562651f7d54d4e0eada1","body":"git-svn-id: http://svn.textmate.org/trunk/Bundles/Text.tmbundle@2984 dfb7d73b-c2ec-0310-8fea-fb051d288c6d","author":"Allan Odgaard","date":"2006-04-10T04:31:56+00:00"},{"summary":"• all single line comments, bullet points (plain text), and quoted lines (mail) now optionally match the newline character — this is so that when the caret is at the end of the line, the scope is still that of “the line.” This is so key equivalents bound to a given scope (like the ‘enter’ key) also work when typing at the end of the line, which would be expected.","commit":"d1428a87b3cbeec16a87bc4be36b53a893fa2791","body":"git-svn-id: http://svn.textmate.org/trunk/Bundles/Text.tmbundle@2977 dfb7d73b-c2ec-0310-8fea-fb051d288c6d","author":"Allan Odgaard","date":"2006-04-09T21:31:30+00:00"},{"summary":"• allow for dated revision numbers e.g.: [2006-04-01: Revision 907]","commit":"5c322c5cff606352a3e0c08c613dd79a1b4af7c7","body":"git-svn-id: http://svn.textmate.org/trunk/Bundles/Text.tmbundle@2931 dfb7d73b-c2ec-0310-8fea-fb051d288c6d","author":"Allan Odgaard","date":"2006-04-01T13:24:37+00:00"},{"summary":"• move commands traditionally associated with Mail to the Mail bundle","commit":"9c1509b4919928810cdec568eb9cbfac57c9a279","body":"git-svn-id: http://svn.textmate.org/trunk/Bundles/Text.tmbundle@2862 dfb7d73b-c2ec-0310-8fea-fb051d288c6d","author":"Allan Odgaard","date":"2006-03-18T03:46:48+00:00"},{"summary":"• make it so that when duplicating the selection, the duplicate is the new selection. I find this useful e.g. with text like “, argument” where it would be useful to have more than one duplicate. Now one can press ctrl-shift D as many times as one wants it duplicated.","commit":"524f656cb9eaf817f729b8f432466614bbb36efd","body":"git-svn-id: http://svn.textmate.org/trunk/Bundles/Text.tmbundle@2824 dfb7d73b-c2ec-0310-8fea-fb051d288c6d","author":"Allan Odgaard","date":"2006-03-05T22:16:59+00:00"},{"summary":"• remove numpad modifier key for the enter key equivalent that these bundle items use (so it work for laptop keyboards)","commit":"cd317abf3dc81d7de56752021b57cc08fbac8b3a","body":"git-svn-id: http://svn.textmate.org/trunk/Bundles/Text.tmbundle@2678 dfb7d73b-c2ec-0310-8fea-fb051d288c6d","author":"Allan Odgaard","date":"2006-02-07T01:11:49+00:00"},{"summary":"• allows to create new document from clipboard","commit":"a8e779a3325fa32db5908771eb2e7b134b33c3e9","body":"git-svn-id: http://svn.textmate.org/trunk/Bundles/Text.tmbundle@2638 dfb7d73b-c2ec-0310-8fea-fb051d288c6d","author":"Allan Odgaard","date":"2006-01-31T15:54:31+00:00"},{"summary":"• add >, ', and \" as URL termination characters","commit":"3b7586e63c22c3123e09bf29032ada8a6576ed22","body":"git-svn-id: http://svn.textmate.org/trunk/Bundles/Text.tmbundle@2631 dfb7d73b-c2ec-0310-8fea-fb051d288c6d","author":"Allan Odgaard","date":"2006-01-30T15:53:09+00:00"},{"summary":"• command to open the current URL (scoped to markup.underline.link and given enter as key equivalent)","commit":"c2b9c70d4133ba280ac9a18ce5831601364bcc34","body":"git-svn-id: http://svn.textmate.org/trunk/Bundles/Text.tmbundle@2614 dfb7d73b-c2ec-0310-8fea-fb051d288c6d","author":"Allan Odgaard","date":"2006-01-28T01:23:26+00:00"},{"summary":"Add Encode/Decode Base64 commands","commit":"4f42dd33f550713937ab7b0a4504498d9393c79c","body":"git-svn-id: http://svn.textmate.org/trunk/Bundles/Text.tmbundle@2555 dfb7d73b-c2ec-0310-8fea-fb051d288c6d","author":"Kevin Ballard","date":"2006-01-10T09:37:46+00:00"},{"summary":"Whoops, that part after the # was supposed to be a comment.. I've removed it completely now.","commit":"008d0c75b7b575c7e4539d77d70810d0ed11947b","body":"git-svn-id: http://svn.textmate.org/trunk/Bundles/Text.tmbundle@2534 dfb7d73b-c2ec-0310-8fea-fb051d288c6d","author":"Jeroen van der Ham","date":"2006-01-05T10:38:27+00:00"},{"summary":"Enclose formatting of date in quotes, otherwise it would miss the part after the space.","commit":"d9cdb3ae7b8c8e2ae10e3b2c5688c5427d2a0cc2","body":"git-svn-id: http://svn.textmate.org/trunk/Bundles/Text.tmbundle@2533 dfb7d73b-c2ec-0310-8fea-fb051d288c6d","author":"Jeroen van der Ham","date":"2006-01-05T10:32:30+00:00"},{"summary":"• the native title case is now smarter.","commit":"48bd45979205f699f5f173ba063d0678aa647e51","body":"git-svn-id: http://svn.textmate.org/trunk/Bundles/Text.tmbundle@2473 dfb7d73b-c2ec-0310-8fea-fb051d288c6d","author":"Allan Odgaard","date":"2005-12-16T15:37:28+00:00"},{"summary":"• updated to prefer TM_LINE_INDEX","commit":"a198d09b4fc646ec4d47854e5031d0b3bee09ddc","body":"git-svn-id: http://svn.textmate.org/trunk/Bundles/Text.tmbundle@2429 dfb7d73b-c2ec-0310-8fea-fb051d288c6d","author":"Allan Odgaard","date":"2005-12-12T14:35:31+00:00"},{"summary":"• re-alphabetized items","commit":"9014c4d628dd71e1f2526249faca01e7834fe441","body":"git-svn-id: http://svn.textmate.org/trunk/Bundles/Text.tmbundle@2344 dfb7d73b-c2ec-0310-8fea-fb051d288c6d","author":"Allan Odgaard","date":"2005-11-30T02:57:33+00:00"},{"summary":"Add new Rot 13 command to the Text bundle","commit":"edc43529a94212ce654dd7c2e13d11012ecc37d8","body":"git-svn-id: http://svn.textmate.org/trunk/Bundles/Text.tmbundle@2341 dfb7d73b-c2ec-0310-8fea-fb051d288c6d","author":"Kevin Ballard","date":"2005-11-29T19:41:55+00:00"},{"summary":"• moved to TextMate bundle, which I think is a better place for this","commit":"274436de228fdae6d2b11f7212106b6e0d072c8f","body":"git-svn-id: http://svn.textmate.org/trunk/Bundles/Text.tmbundle@2327 dfb7d73b-c2ec-0310-8fea-fb051d288c6d","author":"Allan Odgaard","date":"2005-11-28T10:07:10+00:00"},{"summary":"• move these to the Mail bundle — they’re still unscoped","commit":"54f46c78708c6b904f15ecf0203dc09437e5bce7","body":"git-svn-id: http://svn.textmate.org/trunk/Bundles/Text.tmbundle@2322 dfb7d73b-c2ec-0310-8fea-fb051d288c6d","author":"Allan Odgaard","date":"2005-11-28T05:27:25+00:00"},{"summary":"• re-alphabetize (just moved one item)","commit":"729850deee2c7a3fe57f38ce20c1c0bfcb77d60b","body":"git-svn-id: http://svn.textmate.org/trunk/Bundles/Text.tmbundle@2291 dfb7d73b-c2ec-0310-8fea-fb051d288c6d","author":"Allan Odgaard","date":"2005-11-25T17:29:45+00:00"},{"summary":"Changed \"EMail\" to \"Email\"","commit":"6dc0db82dde272ad6b4f9c9cb1872aca86933f12","body":"git-svn-id: http://svn.textmate.org/trunk/Bundles/Text.tmbundle@2283 dfb7d73b-c2ec-0310-8fea-fb051d288c6d","author":"Jeroen van der Ham","date":"2005-11-24T20:57:31+00:00"},{"summary":"• a few more items to get «Unit» / Selection in the name","commit":"9c5d6599d30811462b773afaf207da085fa7c103","body":"git-svn-id: http://svn.textmate.org/trunk/Bundles/Text.tmbundle@2274 dfb7d73b-c2ec-0310-8fea-fb051d288c6d","author":"Allan Odgaard","date":"2005-11-24T07:24:19+00:00"},{"summary":"• make more commands use fallback for selection and the new menu title feature","commit":"e4642026abcf842e00fbcd1b0087a7be5fc8a803","body":"git-svn-id: http://svn.textmate.org/trunk/Bundles/Text.tmbundle@2273 dfb7d73b-c2ec-0310-8fea-fb051d288c6d","author":"Allan Odgaard","date":"2005-11-24T06:34:20+00:00"},{"summary":"• made all these consistently use “«Unit» / Selection” in the name (when they have an input fallback for the selection) — starting with next build, TextMate will pick the proper part for display in the menus (based on whether a selection exists)","commit":"047a5dbef402d913803a10dd5dfdd6e35b377947","body":"git-svn-id: http://svn.textmate.org/trunk/Bundles/Text.tmbundle@2272 dfb7d73b-c2ec-0310-8fea-fb051d288c6d","author":"Allan Odgaard","date":"2005-11-24T06:17:35+00:00"},{"summary":"• some renaming","commit":"9c6a77025413f896a5b117d6602b263fa989668f","body":"git-svn-id: http://svn.textmate.org/trunk/Bundles/Text.tmbundle@2265 dfb7d73b-c2ec-0310-8fea-fb051d288c6d","author":"Allan Odgaard","date":"2005-11-24T04:08:51+00:00"},{"summary":"• rename to new naming convention","commit":"96b6f3f43fe2917a35f33aef2460f11f830ed4ac","body":"git-svn-id: http://svn.textmate.org/trunk/Bundles/Text.tmbundle@2233 dfb7d73b-c2ec-0310-8fea-fb051d288c6d","author":"Allan Odgaard","date":"2005-11-22T00:34:41+00:00"},{"summary":"• set some reasonable fallback units for these commands (for when there is no selection)","commit":"983fb234482c4c958d7d42d2bb63f5d2d241c7d5","body":"git-svn-id: http://svn.textmate.org/trunk/Bundles/Text.tmbundle@2169 dfb7d73b-c2ec-0310-8fea-fb051d288c6d","author":"Allan Odgaard","date":"2005-11-17T04:17:47+00:00"},{"summary":"• give the REVISION part (of the release notes) scope meta.toc-list","commit":"d5842106cedfa21fc68e9240b41b9aee159e58a9","body":"git-svn-id: http://svn.textmate.org/trunk/Bundles/Text.tmbundle@2112 dfb7d73b-c2ec-0310-8fea-fb051d288c6d","author":"Allan Odgaard","date":"2005-11-09T20:11:10+00:00"},{"summary":"• titlecase","commit":"c245686d1213f8e7040ee3e617338df1ff41a4e9","body":"git-svn-id: http://svn.textmate.org/trunk/Bundles/Text.tmbundle@2041 dfb7d73b-c2ec-0310-8fea-fb051d288c6d","author":"Allan Odgaard","date":"2005-10-29T02:31:52+00:00"},{"summary":"• move to more suited bundle","commit":"78e3f37f1dd73ec937f1969d3bab460b01d58ca9","body":"git-svn-id: http://svn.textmate.org/trunk/Bundles/Text.tmbundle@2040 dfb7d73b-c2ec-0310-8fea-fb051d288c6d","author":"Allan Odgaard","date":"2005-10-29T02:30:17+00:00"},{"summary":"• move Defaults typing pairs to Text bundle • move the Show TM_* Variables to the TextMate (meta) bundle • make the Word Count use thousand separators and show counts right aligned • remove the insert filename snippet","commit":"75eee71a0de19460defe19e4fae2bb98bf44c09c","body":"git-svn-id: http://svn.textmate.org/trunk/Bundles/Text.tmbundle@2038 dfb7d73b-c2ec-0310-8fea-fb051d288c6d","author":"Allan Odgaard","date":"2005-10-28T20:31:46+00:00"},{"summary":"Deleted Convert camelCase to selector-style.plist from Text bundle.","commit":"72c06b3e6390c13091568188f08c942334382847","body":"git-svn-id: http://svn.textmate.org/trunk/Bundles/Text.tmbundle@2034 dfb7d73b-c2ec-0310-8fea-fb051d288c6d","author":"Wilson Miner","date":"2005-10-28T19:52:59+00:00"},{"summary":"Added script to convert camelCase words to selector-style.","commit":"a45b127ca139d04665871586a0b867d136af5ba0","body":"git-svn-id: http://svn.textmate.org/trunk/Bundles/Text.tmbundle@2032 dfb7d73b-c2ec-0310-8fea-fb051d288c6d","author":"Wilson Miner","date":"2005-10-28T17:09:05+00:00"},{"summary":"• add empty lines to the default ignore indent pattern (w/o this, pasting is pretty sucky)","commit":"d9b94a2225c8a76d5a34fdadb98496c7fd5c99b0","body":"git-svn-id: http://svn.textmate.org/trunk/Bundles/Text.tmbundle@2024 dfb7d73b-c2ec-0310-8fea-fb051d288c6d","author":"Allan Odgaard","date":"2005-10-28T01:50:26+00:00"},{"summary":"• also title-case this","commit":"e20e99c5478a070ddc0220a4201dd57e51b73296","body":"git-svn-id: http://svn.textmate.org/trunk/Bundles/Text.tmbundle@2013 dfb7d73b-c2ec-0310-8fea-fb051d288c6d","author":"Allan Odgaard","date":"2005-10-26T02:24:30+00:00"},{"summary":"• re-ordered, re-named, and re-wrote a lot of this","commit":"53667cae67d948de8a9abda249288ff48a53b862","body":"Next build gives one-click access to “current” bundle from the status line, so we can no longer rely on the inconsistent naming and chaotic structure to go unnoticed ;)\n\n\n\ngit-svn-id: http://svn.textmate.org/trunk/Bundles/Text.tmbundle@2007 dfb7d73b-c2ec-0310-8fea-fb051d288c6d","author":"Allan Odgaard","date":"2005-10-26T00:35:42+00:00"},{"summary":"Add new commands Record Scratch Snippet and Insert Scratch Snippet. Record Scratch Snippet simply saves the currently selected text. This scratch snippet will last until a new one is recorded, the computer is reset, or the /tmp dir is cleared. Insert Scratch Snippet simply inserts the recorded text as a snippet. These two commands allow you to create temporary snippets that you have no reason to save permanently.","commit":"12d324da5bdb464b8c36b2f5fe610f3ab76b0f5a","body":"git-svn-id: http://svn.textmate.org/trunk/Bundles/Text.tmbundle@1884 dfb7d73b-c2ec-0310-8fea-fb051d288c6d","author":"Kevin Ballard","date":"2005-10-06T00:53:58+00:00"},{"summary":"• rename bundle to what has been its name in the UI for some time now","commit":"ecc669b5f7439be24ceed9f0084791c7c95ea391","body":"git-svn-id: http://svn.textmate.org/trunk/Bundles/Text.tmbundle@1764 dfb7d73b-c2ec-0310-8fea-fb051d288c6d","author":"Allan Odgaard","date":"2005-09-11T22:56:48+00:00"},{"summary":"I include a [REVISION nnn] in the release notes (for my appcast), so these are now matched by the plain text syntax (currently as a diff separator -- probably we should have a meta.separator or markup.separator), since it's also used in teh svn-commit.tmp syntax.","commit":"35b75471e43590ee76d23e77ae7105b2175062c0","body":"git-svn-id: http://svn.textmate.org/trunk/Bundles/Text Utilities.tmbundle@1707 dfb7d73b-c2ec-0310-8fea-fb051d288c6d","author":"Allan Odgaard","date":"2005-09-07T15:49:34+00:00"},{"summary":"• no longer uses GMT for the date","commit":"69ea6f77e456978504e4dea52e50ea157ada6efc","body":"git-svn-id: http://svn.textmate.org/trunk/Bundles/Text Utilities.tmbundle@1659 dfb7d73b-c2ec-0310-8fea-fb051d288c6d","author":"Allan Odgaard","date":"2005-09-01T16:24:47+00:00"},{"summary":"Add line and character counts to word count command","commit":"03bfdda871c55f802e9790f12e4847d241a5bd7b","body":"git-svn-id: http://svn.textmate.org/trunk/Bundles/Text Utilities.tmbundle@1514 dfb7d73b-c2ec-0310-8fea-fb051d288c6d","author":"Kevin Ballard","date":"2005-08-12T19:06:47+00:00"},{"summary":"Convert all the words in the selection to start with a capital letter except those that are in the list of words not to.","commit":"ff42f5aed971324ac8b6b9bfecaa25a4b78fce8f","body":"git-svn-id: http://svn.textmate.org/trunk/Bundles/Text Utilities.tmbundle@1487 dfb7d73b-c2ec-0310-8fea-fb051d288c6d","author":"Brad Miller","date":"2005-08-09T18:46:51+00:00"},{"summary":"• this is no longer necessary :)","commit":"0700a33c36e44581fb2dce8aa1f5fe505827d1e4","body":"git-svn-id: http://svn.textmate.org/trunk/Bundles/Text Utilities.tmbundle@1440 dfb7d73b-c2ec-0310-8fea-fb051d288c6d","author":"Allan Odgaard","date":"2005-08-05T21:53:32+00:00"},{"summary":"• added [REMOVED] to the keywords matched (for the release notes)","commit":"6d4eeb405a9d5ff9f7edf30d5edbff2f2c00a3e4","body":"git-svn-id: http://svn.textmate.org/trunk/Bundles/Text Utilities.tmbundle@1406 dfb7d73b-c2ec-0310-8fea-fb051d288c6d","author":"Allan Odgaard","date":"2005-08-01T20:42:40+00:00"},{"summary":"• the equivalent of “EOL + ; + LF”. Moves to end of line, inserts a dot and then a newline (works for the text scope only)","commit":"46bae1185b9fa688a20c3723413af35f6e591cf9","body":"git-svn-id: http://svn.textmate.org/trunk/Bundles/Text Utilities.tmbundle@1405 dfb7d73b-c2ec-0310-8fea-fb051d288c6d","author":"Allan Odgaard","date":"2005-08-01T07:17:28+00:00"},{"summary":"More tweaks","commit":"e2f727e7f587accd1e4e09f8cd19d9e8f600cf1a","body":"git-svn-id: http://svn.textmate.org/trunk/Bundles/Text Utilities.tmbundle@1390 dfb7d73b-c2ec-0310-8fea-fb051d288c6d","author":"David Heinemeier Hansson","date":"2005-07-28T12:45:25+00:00"},{"summary":"• removed soft wrap setting for text and source.","commit":"df0bae06043ea298342a03fc5824b7cce96c0ca4","body":"I'm re-introducing the file-type based memory for this in 1.1b16 (though it'll still be possible to do overrides using preferences in the bundle editor).\n\n\ngit-svn-id: http://svn.textmate.org/trunk/Bundles/Text Utilities.tmbundle@1379 dfb7d73b-c2ec-0310-8fea-fb051d288c6d","author":"Allan Odgaard","date":"2005-07-25T04:03:22+00:00"},{"summary":"• added rule to match version strings [1]","commit":"089d19064f91f84c477e0cca6a067b3622e488e9","body":"This was mainly to get rid of the misspelling underline in the release notes. The version string must be prefixed by a V or have the trailing [abdf] build number (to avoid false positives).\n\n[1] http://developer.apple.com/documentation/MacOSX/Conceptual/BPRuntimeConfig/Concepts/PListKeys.html#//apple_ref/doc/uid/20001431-102364-TPXREF106\n\n\ngit-svn-id: http://svn.textmate.org/trunk/Bundles/Text Utilities.tmbundle@1370 dfb7d73b-c2ec-0310-8fea-fb051d288c6d","author":"Allan Odgaard","date":"2005-07-24T02:53:12+00:00"},{"summary":"• changed all these to use paragraph instead of line (since paragraph is really just a line, but unaffected by soft wrap) -- so these now all work even with soft wrap enabled","commit":"a6d544301a32efcd7e80b0c1760bda88f7d7cd8a","body":"git-svn-id: http://svn.textmate.org/trunk/Bundles/Text Utilities.tmbundle@1365 dfb7d73b-c2ec-0310-8fea-fb051d288c6d","author":"Allan Odgaard","date":"2005-07-23T08:43:10+00:00"},{"summary":"• added “basic” markup styles as bundle preferences.","commit":"724fddfcee72c214a503d4b8e6f7c82954f8ee49","body":"Since the new color &amp; font preferences do not allow a theme to source multiple setting groups (a theme is one color set), shared styles (currently) need to reside in bundles -- this does _not_ mean I want language specific styles in the bundles. These current styles should work with any color set (in that the diff styles set both foreground + background, and the font styles just only change the font style) -- these preferences can be overridden in preferences / fonts &amp; colors (1.1b15).\n\n\n\ngit-svn-id: http://svn.textmate.org/trunk/Bundles/Text Utilities.tmbundle@1352 dfb7d73b-c2ec-0310-8fea-fb051d288c6d","author":"Allan Odgaard","date":"2005-07-21T20:18:09+00:00"},{"summary":"• removed text.plain from scope so that this also works for text.html[.markdown]","commit":"d60ab3dbad79d0495d3d6cf9d3317795de41b484","body":"git-svn-id: http://svn.textmate.org/trunk/Bundles/Text Utilities.tmbundle@1343 dfb7d73b-c2ec-0310-8fea-fb051d288c6d","author":"Allan Odgaard","date":"2005-07-20T21:10:45+00:00"},{"summary":"• most of this was previously set in the theme editor (these files are ignored in 1.1b14)","commit":"83bded04bd1e1e70e24469c6b997e57916cd231c","body":"git-svn-id: http://svn.textmate.org/trunk/Bundles/Text Utilities.tmbundle@1332 dfb7d73b-c2ec-0310-8fea-fb051d288c6d","author":"Allan Odgaard","date":"2005-07-14T00:47:09+00:00"},{"summary":"• renamed this bundle to just Text -- this is similar to the Source bundle (and starting with next beta, this bundle will contain text related settings, so it's no longer just utilities)","commit":"8004a2bca0852d22b3e94a1f53587897334e84c8","body":"git-svn-id: http://svn.textmate.org/trunk/Bundles/Text Utilities.tmbundle@1308 dfb7d73b-c2ec-0310-8fea-fb051d288c6d","author":"Allan Odgaard","date":"2005-07-06T15:42:52+00:00"},{"summary":"• joins current and next line, removing any leading indent from the next line first, and places the caret where the lines were joined.","commit":"a99a75e4a4bf0a2cd571728ea36ce774a0d4abdc","body":"It deliberately keeps trailing spaces since I often have:\n   some_function(arg1, \n      arg2, \n      arg3\n   );\nYou can't see it, but the first two lines have a trailing space, so pressing ctrl-shift-J 3 times on the first line results in:\n   some_function(arg1, arg2, arg3);\n\n\n\ngit-svn-id: http://svn.textmate.org/trunk/Bundles/Text Utilities.tmbundle@1295 dfb7d73b-c2ec-0310-8fea-fb051d288c6d","author":"Allan Odgaard","date":"2005-07-05T19:26:30+00:00"},{"summary":"• since I've started to annotate release note items I figured I'd markup these annotations as keyword.other (it was a close tie between this and storage.type, since it's really the “type” of the release note item).","commit":"96750738c1e977e4266d531782bfcefa491a912f","body":"git-svn-id: http://svn.textmate.org/trunk/Bundles/Text Utilities.tmbundle@1244 dfb7d73b-c2ec-0310-8fea-fb051d288c6d","author":"Allan Odgaard","date":"2005-06-24T05:53:39+00:00"},{"summary":"• added : to the URL end characters","commit":"7e2c40450e3de27cd71ffcaffeee40ad5121281c","body":"git-svn-id: http://svn.textmate.org/trunk/Bundles/Text Utilities.tmbundle@1210 dfb7d73b-c2ec-0310-8fea-fb051d288c6d","author":"Allan Odgaard","date":"2005-06-21T22:24:38+00:00"},{"summary":"Make the link underlining in Plain Text not underline a trailing >","commit":"cdadd1460ba1a29c6442d13dc1f94eced2365e52","body":"git-svn-id: http://svn.textmate.org/trunk/Bundles/Text Utilities.tmbundle@1208 dfb7d73b-c2ec-0310-8fea-fb051d288c6d","author":"Kevin Ballard","date":"2005-06-21T04:04:52+00:00"},{"summary":"When you need some sample text (I guess mostly for web-design). For history of Lorem ipsum, see http://www.lipsum.com/","commit":"18e5986b50e0d70f0cfbedbbcb44855c8b386c89","body":"git-svn-id: http://svn.textmate.org/trunk/Bundles/Text Utilities.tmbundle@1202 dfb7d73b-c2ec-0310-8fea-fb051d288c6d","author":"Allan Odgaard","date":"2005-06-16T21:28:28+00:00"},{"summary":"I added a rule to highlight URLs because someone asked about it on the ML, and it turned out to actually be quite nice to have them underlined, so now I'm committing it.","commit":"6b89fbc745bd5c70041ee183a0b8fbec0def60ec","body":"The pattern used is a huge simplification, but all patterns I found which allow only valid URLs (to some degree) doesn't handle when the URL is e.g. in (parenthesis), \"quoted\", followed by a comma, or similar. But anyone wanting to make the pattern more complex is of course welcome, just remember to handle these cases.\n\n\ngit-svn-id: http://svn.textmate.org/trunk/Bundles/Text Utilities.tmbundle@1071 dfb7d73b-c2ec-0310-8fea-fb051d288c6d","author":"Allan Odgaard","date":"2005-05-25T08:30:44+00:00"},{"summary":"If “Dictionary” is not already running, we run the command twice to work around a bug which causes it to lose the word given the first time.","commit":"ced22ccb53cbac340e8476f010c0ff4b5e8b1af7","body":"git-svn-id: http://svn.textmate.org/trunk/Bundles/Text Utilities.tmbundle@957 dfb7d73b-c2ec-0310-8fea-fb051d288c6d","author":"Allan Odgaard","date":"2005-05-18T18:20:48+00:00"},{"summary":"For Tiger Users, this command just activates the new built-in dictionary for $TM_CURRENT_WORD.  Bound to Command-shift-d for easy access.  Note:  There is a dictionary bug where it will not show the selected word if the dictionary was not already started.","commit":"9622de3c6c14acd2d79e1437f1f8e8141b511faa","body":"git-svn-id: http://svn.textmate.org/trunk/Bundles/Text Utilities.tmbundle@956 dfb7d73b-c2ec-0310-8fea-fb051d288c6d","author":"Brad Miller","date":"2005-05-18T16:41:23+00:00"},{"summary":"Changed all uses of \\&lt; and \\> to \\b. Beta 9 uses oniguruma as regular expression library and doesn't have the former. Other than that, and lack of conditions (?(n)&lt;true>:&lt;false>) (and different syntax for (?R)) then there shouldn't be any compatibility problems. On the positive side, oniguruma has recursive sub-groups, look-behind, is faster, and gives proper error codes for bad regular expressions!","commit":"a23b51ab7dbade79a478202b87d91e8dad1e0f9d","body":"git-svn-id: http://svn.textmate.org/trunk/Bundles/Text Utilities.tmbundle@916 dfb7d73b-c2ec-0310-8fea-fb051d288c6d","author":"Allan Odgaard","date":"2005-05-15T02:18:40+00:00"},{"summary":"Renamed snippets to use the more dominant “non-transposed letters”-English.","commit":"0f0c641e4fd84fb8b7fe4e9ced7d81fd322986da","body":"git-svn-id: http://svn.textmate.org/trunk/Bundles/Text Utilities.tmbundle@862 dfb7d73b-c2ec-0310-8fea-fb051d288c6d","author":"Allan Odgaard","date":"2005-05-06T16:10:34+00:00"},{"summary":"• Changed “dummy” to “declaration” in scope.","commit":"da2c2b01b06115cdebbb80378e02b601bf8b1f9e","body":"git-svn-id: http://svn.textmate.org/trunk/Bundles/Text Utilities.tmbundle@859 dfb7d73b-c2ec-0310-8fea-fb051d288c6d","author":"Allan Odgaard","date":"2005-05-06T12:33:17+00:00"},{"summary":"Mostly just for show! :)","commit":"f70ddd4f701ca287b0885b925201b1dca77f4494","body":"git-svn-id: http://svn.textmate.org/trunk/Bundles/Text Utilities.tmbundle@844 dfb7d73b-c2ec-0310-8fea-fb051d288c6d","author":"Allan Odgaard","date":"2005-05-04T11:22:49+00:00"},{"summary":"Minor changes made to rule names.","commit":"4fd53f81dabf1ff2345177d756b2f6f3338abf71","body":"git-svn-id: http://svn.textmate.org/trunk/Bundles/Text Utilities.tmbundle@835 dfb7d73b-c2ec-0310-8fea-fb051d288c6d","author":"Allan Odgaard","date":"2005-05-04T01:18:00+00:00"},{"summary":"A lot of renaming, re-ordering, inserting “whatever” as placeholder text etc.","commit":"1ca076695e8406c5c9de9ce7967f6d9506f97fc0","body":"git-svn-id: http://svn.textmate.org/trunk/Bundles/Text Utilities.tmbundle@808 dfb7d73b-c2ec-0310-8fea-fb051d288c6d","author":"Allan Odgaard","date":"2005-04-29T08:20:06+00:00"},{"summary":"Add new command","commit":"c6f6272514639d164365002d21f510bfd7dfd20a","body":"git-svn-id: http://svn.textmate.org/trunk/Bundles/Text Utilities.tmbundle@803 dfb7d73b-c2ec-0310-8fea-fb051d288c6d","author":"Kevin Ballard","date":"2005-04-29T02:08:08+00:00"},{"summary":"Moved all bundles. I'm not sure what happens if you do “svn up” and you have modified stuff inside one of the bundles.","commit":"37ca3ee45a911993988c6e2d60bcac8c8c551557","body":"git-svn-id: http://svn.textmate.org/trunk/Bundles/Text Utilities.tmbundle@622 dfb7d73b-c2ec-0310-8fea-fb051d288c6d","author":"Allan Odgaard","date":"2005-04-21T07:41:17+00:00"},{"summary":"This goes to EOL and sets a period on cmd-option return, but only in “text.*” -- I've gotten so used to cmd-option return (to get a semi-colon) in sources, that I expect the same in text (but with a period), e.g. when ending a sentence with a parenthesis.","commit":"606a836a901bfc49b59d1a53eecd2584969e72d1","body":"git-svn-id: http://svn.textmate.org/trunk/Text Utilities.tmbundle@616 dfb7d73b-c2ec-0310-8fea-fb051d288c6d","author":"Allan Odgaard","date":"2005-04-21T07:15:11+00:00"},{"summary":"Use 'enter' after a bullet point (in text.plain) to get a new bullet at the next line.","commit":"18b43fe023c7ee7a91f574795445712429ede4ec","body":"git-svn-id: http://svn.textmate.org/trunk/Text Utilities.tmbundle@613 dfb7d73b-c2ec-0310-8fea-fb051d288c6d","author":"Allan Odgaard","date":"2005-04-21T07:10:37+00:00"},{"summary":"• Added scopeName key to all languages. Most of them as source.&lt;filename>. • Added a language for plain text files, currently just markups bullet points (so I can continue these on 'enter' using a scoped snippet). • Added a new “firstLineMatch” key to Perl, Ruby, and Shell languages. • The C/Objective-C languages use the scopeName in their include directives, this doesn't work for beta 5. • Ruby now includes “source.ruby” when using #{ ... } in strings. • Added capture names to a few languages (objective-c methods, though it's not very consistant, we'll need to discuss how to split up functions and name the various parts). • Removed plist filetype from XML, assuming that people loading a plist into a text editor would generally use the old-style format.","commit":"ad1e704cdc8e47fd9d115deac82e6fb4a50e8b48","body":"git-svn-id: http://svn.textmate.org/trunk/Text Utilities.tmbundle@612 dfb7d73b-c2ec-0310-8fea-fb051d288c6d","author":"Allan Odgaard","date":"2005-04-21T07:08:56+00:00"},{"summary":"• Why not? :)","commit":"eecd3351042baef98e01d134a47a4d9525802a7f","body":"git-svn-id: http://svn.textmate.org/trunk/Text Utilities.tmbundle@432 dfb7d73b-c2ec-0310-8fea-fb051d288c6d","author":"Allan Odgaard","date":"2005-03-06T02:52:58+00:00"},{"summary":"• Only strips “> ” at the beginning of lines.","commit":"dd175074811771da99d9a684ea9c47374cd643b0","body":"git-svn-id: http://svn.textmate.org/trunk/Text Utilities.tmbundle@397 dfb7d73b-c2ec-0310-8fea-fb051d288c6d","author":"Allan Odgaard","date":"2005-03-01T04:52:45+00:00"},{"summary":"• Added a word count command (ctrl-shift-N)","commit":"a370eff0766ff42cb66f752ef36ffd6e6e8e0ea7","body":"git-svn-id: http://svn.textmate.org/trunk/Text Utilities.tmbundle@396 dfb7d73b-c2ec-0310-8fea-fb051d288c6d","author":"Allan Odgaard","date":"2005-03-01T04:44:30+00:00"},{"summary":"Last 'minor' cleanup (me thinks)","commit":"4de8cbf475f5109e4f09db77cf25e6b69a848fbd","body":"git-svn-id: http://svn.textmate.org/trunk/Text Utilities.tmbundle@138 dfb7d73b-c2ec-0310-8fea-fb051d288c6d","author":"Allan Odgaard","date":"2005-01-24T22:21:57+00:00"},{"summary":"More cleanup.","commit":"7280def480431b580e5f580a58903aa47b69eb51","body":"git-svn-id: http://svn.textmate.org/trunk/Text Utilities.tmbundle@137 dfb7d73b-c2ec-0310-8fea-fb051d288c6d","author":"Allan Odgaard","date":"2005-01-24T22:01:54+00:00"},{"summary":"Moved sort/sort+uniq to text utils. and made them commands instead of macros.","commit":"7ae93e6a404e2932595ae413f11d6433f652994e","body":"git-svn-id: http://svn.textmate.org/trunk/Text Utilities.tmbundle@135 dfb7d73b-c2ec-0310-8fea-fb051d288c6d","author":"Allan Odgaard","date":"2005-01-24T21:35:15+00:00"},{"summary":"Some seem to have a need for this ;)","commit":"7941f549d4bb078184acf89bcbee8a181184624d","body":"git-svn-id: http://svn.textmate.org/trunk/Text Utilities.tmbundle@133 dfb7d73b-c2ec-0310-8fea-fb051d288c6d","author":"Allan Odgaard","date":"2005-01-24T21:17:26+00:00"}],"web":"https://github.com/textmate/text.tmbundle/commit/","name":"Text"}