[{"uri":"http://redhat.local/","value":"firebugged.showFirebug"},{"uri":"http://redhat.local/forms/index.html?v=Download&offer_id=70160000000bHtxxxx&sc_cid=A&pid=1&verificationid=5fb3d1d6&version=1.8.7%20LOCAL&p=http%3A%2F%2Fredhat.local%2Fforms%2Fthanks.html","value":"firebugged.showFirebug"},{"uri":"http://redhat.local/forms/index.html?v=Download&offer_id=70160000000bHtxxxx&sc_cid=A&pid=1&verificationid=bd613092&version=1.8.7%20LOCAL&p=http%3A%2F%2Fredhat.local%2Fforms%2Fthanks.html","value":"firebugged.showFirebug"},{"uri":"http://cms-300.usersys.redhat.com/forms-prod/example/prod/SingleOffer.html","value":"firebugged.showFirebug"},{"uri":"http://cms-300.usersys.redhat.com/","value":"firebugged.showFirebug"},{"uri":"http://cms-300.usersys.redhat.com/forms/example/dev/SingleOfferUDF_event.html","value":"firebugged.showFirebug"},{"uri":"http://redhat.local/forms/example/dev/SingleOfferUDF_event.html","value":"firebugged.showFirebug"},{"uri":"http://10.192.214.193:8000/","value":"firebugged.showFirebug"},{"uri":"http://10.192.214.193:8000/sites/rdu/floors/","value":"firebugged.showFirebug"},{"uri":"https://docs.google.com/","value":"firebugged.showFirebug"},{"uri":"https://docs.google.com/a/theharris.info/file/d/0B3O7X-hPawA-Y0RzZEIwTW1jOWs/edit?usp=sharing","value":"firebugged.showFirebug"},{"uri":"https://doc-0s-40-docs.googleusercontent.com/","value":"firebugged.showFirebug"},{"uri":"https://doc-0s-40-docs.googleusercontent.com/docs/securesc/ha0ro937gcuc7l7deffksulhg5h7mbp1/ot2o1a1t8mdpog0h8in3bu6jbr5or4e1/1383854400000/11228421474453823853/*/0B3O7X-hPawA-Y0RzZEIwTW1jOWs?h=16653014193614665626&e=download","value":"firebugged.showFirebug"}]