{"commits":[{"body":"git-svn-id: http://svn.textmate.org/trunk/Bundles/Ruby on Rails.tmbundle@11072 dfb7d73b-c2ec-0310-8fea-fb051d288c6d","commit":"b3228daebf697f16cacf7ac72615396fb1be3a4d","date":"2009-01-04T19:27:02+00:00","summary":"Adding encoding comments to the Bundles directory where needed.  Patch from Dave Thomas.","author":"James Edward Gray II"},{"body":"","commit":"3b711d8381fbab4fd0ee6413d3ba12696f838edc","date":"2012-09-04T06:14:14-04:00","summary":"add skip_filter and skip_around_filter to list of support functions","author":"Josh Goebel"},{"body":"","commit":"ad75e6c2bb0bedf1e9140e0a3c2e5e7489d4ac72","date":"2012-09-10T03:28:04-05:00","summary":"Add initial semantic classes.","author":"Michael Sheets"},{"body":"","commit":"6760edb36461c0b0a7b79dee142c12d83a875d21","date":"2012-07-12T18:50:37-05:00","summary":"Remove rescan_project usage as it is not needed in 2.0","author":"Michael Sheets"},{"body":"Using 1.9 syntax, in `{ label: \"foo\" }` the key was colorized as Rails function instead of symbol.","commit":"7464af47b32c87bdf2bbfa22720188283895d2ef","date":"2012-05-28T12:18:24+02:00","summary":"Colorize hash keys looking like Rails functions correctly.","author":"Stefan Daschek"},{"body":"","commit":"531267d1c1e49aaca16d7de543935b17d856b830","date":"2011-11-21T20:44:10-06:00","summary":"Change root scope to source.js.erb.rails","author":"Michael Sheets"},{"body":"","commit":"8aa2481cb8afb6e3050468ae3f96580f0fd8fc03","date":"2011-11-21T20:06:24-06:00","summary":"Allow whitespace marker at beginning of tag.","author":"Michael Sheets"},{"body":"","commit":"926cbf4c9e6d8e164d2f87cc633d6f9c5eee8323","date":"2011-11-21T19:30:49-06:00","summary":"Remove folding settings.","author":"Michael Sheets"},{"body":"","commit":"7a291469658c57ab934c3347438fc6d0853c040e","date":"2011-11-21T19:20:49-06:00","summary":"Update readme.","author":"Michael Sheets"},{"body":"","commit":"ef4c75fa695cfa04219b758d6e7193e3c5828e19","date":"2011-11-21T19:16:15-06:00","summary":"Revamp erb grammar, replace root scope.","author":"Michael Sheets"},{"body":"","commit":"3637ed161ccffbbc7b00a4cabc9e5ee39bf9a5a7","date":"2011-07-23T18:05:53-07:00","summary":"Resolve invalid character in Ruby 1.9","author":"Claudio Poli"},{"body":"","commit":"eb5f07735b5edd8908f6dd60de34136db44f9c23","date":"2011-07-07T17:39:55+01:00","summary":"Added 'validates (v)' snippet","author":"Kostas Dizas"},{"body":"","commit":"54d539b5a4a8b7ddc99e0fb1439d2d722332b0c0","date":"2011-06-15T14:03:00-07:00","summary":"Enable ruby syntax highlighting in the Gemfile","author":"Derek Prior"},{"body":"","commit":"3c0da301bcdc8f0851a824e6061a8885d3437749","date":"2011-02-03T10:33:29-02:00","summary":"Improved get snippet.","author":"Carlos Brando"},{"body":"","commit":"157bbfc5a8048cae3286134c0f98dcb7f8b4485d","date":"2011-02-01T11:00:35-08:00","summary":"Fixed bug caused by invalid chars in create_partial_from_selection.rb line 17","author":"Matthew Lehner"},{"body":"","commit":"2f4329e61c57033c4f2aba56736120cbb0b24b84","date":"2011-01-28T10:24:01-02:00","summary":"Fix bug with RVM support and added some new snippets.","author":"Carlos Brando"},{"body":"","commit":"380abd5ad07963e4bc35ffd7fa0f8239ce610c0f","date":"2010-12-08T07:31:36-08:00","summary":"Add 'validates' as valid syntax in support.function.activerecord.rails","author":"Dylan Markow"},{"body":"","commit":"b562b8195b617babdec4a3c6ff66ecdc0f1f836f","date":"2010-09-07T09:22:42-07:00","summary":"README fixed.","author":"Carlos Brando"},{"body":"","commit":"37cff3f70197c3998eb6a31680820b5ef2de5a52","date":"2010-08-23T00:34:50-03:00","summary":"Improved link_to_function and gem snippet.","author":"Carlos Brando"},{"body":"","commit":"ebfd96d06773c260fbc29e2a0483a8722ddb9506","date":"2010-08-22T15:31:57-05:00","summary":"Move find_each into the menu proper.","author":"Michael Sheets"},{"body":"","commit":"cc21f9881e569ea9b49f6c0e92b91ece72a86d0f","date":"2009-08-29T11:12:36+02:00","summary":"Re-introduce entity escape lost in commit 7116f14.","author":"Allan Odgaard"},{"body":"","commit":"fb8f9c6a3be85568a809f86cbcf8c165e8d5d7bb","date":"2010-08-13T15:05:37-03:00","summary":"Test needs to check rvm configuration too. Fixed gem snippet.","author":"Carlos Brando"},{"body":"","commit":"053a1d3dc06e02472f99f4c6f8cd9092a9195974","date":"2010-08-11T14:36:58+08:00","summary":"fix bug for invalid multibyte char (US-ASCII) in rake_helper.rb line 67","author":"robertlyc"},{"body":"","commit":"54fa7b253bb99a083fc2137cda6a4648f7694197","date":"2010-06-28T10:14:02-03:00","summary":"Fixed autocomplete bug when model has no associations. Thanks alobato (Arley Lobato). Changed Create functional test snippet.","author":"Carlos Brando"},{"body":"","commit":"9ead074119a2d71919b23a91eb63264e19822996","date":"2010-06-24T18:40:22-03:00","summary":"Changed JavaScript (Rails)'s pattern from source.ruby.rails.erb to source.ruby.rails.embedded.html.","author":"Carlos Brando"},{"body":"","commit":"92ed483bbf4913f319f2970575daf6bc99cb2ba5","date":"2010-06-24T18:34:20-03:00","summary":"Ops, remove ','.","author":"Carlos Brando"},{"body":"","commit":"3a2efc6a15bebd5dca03058b24b10e9f191e9e6a","date":"2010-06-24T18:20:11-03:00","summary":"Added jQuery to JavaScript (Rails) language syntax.","author":"Carlos Brando"},{"body":"","commit":"6efc35f5413c83e25b4888065b8bc8008659b9a2","date":"2010-06-24T15:46:46-03:00","summary":"Updated respond_to and respond_with to Rails 3.","author":"Carlos Brando"},{"body":"","commit":"40a4585ae6872c987f11fa8f03de22d294f95856","date":"2010-06-24T13:15:14-03:00","summary":"Updated before_validation and after_validation to Rails 3 syntax.","author":"Carlos Brando"},{"body":"","commit":"3b74b5fcd5c4a00deb3203197de5fe82af65b11c","date":"2010-06-23T16:41:19-03:00","summary":"Updated named_scope to scope (Rails 3) and changed all associations snippets to meta.rails.model scope.","author":"Carlos Brando"},{"body":"","commit":"f5a049d82afe849c503e00a302c826f0dcba6eb2","date":"2010-06-22T14:11:07-03:00","summary":"Added setup snippet and reorganized tests menu.","author":"Carlos Brando"},{"body":"","commit":"4d36a4b76820aa79e86e4938836056e496a497a6","date":"2010-06-16T16:33:21-03:00","summary":"Refactoring code.","author":"Carlos Brando"},{"body":"","commit":"c772819e62a2f608e2c27753aae3b023563c98bb","date":"2010-06-16T18:06:40+08:00","summary":"added support for namespaced/nested models sort keys when choosing model","author":"Henning Staib"},{"body":"","commit":"8da445413132e44d919b060b81125d784bd59b21","date":"2010-06-10T16:01:11-03:00","summary":"Added resources, collection, and member snippets.","author":"Carlos Brando"},{"body":"","commit":"13e2c0a7a9383e937b94dc5e0b49f82602bdf1e8","date":"2010-06-09T02:28:56-03:00","summary":"Changed the way to get the current RVM version.","author":"Carlos Brando"},{"body":"","commit":"15c58371b4c4193fab85fe65caeabef209f0586e","date":"2010-06-08T16:53:15-03:00","summary":"Disabled to show error messages when canceling autocomplete. Changed tab trigger for link_to snippets.","author":"Carlos Brando"},{"body":"","commit":"7b5729ddda715f1c2d18c69ee1baea9702562563","date":"2010-06-01T10:58:40-03:00","summary":"Updated to RVM 0.1.37.","author":"Carlos Brando"},{"body":"","commit":"373b3977b54e73f300abf58e0da1ab22e9cd9458","date":"2010-05-31T22:29:08-03:00","summary":"Update for RVM 0.1.36.","author":"Carlos Brando"},{"body":"","commit":"cb7e763a819e6cd014bdd084a28528eddab401fb","date":"2010-05-28T03:15:46-03:00","summary":"Autocomplete Routes. => routesrc + &lt;tab> Does anyone have a better suggestion for the tab trigger?","author":"Carlos Brando"},{"body":"","commit":"075e82c0b372a64da46e4c7202e73a4b6b075196","date":"2010-05-28T02:04:15-03:00","summary":"Remove .&lt;tab>.","author":"Carlos Brando"},{"body":"","commit":"7576441695c8ae5ae2afd6887f75a629775055a9","date":"2010-05-27T18:23:42-03:00","summary":"Refactoring list_columns.","author":"Carlos Brando"},{"body":"","commit":"7d5489d073b3a38086ca85b5d3bfc14aa53e9445","date":"2010-05-27T15:58:32-03:00","summary":"Refactoring 'Set RVM...' snippet.","author":"Carlos Brando"},{"body":"","commit":"ba13bb8e18ba26095b66763720424fdd39f0d631","date":"2010-05-26T14:31:38-03:00","summary":"Fix match snippet.","author":"Carlos Brando"},{"body":"","commit":"b7580b9ea7838de0be7dce98388a32d69081302a","date":"2010-05-25T15:51:46-03:00","summary":"Check if RVM isn't outdated.","author":"Carlos Brando"},{"body":"","commit":"aef8f05ec85e631e15ec8326fad4a00d8b54d439","date":"2010-05-25T15:23:32-03:00","summary":"Changed belongs_to scope and fixed rvm gemsets list for rvm 0.1.33","author":"Carlos Brando"},{"body":"","commit":"ad64c506c489c82243da030890e5e98cc6f5c14b","date":"2010-05-21T12:41:09-07:00","summary":"","author":"Carlos Brando"},{"body":"","commit":"ac91fbdc8794dbf2f3edcbc735fd2af23e3a5df9","date":"2010-05-21T12:39:46-07:00","summary":"Updated README.","author":"Carlos Brando"},{"body":"","commit":"976a3af9e7e993609a4843dd7ea0ca80b54138a4","date":"2010-05-20T19:26:01-03:00","summary":"Improved Rails checking.","author":"Carlos Brando"},{"body":"Conflicts:\n\n\tSupport/bin/list_columns.rb","commit":"e1deb2eaec59f0c477da82bb42ce71f9038714ec","date":"2010-05-20T19:22:44-03:00","summary":"be bundler aware for rails existance","author":"Carlos Brando"},{"body":"This reverts commit 23d3e80f2f00b8bc05b13c01135efe22da0440d5.","commit":"ac27092d21ab2b2d624c75eb47e8b962fe848804","date":"2010-05-20T19:07:58-03:00","summary":"Revert \"--author x\"","author":"Carlos Brando"},{"body":"","commit":"23d3e80f2f00b8bc05b13c01135efe22da0440d5","date":"2010-05-20T19:07:01-03:00","summary":"--author x","author":"Carlos Brando"},{"body":"","commit":"a7e24a45422728881cfa84ee882cee7db898f1f3","date":"2010-05-20T18:49:34-03:00","summary":"Fixed issue #6: private method ’sub’ called for nil::Nilclass","author":"Carlos Brando"},{"body":"","commit":"3bb2ab62c19e9f53c5f99722b186045686cc6796","date":"2010-05-19T16:41:36-03:00","summary":"Thanks ramonrails: Added new activation: dot+tab for attributes autocomplete.","author":"Carlos Brando"},{"body":"","commit":"342e8c833366f9a7b0755fcfc396b8a02ca768b2","date":"2010-05-19T14:58:36-03:00","summary":"Added match snippet and adjusts meta.rails.routes for Rails 3.","author":"Carlos Brando"},{"body":"","commit":"570ab6886d6e955647c99f805714b57ebde717ae","date":"2010-05-19T13:46:10-03:00","summary":"Added comment.","author":"Carlos Brando"},{"body":"","commit":"10678331984a6dae0e1922eff2f7eb8358430e0b","date":"2010-05-19T13:45:15-03:00","summary":"Check if Rails is installed.","author":"Carlos Brando"},{"body":"","commit":"55505642cc80bd72f14013f969c49916800bbbc1","date":"2010-05-19T10:38:25-03:00","summary":"Fixed a syntax error that prevented the column list to be loaded from schema. Thanks ramonrails.","author":"Carlos Brando"},{"body":"","commit":"7f999a1fa4130156cdaa76751eaa2ec2111d440b","date":"2010-05-19T10:32:06-03:00","summary":"Fixed Untitled window error.","author":"Carlos Brando"},{"body":"","commit":"149f46a995b917c56ccf0d7b12b603c7952f4ba1","date":"2010-05-19T09:51:24-03:00","summary":"Added \"Set a new gemset...\" option.","author":"Carlos Brando"},{"body":"This reverts commit 65466ca8440d1990a2c06c60c72a5b1051c46137.","commit":"af08032be5eb1f5779e3047827c2aa7b8f15747b","date":"2010-05-18T14:48:55-03:00","summary":"Revert \"Added create gemset option\"","author":"Carlos Brando"},{"body":"","commit":"65466ca8440d1990a2c06c60c72a5b1051c46137","date":"2010-05-18T14:47:44-03:00","summary":"Added create gemset option","author":"Carlos Brando"},{"body":"","commit":"045a659dbf868d574e5d51bb783133d4fb70b893","date":"2010-05-18T09:17:03-03:00","summary":"Removed ellipsis character.","author":"Carlos Brando"},{"body":"","commit":"267337c0eed32b56742f0038d823e8427ad35577","date":"2010-05-17T15:10:09-03:00","summary":"Update cache when set a model for an unknown variable name.","author":"Carlos Brando"},{"body":"","commit":"9d24f04d5b9bca20172a8d9c849d23ec16d3e7b3","date":"2010-05-17T14:54:16-03:00","summary":"Accepts user and current_user, product and first_product, etc.. check for underscored names.","author":"Carlos Brando"},{"body":"","commit":"00181320c64e170fee98c1653234fa5f2705a0d5","date":"2010-05-17T05:01:45-07:00","summary":"","author":"Carlos Brando"},{"body":"","commit":"0e6dd41ea345a2f12bd19f232e0002cd66097880","date":"2010-05-17T04:59:18-03:00","summary":"Remove unnecessary line.","author":"Carlos Brando"},{"body":"","commit":"616c9eea4fae4fde41ef93a0445d68ce4ed20d21","date":"2010-05-15T12:33:04-03:00","summary":"Added new command \"Set RVM...\".","author":"Carlos Brando"},{"body":"","commit":"74fd72039c9f88e9892832d7b9fb304ee75748be","date":"2010-05-15T01:29:52-03:00","summary":"Fixed some Ruby 1.9 errors. String#to_a changed to #split with arguments.","author":"Carlos Brando"},{"body":"","commit":"0ac097006473cdfc641764dae6b6f65248cbb000","date":"2010-05-14T23:57:28-03:00","summary":"Fixed bugs when using RVM.","author":"Carlos Brando"},{"body":"","commit":"23475911ee575a63daed7595ba4e634c09728844","date":"2010-05-14T20:36:24-03:00","summary":"If .rvmrc file exists change to the right RVM config for project.","author":"Carlos Brando"},{"body":"","commit":"61606f1ce217526bd1a06ddcaeb47b1214a694f5","date":"2010-05-14T17:18:44-03:00","summary":"Improved word method.","author":"Carlos Brando"},{"body":"","commit":"e50bc0851dd116f01be50fcd7f6158e11fdd3b0b","date":"2010-05-12T15:32:40-03:00","summary":"Reorganized menu.","author":"Carlos Brando"},{"body":"","commit":"013661043acc57f5b01332d8bc026e99cf681898","date":"2010-05-12T15:30:37-03:00","summary":"Improved list_columns and added two new bundles.","author":"Carlos Brando"},{"body":"","commit":"542ba16b6611a1fd9d680482253198ddfc965c63","date":"2010-05-06T11:05:43-03:00","summary":"Changed README","author":"Carlos Brando"},{"body":"","commit":"8e19c9f9290f8d8a1ae3cb5a6b9eafa856d972fe","date":"2010-05-06T01:10:16-03:00","summary":"Fixed when used in a view.","author":"Carlos Brando"},{"body":"","commit":"c911ff953e65a700ec6a5aa6263e8f215933bda6","date":"2010-04-27T23:16:36-03:00","summary":"Fixed error when cannot access database.","author":"Carlos Brando"},{"body":"","commit":"d876c3e5bf78b032bb0d585fcd0de9b8c71506f6","date":"2010-04-27T17:56:48-03:00","summary":"Changed list.","author":"Carlos Brando"},{"body":"","commit":"82b144da7795db0198a3a1826ddaf87c1ef263e2","date":"2010-04-26T22:14:14-03:00","summary":"Remove spaces.","author":"Carlos Brando"},{"body":"","commit":"48174a2944c3418e120284f0414bc5e4556c1986","date":"2010-04-26T19:19:50-03:00","summary":"Remove second_time argument.","author":"Carlos Brando"},{"body":"","commit":"d964c68ec283520c63d24c80595785342ac29b36","date":"2010-04-26T19:17:54-03:00","summary":"Improve error system of list_columns command.","author":"Carlos Brando"},{"body":"","commit":"8bd8756db7ff971cc197196ab6d4a10ba0d07337","date":"2010-04-26T17:39:15-03:00","summary":"Changed the way to store the database's columns in the cache.","author":"Carlos Brando"},{"body":"","commit":"ad83312e7cbfae98840695a7303ffae7e493918d","date":"2010-04-22T02:03:57-03:00","summary":"Added associations in list_columns command menu.","author":"Carlos Brando"},{"body":"","commit":"5d083ca88c0e06c5777f39f670ace0c1ee812003","date":"2010-04-22T00:23:51-03:00","summary":"Added new command to list columns of a model.","author":"Carlos Brando"},{"body":"","commit":"e01d8fe9851a93a0562734669ea602da58f22c9d","date":"2010-04-09T10:35:50-03:00","summary":"New snippets for Bundler","author":"Carlos Brando"},{"body":"","commit":"fef2b25a7f8974f8acd4f835ddd543bb70180b5d","date":"2010-04-09T10:08:56-03:00","summary":"Remove dash of ERB tags as default.","author":"Carlos Brando"},{"body":"","commit":"7e9ea5d80e3229d9cb36cb9aec25046bd18ecabe","date":"2010-03-04T13:27:55-03:00","summary":"Remove \"gemcutter.org\" as a source of config.gem.","author":"Carlos Brando"},{"body":"","commit":"00b4a87fc886aa6f4a4bbce5edb48fdc5a5fd497","date":"2010-03-04T19:57:48+10:00","summary":"Change RAILS_DEFAULT_LOGGER to Rails.logger, and change tab to 'deb' [fixes #12]","author":"Dr Nic Williams"},{"body":"","commit":"ac2365e9251834c9f9e90fcbaf2443838d1779ad","date":"2010-03-04T19:44:14+10:00","summary":"Change some tab stops for assert_* snippets so they all start with 'as' tab trigger.","author":"Dr Nic Williams"},{"body":"","commit":"f6620957f23f24c9f588e282b29104f919bbf774","date":"2010-03-04T15:33:57+10:00","summary":"remove the 'Install Plugins' command + code as it's old, uses an API which is old, and people are moving to gems and not just plugins","author":"Dr Nic Williams"},{"body":"","commit":"e6c6374f689faf31a97a573dd8078454913df9ee","date":"2010-03-04T15:28:53+10:00","summary":"Use File.read to get template contents for ERB.new; instead of File.open","author":"Dr Nic Williams"},{"body":"","commit":"dd2f27db6a14fe54233a6c2382a30b199bbff7b5","date":"2010-03-04T15:24:33+10:00","summary":"removing plugins folder as they now have a healthy happy life in own github repo","author":"Dr Nic Williams"},{"body":"","commit":"d176fedc33ef95feea61375ef93335afc7842258","date":"2010-03-04T15:16:26+10:00","summary":"inserting a dummy Builder.rb at the top of the  to prevent the stack overflow issues; hopefully","author":"Dr Nic Williams"},{"body":"","commit":"dcb8f67f35b3abad32387b473e4245ce18cc0f2c","date":"2010-03-04T15:12:44+10:00","summary":"use a generator's Usage in the 'Call Generate Script' dialog","author":"Dr Nic Williams"},{"body":"","commit":"95a4c032ef536a9638f1af7c5ac7d276ad734ab2","date":"2010-03-04T13:16:43+10:00","summary":"remove some unnecessary stuff","author":"Dr Nic Williams"},{"body":"","commit":"a7ac7bbb9654ae9ff2f19be3339a1c1a7952ae4b","date":"2010-03-04T13:00:11+10:00","summary":"Assuming the infamous Builder.rb doesn't exist, 'Call Generate Script' is finding all generators","author":"Dr Nic Williams"},{"body":"","commit":"b7532d777a3092eb2dc7a6e43ec534ad8da33300","date":"2010-03-04T12:35:38+10:00","summary":"fixed test_generator tests by adding into app_fixtures more files required by script/generate &amp; rails2 apps","author":"Dr Nic Williams"},{"body":"","commit":"4a98129885645f8360cbac17b339581e606f33f4","date":"2010-03-04T12:28:14+10:00","summary":"trivial change: updated fixture script/generate to what is generated by rails 2.3.5","author":"Dr Nic Williams"},{"body":"","commit":"66f7e72bec07c40b6fed1528194ebacdb150b203","date":"2010-03-04T12:25:46+10:00","summary":"Fixed test_rails_path.rb tests by putting back in expected, albeit empty, fixture folders that it tests for but were lost in the transition to git (probably)","author":"Dr Nic Williams"},{"body":"","commit":"7b31735262c6f0fdbfb9d9cd7f4a293f0a3a3097","date":"2010-03-04T11:35:58+10:00","summary":"Changed != prefix to just = for extracted partials in haml","author":"Dr Nic Williams"},{"body":"","commit":"32b3d888f0522bb54cc7cdf4e4eb1aa3d80f5937","date":"2010-02-26T14:16:21-03:00","summary":"A little improvement in image_tag snippet.","author":"Carlos Brando"},{"body":"","commit":"364ebf28fc7d50e4639e4e7da741c8732f2a092c","date":"2010-02-27T00:50:37+08:00","summary":"added image_tag","author":"Klaus Breyer"},{"body":"","commit":"a3add5d72dfdeb0ee027b81c2c1222304d048cb4","date":"2010-02-10T15:38:28-06:00","summary":"Fixing error where, if you're in a gem, it finds methods from that gem twice","author":"Josh Symonds"},{"body":"you should probably just get:\n\ngit://github.com/bmabey/cucumber-tmbundle.git\n\nThis reverts commit 2dc3cdbb6421111d59c398c89f753455af2d6778.","commit":"14874561455027b8383b97bd973ac145151d4e22","date":"2010-02-10T13:44:42-06:00","summary":"Revert \"cucumber support\"","author":"Tim Galeckas"},{"body":"","commit":"4ad2e6540008f8a07a7791b070e1270d0b036b83","date":"2010-02-10T13:40:03-06:00","summary":"finished a todo","author":"Tim Galeckas"},{"body":"","commit":"ae25f1e296fada72bed8e14426ac51d04fdb776c","date":"2010-02-10T11:55:44-06:00","summary":"Even better @-variable finding from views to controllers","author":"Josh Symonds"},{"body":"","commit":"5aae65a63f8b2496a2c3d77981458f0fb1d9d6bb","date":"2010-02-10T11:38:33-06:00","summary":"Making the finder a class and introducing better @-variable finding","author":"Josh Symonds"},{"body":"","commit":"85fac2b09fa4502d2adf8165fc3402ca2fbef3d8","date":"2010-02-10T09:42:17-06:00","summary":"Commiting in some of Tim's sensible changes","author":"Josh Symonds"},{"body":"","commit":"ea6b6c5cea459d628894cd7223e304970c546f32","date":"2010-02-10T09:24:01-06:00","summary":"more corner cases and cleanup. restructured the code to search for scoped module/classes in the future","author":"Tim Galeckas"},{"body":"","commit":"95eb4965c9daeef057b0671ab7c3623818697854","date":"2010-02-10T01:31:26-06:00","summary":"now with classes modules variables and more?","author":"Tim Galeckas"},{"body":"","commit":"2dc3cdbb6421111d59c398c89f753455af2d6778","date":"2010-02-09T22:52:44-06:00","summary":"cucumber support","author":"Tim Galeckas"},{"body":"","commit":"08ebe5a38e35a9cfe5995bffbedf5f27ac3122c3","date":"2010-02-09T17:08:41-06:00","summary":"Prettifying the find screen a little bit","author":"Josh Symonds"},{"body":"","commit":"f9c356f21e4548449f44fe143979fad2880ad37e","date":"2010-02-09T17:04:55-06:00","summary":"Removing a bit of extraneous white space from returned methods","author":"Josh Symonds"},{"body":"","commit":"9f133b338e1241d526cc2cb3dc716996acbd7bae","date":"2010-02-09T17:03:54-06:00","summary":"Removing rails_root from returned location string since it's probably not necessary","author":"Josh Symonds"},{"body":"","commit":"55a41b7debe8b66921c505751472f0dc975bc2da","date":"2010-02-09T16:46:18-06:00","summary":"Adding in a column summarizing what we've found","author":"Josh Symonds"},{"body":"","commit":"c8a98b50ad8af13c27e8dc750023e0821f645717","date":"2010-02-09T15:07:57-06:00","summary":"Extracting regular expressions a bit","author":"Josh Symonds"},{"body":"This reverts commit e046c6cdd121546b64bbb1e61e2127ce412bf1c0.\n\nFor some reason this actually slows down the process. I guess blocks suck","commit":"e3813d3dfa18d8e773f84be97a524fcde8691357","date":"2010-02-09T15:06:43-06:00","summary":"Revert \"Making the Ruby a bit more Ruby-like\"","author":"Josh Symonds"},{"body":"","commit":"e046c6cdd121546b64bbb1e61e2127ce412bf1c0","date":"2010-02-09T15:03:27-06:00","summary":"Making the Ruby a bit more Ruby-like","author":"Josh Symonds"},{"body":"","commit":"52fc13e1007b9761e45428c4b466d33829b4162c","date":"2010-02-09T14:48:17-06:00","summary":"Checking for methods defined on self as well","author":"Josh Symonds"},{"body":"","commit":"4a40a0d4e2828208c5f1302b4f43ad19afb73f61","date":"2010-02-09T14:38:08-06:00","summary":"Resolving merge conflicts","author":"Josh Symonds"},{"body":"","commit":"2029bd8424768e3deb0e14f6bc899329b087006e","date":"2010-02-09T14:37:29-06:00","summary":"Cleaning things up a little bit","author":"Josh Symonds"},{"body":"","commit":"a65608586bee3d6de5d88692cec048947f3bcc44","date":"2010-02-09T14:34:19-06:00","summary":"A little bit more fancy find-fu","author":"Josh Symonds"},{"body":"","commit":"0d5c0d5a29417d1b61ce1826af9b2ac7283bb817","date":"2010-02-09T14:33:37-06:00","summary":"Adding some fancy find-fu to get only files we'd actually want to search","author":"Josh Symonds"},{"body":"","commit":"b5d3b997f4fd08ae73b5c6ac495f57b17f2be5b3","date":"2010-02-09T14:05:54-06:00","summary":"Successful pure Ruby implementation","author":"Josh Symonds"},{"body":"","commit":"9c9cadacfee4a0e76dbfbd95c5798dd886a05543","date":"2010-02-08T16:37:48-06:00","summary":"Making an attractive HTML window popup when multiple definitions are found","author":"Josh Symonds"},{"body":"","commit":"1e81e2d4a5a75b4594dd708c563c5be0cb8f78a7","date":"2010-02-08T15:05:41-06:00","summary":"Adding a new find command bound to control-f to automatically lookup a method","author":"Josh Symonds"},{"body":"","commit":"78854c8c3c96cb63823f1bcb063c9f213c1cdafe","date":"2010-01-07T18:22:09+00:00","summary":"removed note on ruby 1.9 migration bug as its now fixed","author":"i0n"},{"body":"","commit":"edece2b13f54dcc56325d9c15fff3652139e511b","date":"2010-01-07T18:19:07+00:00","summary":"added my name to contributors!","author":"i0n"},{"body":"","commit":"139d3743f1c925286a4f40eebf1afb03de370cdc","date":"2010-01-07T18:17:03+00:00","summary":"fixed unprepend method as well. Not sure where or when this method gets called but it was using to_a as well which would have made it incompatible with ruby 1.9","author":"i0n"},{"body":"","commit":"43e41163654291c3da337a9d24e4cc9350440e0d","date":"2010-01-07T17:51:44+00:00","summary":"squashed remove_column double tab bug","author":"i0n"},{"body":"","commit":"a113e81f730c0f3a7b635f0b2fdd1085e61e758c","date":"2010-01-07T17:36:53+00:00","summary":"fixed layout of migration commands, discovered bug in remove_column command when tabbing to add add_column as well. Looks like it is because of the to_a method as well. Will investigate","author":"i0n"},{"body":"","commit":"52bb5c5d2ba4a14f3f8241076b6e2d3288972a76","date":"2010-01-07T17:28:33+00:00","summary":"first working version of migration bundle under 1.9 formatting could still do with some work","author":"i0n"},{"body":"","commit":"0c6a500695c08e60e4ad01411a03cfb5ced68457","date":"2010-01-07T03:58:41+00:00","summary":"removed to_a method calls so no longer errors out. doesnt work yet either though ;","author":"i0n"},{"body":"","commit":"2df40e799cebbdac51dc93f2a81ac3fd29cb8c24","date":"2010-01-07T03:32:26+00:00","summary":"added notes to README","author":"i0n"},{"body":"","commit":"9fecb0655dd640a53e90a8db957903444464c53c","date":"2009-12-06T00:15:17-02:00","summary":"Improve config.gem snippet.","author":"Carlos Brando"},{"body":"","commit":"0963fc70d7a50f32cb4b2dc798a4436cf04cea0d","date":"2009-11-29T05:33:08+10:00","summary":"detect haml from environment.rb too","author":"Bodaniel Jeanes and Dr Nic Williams"},{"body":"","commit":"89cc458639525156d22b29c71a21b759cda930fa","date":"2009-11-20T13:08:17-02:00","summary":"Added alias_attribute snippet.","author":"Carlos Brando"},{"body":"","commit":"d0b425cec41cd09155241fd29b7ceefd6f65d079","date":"2009-11-12T12:15:19-02:00","summary":"Added layout snippet.","author":"Carlos Brando"},{"body":"","commit":"0ee3cf2dd0dfadb33aa20272a9bfa39f99fa0f5e","date":"2009-11-11T15:08:55-02:00","summary":"before_filter snippet.","author":"Carlos Brando"},{"body":"","commit":"96550cb134a1d059955da3c0dda9ba2796fa907b","date":"2009-11-10T12:39:05-02:00","summary":"Rearrange environment's snnipets.","author":"Carlos Brando"},{"body":"","commit":"a3075c77fbd02a5672daf6b5f7f20b98a61e4a68","date":"2009-11-10T22:25:17+08:00","summary":"Change config.gem to gemcutter.","author":"Carlos Brando"},{"body":"","commit":"8bfa65807bb075545906abdbbd92dd7d646d69ce","date":"2009-11-10T12:25:17-02:00","summary":"Change config.gem to gemcutter.","author":"Carlos Brando"},{"body":"","commit":"59f636552b99ae29f40ee53d39f76ff63f63851e","date":"2009-09-24T05:51:25+10:00","summary":"starting to collect contributors in README","author":"Dr Nic Williams"},{"body":"","commit":"736304e02abb1ea88f69561700e2bd9a2eedca47","date":"2009-09-24T05:48:59+10:00","summary":"makes \"Migrate to Previous Version\" compatible with timestamped migrations [kamk - Kamil Kukura]","author":"Dr Nic Williams"},{"body":"","commit":"b7d3df9b5c9d435e791a03796713827b9ab9d3c8","date":"2009-09-16T11:52:29+02:00","summary":"command_go_to_file: open correct template when only erb version exists but project uses haml by default","author":"Tobias Schwab"},{"body":"","commit":"2f096485e99f3610da1fbe0573a1f94ce747a57c","date":"2009-09-15T11:04:50+02:00","summary":"create_partial_from_selection: use same extension as template for partial (e.g. .haml), keep identing for render line, strip prefix identing in partial","author":"Tobias Schwab"},{"body":"","commit":"4b12999462cad0db567019a3846395888002af94","date":"2009-07-11T13:05:27-04:00","summary":"added 'config.gem' snippet","author":"Dr Nic Williams"},{"body":"","commit":"3c8cb68c1fe8b053b12d5e4f0a60cdeaa50b013c","date":"2009-06-30T00:44:25-03:00","summary":"Fixed \"validates_presence_of if\" snippet.","author":"Carlos Brando"},{"body":"","commit":"7b61bc730386791b51c6739348dd99c5d5e4a323","date":"2009-05-06T14:39:36+10:00","summary":"Memoize","author":"Lawrence Pit"},{"body":"","commit":"fb90e483dda56f7ac597bb361ca90d5306b58393","date":"2009-04-07T20:18:54+10:00","summary":"snippet: find_each","author":"Dr Nic Williams"},{"body":"","commit":"5735092a0f8135ce23c57339dad4dfb4fdb3ca28","date":"2009-04-03T20:31:14+10:00","summary":"oops, wrong tmbundle name used for download file name","author":"Dr Nic Williams"},{"body":"","commit":"8b7e8aa1eb866913e3ac628b4511c52b9d3c4a65","date":"2009-03-21T11:28:51+08:00","summary":"renamed RJS grammar as 'Ruby on Rails (RJS)'","author":"Dr Nic Williams"},{"body":"","commit":"d259fc7fda3cbe6fde8f38146fab4781b7460489","date":"2009-03-19T19:54:57+08:00","summary":"bumped website to 2.3.0","author":"Dr Nic Williams"},{"body":"","commit":"e37bec5ce43c2847834beea6298503b9d05cebdb","date":"2009-03-13T09:38:05+08:00","summary":"move 'test' snippet up near other test snippets in menu","author":"Dr Nic Williams"},{"body":"","commit":"e2293570f7d938dfb1d9d626c3e4396f20330221","date":"2009-03-12T11:47:29+08:00","summary":"table names are symbols in schema.db","author":"Dr Nic Williams"},{"body":"","commit":"45ae5273cc30fa06cdd1070d0b483a5b07c2df7a","date":"2009-03-05T11:10:59+10:00","summary":"added 'test do..end' as latest rails-fu for testing","author":"Dr Nic Williams"},{"body":"","commit":"009212712959131854d99bb82f009517d418f2fc","date":"2009-03-04T11:28:18+02:00","summary":"Added nested model fields_for snippets (nff)","author":"Ville Lautanala"},{"body":"","commit":"bafa3be33b92ef533b7aea3cc1a0e6e87c841e16","date":"2009-03-04T11:05:05+02:00","summary":"Added find_in_batches snippet (finb)","author":"Ville Lautanala"},{"body":"","commit":"da5258071d895ef94da59771e19cdf774a96a440","date":"2009-02-26T23:15:23+02:00","summary":"Improved default_scope snippet and added syntax hilighting","author":"Ville Lautanala"},{"body":"Conflicts:\n\n\tSnippets/accepts_nested_attributes_for.tmSnippet\n\tinfo.plist","commit":"387f267fffd5bbc53674974018e43b84fd571f45","date":"2009-02-26T23:01:25+02:00","summary":"Merge commit 'drnic/master'","author":"Ville Lautanala"},{"body":"","commit":"31573c1e26adac18176542554e72002cb3761c29","date":"2009-02-26T17:58:01+11:00","summary":"Support for accepts_nested_attributes_for (anaf)","author":"Lawrence Pit"},{"body":"","commit":"908db04a11457d5cc22332b1e26c636de09daf2b","date":"2009-02-23T22:54:14+02:00","summary":"Added snippets for Rails 2.3. default_scope and dynamic scopes","author":"Ville Lautanala"},{"body":"","commit":"e5aa763fdeb1c09f367b2170ba49ae520a987dff","date":"2009-02-23T22:38:14+02:00","summary":"Moved find(:last) and fields_for snippets to a more proper place in menu structure","author":"Ville Lautanala"},{"body":"","commit":"e52ca42c265ae0d05a0c6b858fc4d6e4b89c4499","date":"2009-02-23T22:37:20+02:00","summary":"Added accepts_nested_attributes_for snippet (Rails 2.3)","author":"Ville Lautanala"},{"body":"","commit":"b8c5f160014112a4afa5a90ca92505b1b8ab0bc2","date":"2009-02-22T12:43:24+02:00","summary":"Added APIdock documentation command","author":"Ville Lautanala"},{"body":"","commit":"829057c3dc6c04e89724febcf9c21d19cb6b6260","date":"2009-02-13T07:45:45+10:00","summary":"updated google group url","author":"Dr Nic Williams"},{"body":"Signed-off-by: Dr Nic Williams &lt;drnicwilliams@gmail.com>","commit":"589f6e70778416a5a74677c435bc64e90948ad01","date":"2008-08-14T17:27:03+08:00","summary":"TextMate commands should always use tabs for indentation; TextMate will automatically convert the indentation into the user’s selected preference.","author":"Ciarán Walsh"},{"body":"Signed-off-by: Dr Nic Williams &lt;drnicwilliams@gmail.com>","commit":"b5b4a36caeb145422a250e107701cd6f2f449923","date":"2008-12-03T06:00:19+08:00","summary":"Adding install instructions, stolen from the github bundle.","author":"jqr"},{"body":"","commit":"f59df2e7d162b2736f1627fae06415a4afab5347","date":"2008-12-10T22:58:04-08:00","summary":"Added rescan_project method to text_mate.rb to handle Shift-Ctrl-h (turn selected into partial) from view without NoMethodError","author":"SizzlerWA"},{"body":"","commit":"0b24563f02349104bbde8531aca15868df6f32bb","date":"2008-12-02T15:00:19-07:00","summary":"Adding install instructions, stolen from the github bundle.","author":"jqr"},{"body":"","commit":"2b02d7ebfa5f3293ebef26b59faeca6a27c01f06","date":"2008-09-05T09:37:37+10:00","summary":"Allow render :partial to be called from html/haml","author":"Lawrence Pit"},{"body":"","commit":"aba5f1dd915b2a5f245f62a6807ec1893ba5e833","date":"2008-09-05T09:28:38+10:00","summary":"jit and slt also for haml","author":"Lawrence Pit"},{"body":"","commit":"7116f14b9ec6f367ba1a03278317405fb72dc265","date":"2008-08-27T21:04:47-07:00","summary":"Made the expire_cache method have some default entries for RESTful routes (because the rails documentation suggests passing :controller => 'blah', :action => 'blah' etc and it doesn't work so good...","author":"bjeanes"},{"body":"","commit":"1360bb4b653b24c4d39a0336468f30608555ea81","date":"2008-08-19T13:21:33+10:00","summary":"adding missing $","author":"Dr Nic Williams"},{"body":"","commit":"2aea37b531488014eef7767ae2f4092c4daa879e","date":"2008-08-19T13:20:20+10:00","summary":"fix the grammar shortcut","author":"Dr Nic Williams"},{"body":"","commit":"625131b6da8997a25dbb603e42e533ba98940530","date":"2008-08-05T13:07:41+10:00","summary":"fields_for (fields) snippet","author":"Dr Nic Williams"},{"body":"","commit":"d73e1a0be847065873520f5b7822379606cd0801","date":"2008-08-05T13:05:17+10:00","summary":"added view helpers into syntax","author":"Dr Nic Williams"},{"body":"","commit":"0ac66731ea9a010327a8c6738cc00a4f96dfcfaf","date":"2008-07-22T16:17:12-04:00","summary":"Add Change Column Default Macro","author":"Brian Landau"},{"body":"","commit":"a8195887d891e74b1c3b874d8837b85d8971a481","date":"2008-07-22T16:02:06-04:00","summary":"Add Change Column Macro","author":"Brian Landau"},{"body":"","commit":"a561aa9c63828dc9bb6b5f24ea5d69180dd2f14a","date":"2008-07-15T10:35:45+10:00","summary":"content_for snippet for templates","author":"Dr Nic Williams"},{"body":"","commit":"7b0de06a9806294dbf21f0609f4bd0f2dc08fbeb","date":"2008-07-10T18:55:15+10:00","summary":"go to file fix","author":"Lawrence Pit"},{"body":"","commit":"a216d74db19c412f7b32aaf94d0171eed85fc5cc","date":"2008-07-03T14:49:31+10:00","summary":"Prefix quick migration with UTC timestamp rather than 001_*","author":"Lawrence Pit"},{"body":"","commit":"a3df20c7cca0047b629ef75bf1a0aa306a32bcad","date":"2008-07-01T11:39:36-03:00","summary":"Added redirect_to :back.","author":"Carlos Brando"},{"body":"","commit":"8f7e3d312e811fe961695e8a09a5e85d7a632325","date":"2008-06-30T10:56:06+10:00","summary":"minor: renamed format to wants in resources controller, in line with other snippets","author":"Lawrence Pit"},{"body":"","commit":"f5728aae638159f233cdc4c7f90b3549d19c53f1","date":"2008-06-25T11:09:59+10:00","summary":"improve named scope snippet","author":"Lawrence Pit"},{"body":"","commit":"7d96c8fb47700150304367126942bc60ede5b70b","date":"2008-06-25T11:07:37+10:00","summary":"merge","author":"Lawrence Pit"},{"body":"","commit":"20af2a484644c7a6dc451cc0605443e21a8c7361","date":"2008-06-25T10:28:38+10:00","summary":"New snippet: resources","author":"Lawrence Pit"},{"body":"","commit":"837a80f5aeeb4e6c894cfe19c4e4941ab24ef0d8","date":"2008-06-25T10:00:42+10:00","summary":"Create sweeper class","author":"Lawrence Pit"},{"body":"","commit":"57f2a619ddd4172bc4d6ee4cfd357c8335c2c7a3","date":"2008-06-24T19:25:01+09:30","summary":"Added in the finl-> command which will do the Rails 2.1 generated find(:last, ...) for you now.","author":"Ryan Bigg"},{"body":"","commit":"4e00fb81ed924f2a7df149b932a79fe89317ea0f","date":"2008-06-19T10:14:31+10:00","summary":"autocomplete fixtures: correctly symbolizes the fixture name: 'foo' => ':foo' and 'foo-bar' => ':\"foo-bar\"'","author":"Dr Nic Williams"},{"body":"","commit":"ba4d55430775145cb291aa2df2d3631df587212e","date":"2008-06-05T13:13:32+10:00","summary":"slight named_scope improvement","author":"Lawrence Pit"},{"body":"","commit":"c282a1b2f24b043073e1bd391e32525667a5a8b8","date":"2008-06-05T13:03:27+10:00","summary":"named_scope support","author":"Lawrence Pit"},{"body":"","commit":"165dc2e9928faa09bbd364f5473abdcd888bbf58","date":"2008-06-04T12:58:44+10:00","summary":"Started with adding change_table snippets &amp; macros","author":"Lawrence Pit"},{"body":"","commit":"09c5032e2bf845d85148f538917d43696a4f729e","date":"2008-06-03T14:38:49+10:00","summary":"Simple draggable for ruby files into ruby files: creates a require statement based on common known , else uses a relative path","author":"Dr Nic Williams"},{"body":"","commit":"5bc4b98bd011472332974aeaa015dc13b9c4a0e6","date":"2008-05-29T16:40:28+10:00","summary":"removed acts_as_list and acts_as_tree from syntax as they are now plugins","author":"Lawrence Pit"},{"body":"","commit":"df33ea8fc190c011e50a8b98832ae4012e8fdab0","date":"2008-05-22T13:18:04+10:00","summary":"refined validates_acceptance_of","author":"Lawrence Pit"},{"body":"","commit":"4935c912a9512bc72bee5fa7aa0acbdc0d04dfbf","date":"2008-05-22T13:11:53+10:00","summary":"moved has_many :dependent into the Validations submenu","author":"Lawrence Pit"},{"body":"","commit":"76339103adc0ef07b9c4450845e918277d02cab6","date":"2008-05-22T13:10:18+10:00","summary":"added validation_acceptance_of","author":"Lawrence Pit"},{"body":"","commit":"84235135d01d32c57ac34f1ffa888948f947b6a3","date":"2008-06-13T08:02:37+10:00","summary":"change &amp; rename not in create_table","author":"Lawrence Pit"},{"body":"","commit":"e646a6a13c4e947e89588278182144706fb1ee4b","date":"2008-06-12T17:18:45-03:00","summary":"Added change_table#change and fix #rename.","author":"Carlos Brando"},{"body":"","commit":"721ce8a76e7aa4482130de0085b117034c1d1210","date":"2008-06-10T17:39:03+10:00","summary":"add / remove timestamps","author":"Lawrence Pit"},{"body":"","commit":"5016029b8f1e234acd911a876edd14b65a0e5395","date":"2008-06-09T11:31:49-03:00","summary":"Not radio_box but radio_button.","author":"Carlos Brando"},{"body":"","commit":"62bfd6ec08f9e4663bb6b353b003a32f51f8ac10","date":"2008-06-05T13:13:32+10:00","summary":"slight named_scope improvement","author":"Lawrence Pit"},{"body":"","commit":"d1eab71a4b0f3d2417d59fcb838c7a8b031fa0f8","date":"2008-06-05T13:03:27+10:00","summary":"named_scope support","author":"Lawrence Pit"},{"body":"","commit":"4312c5a08c44d660e23eb3e57280a5ef6834c609","date":"2008-06-04T12:58:44+10:00","summary":"Started with adding change_table snippets &amp; macros","author":"Lawrence Pit"},{"body":"","commit":"b6a5ab9daf3ace6fb9a75d4bf2d83c68dd43574b","date":"2008-06-03T14:38:49+10:00","summary":"Simple draggable for ruby files into ruby files: creates a require statement based on common known , else uses a relative path","author":"Dr Nic Williams"},{"body":"","commit":"5641d666370cfe090ede064436c8f20cbcdb2086","date":"2008-05-29T16:40:28+10:00","summary":"removed acts_as_list and acts_as_tree from syntax as they are now plugins","author":"Lawrence Pit"},{"body":"","commit":"8d29c78072a5aa1e6cf8b5be30310de3dd1ebce6","date":"2008-05-29T13:41:44+10:00","summary":"fixture autocompletion maintains whitespace prefix (ugh - no tests for this code)","author":"Dr Nic Williams"},{"body":"","commit":"5055740695fd9b88ee51dc6cb200cc2cb502f760","date":"2008-05-29T13:33:59+10:00","summary":"renamed tests with test_ prefix - works with autotest now","author":"Dr Nic Williams"},{"body":"","commit":"7f3b4bbc09f53527c130cdbad5d115b36bc0c377","date":"2008-05-22T13:18:04+10:00","summary":"refined validates_acceptance_of","author":"Lawrence Pit"},{"body":"","commit":"a4c0449bdc61e6e3a7a8285bb22b61707251cf2f","date":"2008-05-22T13:11:53+10:00","summary":"moved has_many :dependent into the Validations submenu","author":"Lawrence Pit"},{"body":"","commit":"1262204a52d86a0225f9eda7bfb95f680ebc0215","date":"2008-05-22T13:10:18+10:00","summary":"added validation_acceptance_of","author":"Lawrence Pit"},{"body":"git-svn-id: http://macromates.com/svn/Bundles/trunk/Bundles/Ruby%20on%20Rails.tmbundle@9648 dfb7d73b-c2ec-0310-8fea-fb051d288c6d","commit":"e92f69dc2f07449f887bd8702195e9d489ca8046","date":"2008-05-22T01:31:01+00:00","summary":"Move a loose snippet into the menu.","author":"msheets"},{"body":"","commit":"82d77a114345aa24dffd10f0c5ca9af31431a9e6","date":"2008-05-13T09:26:38+10:00","summary":"has_many :dependent => :destroy (hmd)","author":"Dr Nic Williams"},{"body":"","commit":"078fbdc4ac151bf7a5953224dae6d7f4c6f13c43","date":"2008-05-12T10:57:07+10:00","summary":"fixed CHANGELOG spelling error [CharlieSu]","author":"Dr Nic Williams"},{"body":"git-svn-id: http://macromates.com/svn/Bundles/trunk/Bundles/Ruby%20on%20Rails.tmbundle@9565 dfb7d73b-c2ec-0310-8fea-fb051d288c6d","commit":"a8440dbc17ca91da797f82f1937e6bfb5ce82c98","date":"2008-05-12T00:55:00+00:00","summary":"Allow \"Go to File\" to work on file system paths containing spaces by URI escaping the file path sent to txmt://open [Michael Klett]","author":"drnic"},{"body":"","commit":"6d8b3018df6021b6520f2c77d6ed7c05c952ecb6","date":"2008-05-12T10:54:17+10:00","summary":"Allow \"Go to File\" to work on file system paths containing spaces by URI escaping the file path sent to txmt://open [Michael Klett]","author":"Dr Nic Williams"},{"body":"git-svn-id: http://macromates.com/svn/Bundles/trunk/Bundles/Ruby%20on%20Rails.tmbundle@9383 dfb7d73b-c2ec-0310-8fea-fb051d288c6d","commit":"6ef4ec14258457ccced05042330c5a12601223f9","date":"2008-04-14T04:35:10+00:00","summary":"Remove duplicate snippet.","author":"msheets"},{"body":"git-svn-id: http://macromates.com/svn/Bundles/trunk/Bundles/Ruby%20on%20Rails.tmbundle@9382 dfb7d73b-c2ec-0310-8fea-fb051d288c6d","commit":"110d14d55ddcd4a20160a9d95bf74b57cecb8e36","date":"2008-04-14T04:25:44+00:00","summary":"Remove rescan_project in favor of main library version.","author":"msheets"},{"body":"git-svn-id: http://macromates.com/svn/Bundles/trunk/Bundles/Ruby%20on%20Rails.tmbundle@9381 dfb7d73b-c2ec-0310-8fea-fb051d288c6d","commit":"0dafd3c144c5465331abe9d142eebf252b864c47","date":"2008-04-14T04:24:17+00:00","summary":"Remove three orphan files after git merge.","author":"msheets"},{"body":"git-svn-id: http://macromates.com/svn/Bundles/trunk/Bundles/Ruby%20on%20Rails.tmbundle@9090 dfb7d73b-c2ec-0310-8fea-fb051d288c6d","commit":"2acf109e9d56eb500f031cbe95f80809b12077a8","date":"2008-03-11T15:52:12+00:00","summary":"go_to_alternate_file model will create an ActiveRecord stub instead of a blank file","author":"drnic"},{"body":"git-svn-id: http://macromates.com/svn/Bundles/trunk/Bundles/Ruby%20on%20Rails.tmbundle@9088 dfb7d73b-c2ec-0310-8fea-fb051d288c6d","commit":"2c5dfdceb9d0235d2251fd9fc979bdc7005b3d58","date":"2008-03-10T21:38:10+00:00","summary":"Correcting placeholder numbers. Reported by Charles Roper and Lawrence Pit.","author":"msheets"},{"body":"git-svn-id: http://macromates.com/svn/Bundles/trunk/Bundles/Ruby%20on%20Rails.tmbundle@9084 dfb7d73b-c2ec-0310-8fea-fb051d288c6d","commit":"d3e015bea67d4ce527bacbbe1a8acec3abce41dc","date":"2008-03-10T20:00:53+00:00","summary":"Change RAILS_TEMPLATE_* variables to have a TM_ prefix to reduce potential conflicts. This is going to be added to the style guide as a requirement for bundles.","author":"msheets"},{"body":"git-svn-id: http://macromates.com/svn/Bundles/trunk/Bundles/Ruby%20on%20Rails.tmbundle@9079 dfb7d73b-c2ec-0310-8fea-fb051d288c6d","commit":"4485b3090cf856d232ca2ecfeeb3da1df5c2ee7c","date":"2008-03-10T04:05:15+00:00","summary":"Upgrade prototype.js to 1.6.0.2","author":"msheets"},{"body":"* refresh_project_drawer is now rescan_project\n* exit_codes switched to main library.\n* Move almost all dialog methods away from CocoaDialog to tm_dialog.\n* Remove unused call_with_progress\n\n\ngit-svn-id: http://macromates.com/svn/Bundles/trunk/Bundles/Ruby%20on%20Rails.tmbundle@9078 dfb7d73b-c2ec-0310-8fea-fb051d288c6d","commit":"efc838ec628dba0497d64b8e99c810a18aed4c64","date":"2008-03-10T03:54:16+00:00","summary":"Move to the main TextMate library functions where possible.","author":"msheets"},{"body":"== 1.90.0 2008-03-08\n\n* Major Upgrade to Rails 2.0 - Initial release\n* Ruby on Rails bundle maintenance has been taken over by Dr Nic Williams from its initial legendary creator Duane Johnson.\n* Added so far:\n  * Snippets/Commands for:\n    * Tests\n      * assert_select (ass)\n      * assert_difference/assert_no_difference (asd/asnd)\n      * GET+POST test method stubs (deftg+deftp)\n      * posts(:) + Alt+Esc allows you to select a posts.yml fixture\n    * Controllers\n      * respond_to (rest) and respond_to(html) (Shift+Cmd+H)\n      * 'Go To View' within a respond_to will use the format/wants type as the default\n      * REMOVED: render_component snippets\n      * loggers - pass a block instead of raw string to save time if\n        logging not used (e.g. production) [Stephen Touset]\n      * redirect_to for resource paths (rep, repp, renp, renpp)\n      * render :update (ru) [Simon Jefford]\n    * Views\n      * form_for and form_for(with errors) (ff,ffe)\n      * Various form_for helpers in a drop-down list, e.g. f.text_field (f.)\n      * Various form_for helpers with own tab completion, e.g. f.text_field (fftf)\n      * link_to for resource paths (lip, lipp, linp, linpp)\n      * &lt;% end -%> (end)\n      * for-loop (for)\n      * link_to(@model.name, @model) (ltm)\n    * Layouts\n      * javascript_include_tag - jit\n      * stylesheet_link_tag - slt\n    * Models\n      * has_many :though (hmt)\n      * association snippets give better defaults (e.g. bt + hm)\n      * validates_format_of (vf,vfif) [Dean Strelau]\n      * validates_numericality_of (vn,vnif) [Tom Morris]\n      * before/after callbacks (prefix bef/aft + 1st letter of words) [Sam Granieri]\n    * Migrations\n      * Sexy Migrations now available as \"t.\" snippets and regular snippets [Lawrence Pit]\n      * Migration classes have own textmate scope\n      * Add/Remove Columns - the 'down' statements are in reverse\n        order [Lawrence Pit, Daniel Kristensen]\n      * Added 'Redo Last Migration' [Simon Jefford]\n    * Functional Tests\n      * assert_redirect_to for resource paths (artp, artpp, artnp, artnpp)\n      * assert(assigns(:model)) (asg)\n    * Routes\n      * named routes, resources snippets (map, mapr, maprs)\n      * catch_all (mapca) [Sam Granieri]\n    * Active Support\n      * cattr_accessor/mattr_accessor (crw/mrw) [Jacob Swanner]\n      * returning (returning) [Jacob Swanner]\n  * Language/Syntax\n    * New keywords: rescue_from, alias_method_chain, alias_attribute, delegate, respond_to [David Lowenfels, Jacob Swanner]\n    * Added rb as a valid Rails file type [James Deville]\n  * Commands\n    * Auto-completion for Foxy Fixtures\n    * html.erb is the default for new templates (backwards compatibility\n      is being worked on too)\n    * 'Go To XXX' - available for wide range of permutations.\n      Fixtures -> Models; Models -> Controllers, etc\n    * haml is a valid file extension [Steve Ross]\n    * specify alternate default file extensions for: [Steve Ross]\n      * javascript - ENV['RAILS_JS_EXT']\n      * stylesheet - ENV['RAILS_CSS_EXT']\n      * view - ENV['RAILS_VIEW_EXT']\n    * 'Call Generate Script' now accesses all a project's generators\n  * Plugins\n    * Footnote\n      * footnote-edge uses .erb for templates [Stephen Bannasch]\n  * Internals\n    * Rakefile - test runner [Steve Ross]\n    * Added generator_test\n    * Removed unnecessary misc_test\n    * script/clean_bundle_file_names - rename non-os-agnostic file names [Charles Roper]\n  * Haml support [Lawrence Pit]\n\nFor thoughts and patches, email drnicwilliams@gmail.com\n\n\ngit-svn-id: http://macromates.com/svn/Bundles/trunk/Bundles/Ruby%20on%20Rails.tmbundle@9069 dfb7d73b-c2ec-0310-8fea-fb051d288c6d","commit":"a89dcbfd6bb37f827df2c792d340f16ba20fbd8b","date":"2008-03-08T16:22:13+00:00","summary":"This is a merge from the git repository hosted by Dr. Nic http://github.com/drnic/ruby-on-rails-tmbundle/commit/7edadd1","author":"kevin"},{"body":"git-svn-id: http://macromates.com/svn/Bundles/trunk/Bundles/Ruby%20on%20Rails.tmbundle@9068 dfb7d73b-c2ec-0310-8fea-fb051d288c6d","commit":"bb24cf7ca79b9cf4001fa7bde1cbdde33eac082f","date":"2008-03-08T13:05:21+00:00","summary":"• revert r9067","author":"duff"},{"body":"git-svn-id: http://macromates.com/svn/Bundles/trunk/Bundles/Ruby%20on%20Rails.tmbundle@9067 dfb7d73b-c2ec-0310-8fea-fb051d288c6d","commit":"51327a414b6f7f8f914e3edba37cc0179f7b8b7f","date":"2008-03-08T11:48:33+00:00","summary":"Remove render component snippets","author":"drnic"},{"body":"git-svn-id: http://macromates.com/svn/Bundles/trunk/Bundles/Ruby%20on%20Rails.tmbundle@9066 dfb7d73b-c2ec-0310-8fea-fb051d288c6d","commit":"e025bee7cf0a5239f61b6cb711aa51514db7e5b1","date":"2008-03-08T10:54:03+00:00","summary":"Revery to r9060.","author":"msheets"},{"body":"git-svn-id: http://macromates.com/svn/Bundles/trunk/Bundles/Ruby%20on%20Rails.tmbundle@8751 dfb7d73b-c2ec-0310-8fea-fb051d288c6d","commit":"81c037533c3e71d9ced85b43a3b882eaa22fb3e4","date":"2007-12-29T17:17:52+00:00","summary":"Adding .builder extension to Ruby on Rails grammar, and .erb and .html.erb extensions to HTML (Rails) grammar.","author":"msheets"},{"body":"git-svn-id: http://macromates.com/svn/Bundles/trunk/Bundles/Ruby%20on%20Rails.tmbundle@8681 dfb7d73b-c2ec-0310-8fea-fb051d288c6d","commit":"98fdbdfd0d3e46e5983d41d44953bb37d94bc1d1","date":"2007-12-17T13:19:08+00:00","summary":"Fixing the syntax for ERb tags so that they do not get syntax highlighted as a minus operator by the Ruby grammar.","author":"JEG2"},{"body":"git-svn-id: http://macromates.com/svn/Bundles/trunk/Bundles/Ruby%20on%20Rails.tmbundle@8560 dfb7d73b-c2ec-0310-8fea-fb051d288c6d","commit":"1dbbb0b6add8f3cce5ef654a905d95d6c32a1db0","date":"2007-11-27T23:33:51+00:00","summary":"Change rhtml defaults to html.erb [thanks to Nic Williams]","author":"canadaduane"},{"body":"git-svn-id: http://macromates.com/svn/Bundles/trunk/Bundles/Ruby%20on%20Rails.tmbundle@8373 dfb7d73b-c2ec-0310-8fea-fb051d288c6d","commit":"9f5b63bf08a6f5019523ee1761f6c6caef641a5a","date":"2007-10-30T15:43:35+00:00","summary":"[Footnotes-edge] added html.erb view file type (thanks Giles Bowkett and George Anderson)","author":"canadaduane"},{"body":"git-svn-id: http://macromates.com/svn/Bundles/trunk/Bundles/Ruby%20on%20Rails.tmbundle@8324 dfb7d73b-c2ec-0310-8fea-fb051d288c6d","commit":"899631e49b0317a04308b9a35da908b5157c0972","date":"2007-10-22T20:51:32+00:00","summary":"Textmate Footnotes (Rails): removed log info due to changes in Rails","author":"canadaduane"},{"body":"git-svn-id: http://macromates.com/svn/Bundles/trunk/Bundles/Ruby%20on%20Rails.tmbundle@8307 dfb7d73b-c2ec-0310-8fea-fb051d288c6d","commit":"c8d10a3083868cc4ce94b5932db0dd90990c16d0","date":"2007-10-19T12:47:38+00:00","summary":"• revert my previous (accidental) commit (where the ‘rb’ extension was moved to the Rails grammar)","author":"duff"},{"body":"git-svn-id: http://macromates.com/svn/Bundles/trunk/Bundles/Ruby%20on%20Rails.tmbundle@8306 dfb7d73b-c2ec-0310-8fea-fb051d288c6d","commit":"80d43c10611b853027a44cf56a470d209a811742","date":"2007-10-19T12:42:03+00:00","summary":"• use TM_FULLNAME instead of TM_USERNAME in all templates and remove the setup of TM_USERNAME from the template script/helper","author":"duff"},{"body":"git-svn-id: http://macromates.com/svn/Bundles/trunk/Bundles/Ruby%20on%20Rails.tmbundle@8278 dfb7d73b-c2ec-0310-8fea-fb051d288c6d","commit":"77fb705b99aa2001898ca675faa950631bfd6b30","date":"2007-10-11T13:02:04+00:00","summary":"Removing helper and helper_method from the list of ActiveRecord macros.  They are already correctly listed in the ActionPack macros.","author":"JEG2"},{"body":"git-svn-id: http://macromates.com/svn/Bundles/trunk/Bundles/Ruby%20on%20Rails.tmbundle@8277 dfb7d73b-c2ec-0310-8fea-fb051d288c6d","commit":"9ce57ef5353de78b1b4325dc9668b77b974dafa2","date":"2007-10-11T12:58:54+00:00","summary":"Adding attr_readonly to the ActiveRecord macros we recognize.  Suggested by Malesca.","author":"JEG2"},{"body":"git-svn-id: http://macromates.com/svn/Bundles/trunk/Bundles/Ruby%20on%20Rails.tmbundle@8144 dfb7d73b-c2ec-0310-8fea-fb051d288c6d","commit":"de006e0cb8c640ba8eab2c92102d1f0f9fce6313","date":"2007-09-10T23:17:10+00:00","summary":"Add support for .erb file format in switching between controller/view etc. [loincloth]","author":"canadaduane"},{"body":"git-svn-id: http://macromates.com/svn/Bundles/trunk/Bundles/Ruby%20on%20Rails.tmbundle@8049 dfb7d73b-c2ec-0310-8fea-fb051d288c6d","commit":"da9d9ba2b28446ce0e0d8f1ad8707c59bf54e1f9","date":"2007-08-28T19:09:35+00:00","summary":"Completion of renaming bundle to \"Ruby on Rails\" to conform to bundle style guide.","author":"msheets"},{"body":"git-svn-id: http://macromates.com/svn/Bundles/trunk/Bundles/Ruby%20on%20Rails.tmbundle@8048 dfb7d73b-c2ec-0310-8fea-fb051d288c6d","commit":"01fece1a11577b15b51c7311324a72f2b8ad336f","date":"2007-08-28T19:08:22+00:00","summary":"Renaming bundle to \"Ruby on Rails\" to conform to bundle style guide.","author":"msheets"}],"name":"Ruby on Rails","web":"https://github.com/textmate/ruby-on-rails-tmbundle.git/commit/"}