{"importedFromForeground":true,"RESoptions.subRedditTagger":"{\"subReddits\":{\"type\":\"table\",\"addRowText\":\"+add tag\",\"fields\":[{\"name\":\"subreddit\",\"type\":\"text\"},{\"name\":\"doesntContain\",\"type\":\"text\"},{\"name\":\"tag\",\"type\":\"text\"}],\"value\":[],\"description\":\"Set your subreddits below. For that subreddit, if the title of the post doesn't contain what you place in the \\\"doesn't contain\\\" field, the subreddit will be tagged with whatever you specify.\"}}","RESoptions.uppersAndDowners":"{\"showSigns\":{\"type\":\"boolean\",\"value\":false,\"description\":\"Show +/- signs next to upvote/downvote tallies.\"},\"applyToLinks\":{\"type\":\"boolean\",\"value\":true,\"description\":\"Uppers and Downers on links.\"},\"postUpvoteStyle\":{\"type\":\"text\",\"value\":\"color:rgb(255, 139, 36); font-weight:normal;\",\"description\":\"CSS style for post upvotes\"},\"postDownvoteStyle\":{\"type\":\"text\",\"value\":\"color:rgb(148, 148, 255); font-weight:normal;\",\"description\":\"CSS style for post upvotes\"},\"commentUpvoteStyle\":{\"type\":\"text\",\"value\":\"color:rgb(255, 139, 36); font-weight:bold;\",\"description\":\"CSS style for comment upvotes\"},\"commentDownvoteStyle\":{\"type\":\"text\",\"value\":\"color:rgb(148, 148, 255); font-weight:bold;\",\"description\":\"CSS style for comment upvotes\"},\"forceVisible\":{\"type\":\"boolean\",\"value\":false,\"description\":\"Force upvote/downvote counts to be visible (when subreddit CSS tries to hide them)\"}}","RESoptions.keyboardNav":"{\"focusBGColor\":{\"type\":\"text\",\"value\":\"#F0F3FC\",\"description\":\"Background color of focused element\"},\"focusBorder\":{\"type\":\"text\",\"value\":\"\",\"description\":\"border style (e.g. 1px dashed gray) for focused element\"},\"focusBGColorNight\":{\"type\":\"text\",\"value\":\"#666\",\"description\":\"Background color of focused element in Night Mode\"},\"focusFGColorNight\":{\"type\":\"text\",\"value\":\"#DDD\",\"description\":\"Foreground color of focused element in Night Mode\"},\"focusBorderNight\":{\"type\":\"text\",\"value\":\"\",\"description\":\"border style (e.g. 1px dashed gray) for focused element\"},\"autoSelectOnScroll\":{\"type\":\"boolean\",\"value\":false,\"description\":\"Automatically select the topmost element for keyboard navigation on window scroll\"},\"scrollOnExpando\":{\"type\":\"boolean\",\"value\":true,\"description\":\"Scroll window to top of link when expando key is used (to keep pics etc in view)\"},\"scrollStyle\":{\"type\":\"enum\",\"values\":[{\"name\":\"directional\",\"value\":\"directional\"},{\"name\":\"page up/down\",\"value\":\"page\"},{\"name\":\"lock to top\",\"value\":\"top\"}],\"value\":\"directional\",\"description\":\"When moving up/down with keynav, when and how should RES scroll the window?\"},\"commentsLinkNumbers\":{\"type\":\"boolean\",\"value\":true,\"description\":\"Assign number keys (e.g. [1]) to links within selected comment\"},\"commentsLinkNumberPosition\":{\"type\":\"enum\",\"values\":[{\"name\":\"Place on right\",\"value\":\"right\"},{\"name\":\"Place on left\",\"value\":\"left\"}],\"value\":\"right\",\"description\":\"Which side commentsLinkNumbers are displayed\"},\"commentsLinkNewTab\":{\"type\":\"boolean\",\"value\":true,\"description\":\"Open number key links in a new tab\"},\"clickFocus\":{\"type\":\"boolean\",\"value\":true,\"description\":\"Move keyboard focus to a link or comment when clicked with the mouse\"},\"onHideMoveDown\":{\"type\":\"boolean\",\"value\":true,\"description\":\"After hiding a link, automatically select the next link\"},\"onVoteMoveDown\":{\"type\":\"boolean\",\"value\":false,\"description\":\"After voting on a link, automatically select the next link\"},\"toggleHelp\":{\"type\":\"keycode\",\"value\":[191,false,false,true],\"description\":\"Show help for keyboard shortcuts\"},\"toggleCmdLine\":{\"type\":\"keycode\",\"value\":[190,false,false,false],\"description\":\"Show/hide commandline box\"},\"hide\":{\"type\":\"keycode\",\"value\":[72,false,false,false],\"description\":\"Hide link\"},\"moveUp\":{\"type\":\"keycode\",\"value\":[75,false,false,false],\"description\":\"Move up (previous link or comment)\"},\"moveDown\":{\"type\":\"keycode\",\"value\":[74,false,false,false],\"description\":\"Move down (next link or comment)\"},\"moveTop\":{\"type\":\"keycode\",\"value\":[75,false,false,true],\"description\":\"Move to top of list (on link pages)\"},\"moveBottom\":{\"type\":\"keycode\",\"value\":[74,false,false,true],\"description\":\"Move to bottom of list (on link pages)\"},\"moveUpSibling\":{\"type\":\"keycode\",\"value\":[75,false,false,true],\"description\":\"Move to previous sibling (in comments) - skips to previous sibling at the same depth.\"},\"moveDownSibling\":{\"type\":\"keycode\",\"value\":[74,false,false,true],\"description\":\"Move to next sibling (in comments) - skips to next sibling at the same depth.\"},\"moveUpThread\":{\"type\":\"keycode\",\"value\":[75,true,false,true],\"description\":\"Move to the topmost comment of the previous thread (in comments).\"},\"moveDownThread\":{\"type\":\"keycode\",\"value\":[74,true,false,true],\"description\":\"Move to the topmost comment of the next thread (in comments).\"},\"moveToTopComment\":{\"type\":\"keycode\",\"value\":[84,false,false,false],\"description\":\"Move to the topmost comment of the current thread (in comments).\"},\"moveToParent\":{\"type\":\"keycode\",\"value\":[80,false,false,false],\"description\":\"Move to parent (in comments).\"},\"showParents\":{\"type\":\"keycode\",\"value\":[80,false,false,true],\"description\":\"Display parent comments.\"},\"followLink\":{\"type\":\"keycode\",\"value\":[13,false,false,false],\"description\":\"Follow link (hold shift to open it in a new tab) (link pages only)\"},\"followLinkNewTab\":{\"type\":\"keycode\",\"value\":[13,false,false,true],\"description\":\"Follow link in new tab (link pages only)\"},\"followLinkNewTabFocus\":{\"type\":\"boolean\",\"value\":true,\"description\":\"When following a link in new tab - focus the tab?\"},\"toggleExpando\":{\"type\":\"keycode\",\"value\":[88,false,false,false],\"description\":\"Toggle expando (image/text/video) (link pages only)\"},\"imageSizeUp\":{\"type\":\"keycode\",\"value\":[187,false,false,false],\"description\":\"Increase the size of image(s) in the highlighted post area\"},\"imageSizeDown\":{\"type\":\"keycode\",\"value\":[189,false,false,false],\"description\":\"Increase the size of image(s) in the highlighted post area\"},\"imageSizeUpFine\":{\"type\":\"keycode\",\"value\":[187,false,false,true],\"description\":\"Increase the size of image(s) in the highlighted post area (finer control)\"},\"imageSizeDownFine\":{\"type\":\"keycode\",\"value\":[189,false,false,true],\"description\":\"Increase the size of image(s) in the highlighted post area (finer control)\"},\"previousGalleryImage\":{\"type\":\"keycode\",\"value\":[219,false,false,false],\"description\":\"View the previous image of an inline gallery.\"},\"nextGalleryImage\":{\"type\":\"keycode\",\"value\":[221,false,false,false],\"description\":\"View the next image of an inline gallery.\"},\"toggleViewImages\":{\"type\":\"keycode\",\"value\":[88,false,false,true],\"description\":\"Toggle \\\"view images\\\" button\"},\"toggleChildren\":{\"type\":\"keycode\",\"value\":[13,false,false,false],\"description\":\"Expand/collapse comments (comments pages only)\"},\"followComments\":{\"type\":\"keycode\",\"value\":[67,false,false,false],\"description\":\"View comments for link (shift opens them in a new tab)\"},\"followCommentsNewTab\":{\"type\":\"keycode\",\"value\":[67,false,false,true],\"description\":\"View comments for link in a new tab\"},\"followLinkAndCommentsNewTab\":{\"type\":\"keycode\",\"value\":[76,false,false,false],\"description\":\"View link and comments in new tabs\"},\"followLinkAndCommentsNewTabBG\":{\"type\":\"keycode\",\"value\":[76,false,false,true],\"description\":\"View link and comments in new background tabs\"},\"upVote\":{\"type\":\"keycode\",\"value\":[65,false,false,false],\"description\":\"Upvote selected link or comment\"},\"downVote\":{\"type\":\"keycode\",\"value\":[90,false,false,false],\"description\":\"Downvote selected link or comment\"},\"save\":{\"type\":\"keycode\",\"value\":[83,false,false,false],\"description\":\"Save the current link\"},\"reply\":{\"type\":\"keycode\",\"value\":[82,false,false,false],\"description\":\"Reply to current comment (comment pages only)\"},\"openBigEditor\":{\"type\":\"keycode\",\"value\":[69,false,true,false],\"description\":\"Open the current markdown field in the big editor. (Only when a markdown form is focused)\"},\"followSubreddit\":{\"type\":\"keycode\",\"value\":[82,false,false,false],\"description\":\"Go to subreddit of selected link (link pages only)\"},\"followSubredditNewTab\":{\"type\":\"keycode\",\"value\":[82,false,false,true],\"description\":\"Go to subreddit of selected link in a new tab (link pages only)\"},\"inbox\":{\"type\":\"keycode\",\"value\":[73,false,false,false],\"description\":\"Go to inbox\"},\"inboxNewTab\":{\"type\":\"keycode\",\"value\":[73,false,false,true],\"description\":\"Go to inbox in a new tab\"},\"profile\":{\"type\":\"keycode\",\"value\":[85,false,false,false],\"description\":\"Go to profile\"},\"profileNewTab\":{\"type\":\"keycode\",\"value\":[85,false,false,true],\"description\":\"Go to profile in a new tab\"},\"frontPage\":{\"type\":\"keycode\",\"value\":[70,false,false,false],\"description\":\"Go to front page\"},\"subredditFrontPage\":{\"type\":\"keycode\",\"value\":[70,false,false,true],\"description\":\"Go to subreddit front page\"},\"nextPage\":{\"type\":\"keycode\",\"value\":[78,false,false,false],\"description\":\"Go to next page (link list pages only)\"},\"prevPage\":{\"type\":\"keycode\",\"value\":[80,false,false,false],\"description\":\"Go to prev page (link list pages only)\"},\"link1\":{\"type\":\"keycode\",\"value\":[49,false,false,false],\"description\":\"Open first link within comment.\",\"noconfig\":true},\"link2\":{\"type\":\"keycode\",\"value\":[50,false,false,false],\"description\":\"Open link #2 within comment.\",\"noconfig\":true},\"link3\":{\"type\":\"keycode\",\"value\":[51,false,false,false],\"description\":\"Open link #3 within comment.\",\"noconfig\":true},\"link4\":{\"type\":\"keycode\",\"value\":[52,false,false,false],\"description\":\"Open link #4 within comment.\",\"noconfig\":true},\"link5\":{\"type\":\"keycode\",\"value\":[53,false,false,false],\"description\":\"Open link #5 within comment.\",\"noconfig\":true},\"link6\":{\"type\":\"keycode\",\"value\":[54,false,false,false],\"description\":\"Open link #6 within comment.\",\"noconfig\":true},\"link7\":{\"type\":\"keycode\",\"value\":[55,false,false,false],\"description\":\"Open link #7 within comment.\",\"noconfig\":true},\"link8\":{\"type\":\"keycode\",\"value\":[56,false,false,false],\"description\":\"Open link #8 within comment.\",\"noconfig\":true},\"link9\":{\"type\":\"keycode\",\"value\":[57,false,false,false],\"description\":\"Open link #9 within comment.\",\"noconfig\":true},\"link10\":{\"type\":\"keycode\",\"value\":[48,false,false,false],\"description\":\"Open link #10 within comment.\",\"noconfig\":true}}","RESoptions.userTagger":"{\"hardIgnore\":{\"type\":\"boolean\",\"value\":false,\"description\":\"If \\\"hard ignore\\\" is off, only post titles and comment text is hidden. If it is on, the entire block is hidden (or in comments, collapsed).\"},\"colorUser\":{\"type\":\"boolean\",\"value\":true,\"description\":\"Color users based on cumulative upvotes / downvotes\"},\"storeSourceLink\":{\"type\":\"boolean\",\"value\":true,\"description\":\"By default, store a link to the link/comment you tagged a user on\"},\"hoverInfo\":{\"type\":\"boolean\",\"value\":true,\"description\":\"Show information on user (karma, how long they've been a redditor) on hover.\"},\"hoverDelay\":{\"type\":\"text\",\"value\":800,\"description\":\"Delay, in milliseconds, before hover tooltip loads. Default is 800.\"},\"fadeDelay\":{\"type\":\"text\",\"value\":200,\"description\":\"Delay, in milliseconds, before hover tooltip fades away. Default is 200.\"},\"fadeSpeed\":{\"type\":\"text\",\"value\":0.3,\"description\":\"Fade animation's speed. Default is 0.3, the range is 0-1. Setting the speed to 1 will disable the animation.\"},\"gildComments\":{\"type\":\"boolean\",\"value\":true,\"description\":\"When clicking the \\\"give gold\\\" button on the user hover info on a comment, give gold to the comment.\"},\"highlightButton\":{\"type\":\"boolean\",\"value\":true,\"description\":\"Show \\\"highlight\\\" button in user hover info, for distinguishing posts/comments from particular users.\"},\"highlightColor\":{\"type\":\"text\",\"value\":\"#5544CC\",\"description\":\"Color used to highlight a selected user, when \\\"highlighted\\\" from hover info.\"},\"highlightColorHover\":{\"type\":\"text\",\"value\":\"#6677AA\",\"description\":\"Color used to highlight a selected user on hover.\"},\"USDateFormat\":{\"type\":\"boolean\",\"value\":false,\"description\":\"Show date (redditor since...) in US format (i.e. 08-31-2010)\"},\"vwNumber\":{\"type\":\"boolean\",\"value\":true,\"description\":\"Show the number (i.e. [+6]) rather than [vw]\"},\"vwTooltip\":{\"type\":\"boolean\",\"value\":true,\"description\":\"Show the vote weight tooltip on hover (i.e. \\\"your votes for...\\\")\"}}","RESoptions.betteReddit":"{\"fullCommentsLink\":{\"type\":\"boolean\",\"value\":true,\"description\":\"add \\\"full comments\\\" link to comment replies, etc\"},\"fullCommentsText\":{\"type\":\"text\",\"value\":\"full comments\",\"description\":\"text of full comments link\"},\"commentsLinksNewTabs\":{\"type\":\"boolean\",\"value\":false,\"description\":\"Open links found in comments in a new tab\"},\"fixSaveLinks\":{\"type\":\"boolean\",\"value\":true,\"description\":\"Make \\\"save\\\" links change to \\\"unsave\\\" links when clicked\"},\"fixHideLinks\":{\"type\":\"boolean\",\"value\":true,\"description\":\"Make \\\"hide\\\" links change to \\\"unhide\\\" links when clicked, and provide a 5 second delay prior to hiding the link\"},\"searchSubredditByDefault\":{\"type\":\"boolean\",\"value\":true,\"description\":\"Search the current subreddit by default when using the search box, instead of all of reddit.\"},\"showUnreadCount\":{\"type\":\"boolean\",\"value\":true,\"description\":\"Show unread message count next to orangered?\"},\"showUnreadCountInTitle\":{\"type\":\"boolean\",\"value\":false,\"description\":\"Show unread message count in page/tab title?\"},\"showUnreadCountInFavicon\":{\"type\":\"boolean\",\"value\":true,\"description\":\"Show unread message count in favicon?\"},\"unreadLinksToInbox\":{\"type\":\"boolean\",\"value\":false,\"description\":\"Always go to the inbox, not unread messages, when clicking on orangered\"},\"videoTimes\":{\"type\":\"boolean\",\"value\":true,\"description\":\"Show lengths of videos when possible\"},\"videoUploaded\":{\"type\":\"boolean\",\"value\":false,\"description\":\"Show upload date of videos when possible\"},\"toolbarFix\":{\"type\":\"boolean\",\"value\":true,\"description\":\"Don't use Reddit Toolbar when linking to sites that may not function (twitter, youtube and others)\"},\"pinHeader\":{\"type\":\"enum\",\"values\":[{\"name\":\"None\",\"value\":\"none\"},{\"name\":\"Subreddit Bar only\",\"value\":\"sub\"},{\"name\":\"User Bar\",\"value\":\"userbar\"},{\"name\":\"Subreddit Bar and User bar\",\"value\":\"subanduser\"},{\"name\":\"Full Header\",\"value\":\"header\"}],\"value\":\"none\",\"description\":\"Pin the subreddit bar or header to the top, even when you scroll.\"},\"turboSelfText\":{\"type\":\"boolean\",\"value\":true,\"description\":\"Preload selftext data to make selftext expandos faster (preloads after first expando)\"},\"showLastEditedTimestamp\":{\"type\":\"boolean\",\"value\":true,\"description\":\"Show the time that a text post/comment was edited, without having to hover the timestamp.\"},\"restoreSavedTab\":{\"type\":\"boolean\",\"value\":false,\"description\":\"The saved tab on pages with the multireddit side bar is now located in that collapsible bar. This will restore it to the header. If you have the 'Save Comments' module enabled then you'll see both the links <em>and</em> comments tabs.\"}}","RESoptions.singleClick":"{\"openOrder\":{\"type\":\"enum\",\"values\":[{\"name\":\"open comments then link\",\"value\":\"commentsfirst\"},{\"name\":\"open link then comments\",\"value\":\"linkfirst\"}],\"value\":\"commentsfirst\",\"description\":\"What order to open the link/comments in.\"},\"hideLEC\":{\"type\":\"boolean\",\"value\":false,\"description\":\"Hide the [l=c] when the link is the same as the comments page\"},\"openBackground\":{\"type\":\"boolean\",\"value\":false,\"description\":\"Open the [l+c] link in background tabs\"}}","RESoptions.commentPreview":"{\"enableBigEditor\":{\"type\":\"boolean\",\"value\":true,\"description\":\"Enable the 2 column editor.\"}}","RESoptions.commentTools":"{\"commentingAs\":{\"type\":\"boolean\",\"value\":true,\"description\":\"Shows your currently logged in username to avoid posting from the wrong account.\"},\"userAutocomplete\":{\"type\":\"boolean\",\"value\":true,\"description\":\"Show user autocomplete tool when typing in posts, comments and replies\"},\"subredditAutocomplete\":{\"type\":\"boolean\",\"value\":true,\"description\":\"Show subreddit autocomplete tool when typing in posts, comments and replies\"},\"showInputLength\":{\"type\":\"boolean\",\"value\":true,\"description\":\"When submitting, display the number of characters entered in the title and text fields and indicate when you go over the 300 character limit for titles.\"},\"keyboardShortcuts\":{\"type\":\"boolean\",\"value\":true,\"description\":\"Use keyboard shortcuts to apply styles to selected text\"},\"macros\":{\"type\":\"table\",\"addRowText\":\"+add shortcut\",\"fields\":[{\"name\":\"label\",\"type\":\"text\"},{\"name\":\"text\",\"type\":\"textarea\"},{\"name\":\"category\",\"type\":\"text\"},{\"name\":\"key\",\"type\":\"keycode\"}],\"value\":[],\"description\":\"Add buttons to insert frequently used snippets of text.\"},\"keepMacroListOpen\":{\"type\":\"boolean\",\"value\":false,\"description\":\"After selecting a macro from the dropdown list, do not hide the list.\"}}","RESoptions.usernameHider":"{\"displayText\":{\"type\":\"text\",\"value\":\"~anonymous~\",\"description\":\"What to replace your username with, default is ~anonymous~\"}}","RESoptions.showImages":"{\"maxWidth\":{\"type\":\"text\",\"value\":\"640\",\"description\":\"Max width of image displayed onscreen\"},\"maxHeight\":{\"type\":\"text\",\"value\":\"480\",\"description\":\"Max height of image displayed onscreen\"},\"openInNewWindow\":{\"type\":\"boolean\",\"value\":true,\"description\":\"Open images in a new tab/window when clicked?\"},\"hideNSFW\":{\"type\":\"boolean\",\"value\":false,\"description\":\"If checked, do not show images marked NSFW.\"},\"autoExpandSelfText\":{\"type\":\"boolean\",\"value\":true,\"description\":\"When loading selftext from an Aa+ expando, auto reveal images.\"},\"imageZoom\":{\"type\":\"boolean\",\"value\":true,\"description\":\"Allow dragging to resize/zoom images.\"},\"markVisited\":{\"type\":\"boolean\",\"value\":true,\"description\":\"Mark links visited when you view images (does eat some resources).\"},\"sfwHistory\":{\"type\":\"enum\",\"value\":\"add\",\"values\":[{\"name\":\"Add links to history\",\"value\":\"add\"},{\"name\":\"Color links, but do not add to history\",\"value\":\"color\"},{\"name\":\"Do not add or color links.\",\"value\":\"none\"}],\"description\":\"Keeps NSFW links from being added to your browser history <span style=\\\"font-style: italic\\\">by the markVisited feature</span>.<br/>\\t\\t\\t\\t<span style=\\\"font-style: italic\\\">If you chose the second option, then links will be blue again on refresh.</span><br/>\\t\\t\\t\\t<span style=\\\"color: red\\\">This does not change your basic browser behavior.\\t\\t\\t\\tIf you click on a link then it will still be added to your history normally.\\t\\t\\t\\tThis is not a substitute for using your browser's privacy mode.</span>\"},\"ignoreDuplicates\":{\"type\":\"boolean\",\"value\":true,\"description\":\"Do not create expandos for images that appear multiple times in a page.\"},\"displayImageCaptions\":{\"type\":\"boolean\",\"value\":true,\"description\":\"Retrieve image captions/attribution information.\"},\"loadAllInAlbum\":{\"type\":\"boolean\",\"value\":false,\"description\":\"Display all images at once in a 'filmstrip' layout, rather than the default navigable 'slideshow' style.\"}}","RESoptions.showKarma":"{\"separator\":{\"type\":\"text\",\"value\":\"·\",\"description\":\"Separator character between post/comment karma\"},\"useCommas\":{\"type\":\"boolean\",\"value\":false,\"description\":\"Use commas for large karma numbers\"}}","RESoptions.hideChildComments":"{\"automatic\":{\"type\":\"boolean\",\"value\":false,\"description\":\"Automatically hide all but parent comments, or provide a link to hide them all?\"}}","RESoptions.showParent":"{\"hoverDelay\":{\"type\":\"text\",\"value\":500,\"description\":\"Delay, in milliseconds, before parent hover loads. Default is 500.\"},\"fadeDelay\":{\"type\":\"text\",\"value\":200,\"description\":\"Delay, in milliseconds, before parent hover fades away after the mouse leaves. Default is 200.\"},\"direction\":{\"type\":\"enum\",\"value\":\"down\",\"values\":[{\"name\":\"Up\",\"value\":\"up\"},{\"name\":\"Down\",\"value\":\"down\"}],\"description\":\"Order the parent comments to place the closest parent at the top (down) or at the bottom (up).\"}}","RESoptions.neverEndingReddit":"{\"returnToPrevPage\":{\"type\":\"boolean\",\"value\":true,\"description\":\"Return to the page you were last on when hitting \\\"back\\\" button?\"},\"autoLoad\":{\"type\":\"boolean\",\"value\":true,\"description\":\"Automatically load new page on scroll (if off, you click to load)\"},\"notifyWhenPaused\":{\"type\":\"boolean\",\"value\":true,\"description\":\"Show a reminder to unpause Never-Ending Reddit after pausing\"},\"reversePauseIcon\":{\"type\":\"boolean\",\"value\":false,\"description\":\"Show \\\"paused\\\" bars icon when auto-load is paused and \\\"play\\\" wedge icon when active\"},\"pauseAfterEvery\":{\"type\":\"text\",\"value\":0,\"description\":\"After auto-loading a certain number of pages, pause the auto-loader<br><br>0 or a negative number means Never-Ending Reddit will only pause when you clickthe play/pause button in the top right corner.\"},\"hideDupes\":{\"type\":\"enum\",\"value\":\"fade\",\"values\":[{\"name\":\"Fade\",\"value\":\"fade\"},{\"name\":\"Hide\",\"value\":\"hide\"},{\"name\":\"Do not hide\",\"value\":\"none\"}],\"description\":\"Fade or completely hide duplicate posts from previous pages.\"}}","RESoptions.saveComments":"{}","RESoptions.userHighlight":"{\"highlightOP\":{\"type\":\"boolean\",\"value\":true,\"description\":\"Highlight OP's comments\"},\"OPColor\":{\"type\":\"text\",\"value\":\"#0055DF\",\"description\":\"Color to use to highlight OP. Defaults to original text color\"},\"OPColorHover\":{\"type\":\"text\",\"value\":\"#4E7EAB\",\"description\":\"Color used to highlight OP on hover.\"},\"highlightAdmin\":{\"type\":\"boolean\",\"value\":true,\"description\":\"Highlight Admin's comments\"},\"adminColor\":{\"type\":\"text\",\"value\":\"#FF0011\",\"description\":\"Color to use to highlight Admins. Defaults to original text color\"},\"adminColorHover\":{\"type\":\"text\",\"value\":\"#B3000C\",\"description\":\"Color used to highlight Admins on hover.\"},\"highlightFriend\":{\"type\":\"boolean\",\"value\":true,\"description\":\"Highlight Friends' comments\"},\"friendColor\":{\"type\":\"text\",\"value\":\"#FF4500\",\"description\":\"Color to use to highlight Friends. Defaults to original text color\"},\"friendColorHover\":{\"type\":\"text\",\"value\":\"#B33000\",\"description\":\"Color used to highlight Friends on hover.\"},\"highlightMod\":{\"type\":\"boolean\",\"value\":true,\"description\":\"Highlight Mod's comments\"},\"modColor\":{\"type\":\"text\",\"value\":\"#228822\",\"description\":\"Color to use to highlight Mods. Defaults to original text color\"},\"modColorHover\":{\"type\":\"text\",\"value\":\"#134913\",\"description\":\"Color used to highlight Mods on hover. Defaults to gray.\"},\"highlightFirstCommenter\":{\"type\":\"boolean\",\"value\":false,\"description\":\"Highlight the person who has the first comment in a tree, within that tree\"},\"firstCommentColor\":{\"type\":\"text\",\"value\":\"#46B6CC\",\"description\":\"Color to use to highlight the first-commenter. Defaults to original text color\"},\"firstCommentColorHover\":{\"type\":\"text\",\"value\":\"#72D2E5\",\"description\":\"Color used to highlight the first-commenter on hover.\"},\"fontColor\":{\"type\":\"text\",\"value\":\"white\",\"description\":\"Color for highlighted text.\"},\"autoColorUsernames\":{\"type\":\"boolean\",\"value\":false,\"description\":\"Set a unique color for each username\"}}","RESoptions.styleTweaks":"{\"navTop\":{\"type\":\"boolean\",\"value\":true,\"description\":\"Moves the username navbar to the top (great on netbooks!)\"},\"commentBoxes\":{\"type\":\"boolean\",\"value\":true,\"description\":\"Highlights comment boxes for easier reading / placefinding in large threads.\"},\"commentRounded\":{\"type\":\"boolean\",\"value\":true,\"description\":\"Round corners of comment boxes\"},\"commentHoverBorder\":{\"type\":\"boolean\",\"value\":false,\"description\":\"Highlight comment box hierarchy on hover (turn off for faster performance)\"},\"commentIndent\":{\"type\":\"text\",\"value\":10,\"description\":\"Indent comments by [x] pixels (only enter the number, no 'px')\"},\"continuity\":{\"type\":\"boolean\",\"value\":false,\"description\":\"Show comment continuity lines\"},\"lightSwitch\":{\"type\":\"boolean\",\"value\":true,\"description\":\"Enable lightswitch (toggle between light / dark reddit)\"},\"lightOrDark\":{\"type\":\"enum\",\"values\":[{\"name\":\"Light\",\"value\":\"light\"},{\"name\":\"Dark\",\"value\":\"dark\"}],\"value\":\"light\",\"description\":\"Light, or dark?\"},\"visitedStyle\":{\"type\":\"boolean\",\"value\":false,\"description\":\"Reddit makes it so no links on comment pages appear as \\\"visited\\\" - including user profiles. This option undoes that.\"},\"showExpandos\":{\"type\":\"boolean\",\"value\":true,\"description\":\"Bring back video and text expando buttons for users with compressed link display\"},\"hideUnvotable\":{\"type\":\"boolean\",\"value\":false,\"description\":\"Hide vote arrows on threads where you cannot vote (e.g. archived due to age)\"},\"colorBlindFriendly\":{\"type\":\"boolean\",\"value\":false,\"description\":\"Use colorblind friendly styles when possible\"},\"scrollSubredditDropdown\":{\"type\":\"boolean\",\"value\":true,\"description\":\"Scroll the standard subreddit dropdown (useful for pinned header and disabled Subreddit Manager)\"}}","RESoptions.accountSwitcher":"{\"accounts\":{\"type\":\"table\",\"addRowText\":\"+add account\",\"fields\":[{\"name\":\"username\",\"type\":\"text\"},{\"name\":\"password\",\"type\":\"password\"}],\"value\":[],\"description\":\"Set your usernames and passwords below. They are only stored in RES preferences.\"},\"keepLoggedIn\":{\"type\":\"boolean\",\"value\":false,\"description\":\"Keep me logged in when I restart my browser.\"},\"showCurrentUserName\":{\"type\":\"boolean\",\"value\":false,\"description\":\"Show my current user name in the Account Switcher.\"},\"dropDownStyle\":{\"type\":\"enum\",\"values\":[{\"name\":\"snoo (alien)\",\"value\":\"alien\"},{\"name\":\"simple arrow\",\"value\":\"arrow\"}],\"value\":\"alien\",\"description\":\"Use the \\\"snoo\\\" icon, or older style dropdown?\"}}","RESoptions.filteReddit":"{\"NSFWfilter\":{\"type\":\"boolean\",\"value\":false,\"description\":\"Filters all links labelled NSFW\"},\"notification\":{\"type\":\"boolean\",\"value\":true,\"description\":\"Show a notification when posts are filtered\"},\"NSFWQuickToggle\":{\"type\":\"boolean\",\"value\":true,\"description\":\"Add a quick NSFW on/off toggle to the gear menu\"},\"keywords\":{\"type\":\"table\",\"addRowText\":\"+add filter\",\"fields\":[{\"name\":\"keyword\",\"type\":\"text\"},{\"name\":\"applyTo\",\"type\":\"enum\",\"values\":[{\"name\":\"Everywhere\",\"value\":\"everywhere\"},{\"name\":\"Everywhere but:\",\"value\":\"exclude\"},{\"name\":\"Only on:\",\"value\":\"include\"}],\"value\":\"everywhere\",\"description\":\"Apply filter to:\"},{\"name\":\"reddits\",\"type\":\"list\",\"source\":\"/api/search_reddit_names.json?app=res\",\"hintText\":\"type a subreddit name\"}],\"value\":[],\"description\":\"Type in title keywords you want to ignore if they show up in a title\"},\"subreddits\":{\"type\":\"table\",\"addRowText\":\"+add filter\",\"fields\":[{\"name\":\"subreddit\",\"type\":\"text\"}],\"value\":[],\"description\":\"Type in a subreddit you want to ignore (only applies to /r/all or /domain/* urls)\"},\"domains\":{\"type\":\"table\",\"addRowText\":\"+add filter\",\"fields\":[{\"name\":\"domain\",\"type\":\"text\"},{\"name\":\"applyTo\",\"type\":\"enum\",\"values\":[{\"name\":\"Everywhere\",\"value\":\"everywhere\"},{\"name\":\"Everywhere but:\",\"value\":\"exclude\"},{\"name\":\"Only on:\",\"value\":\"include\"}],\"value\":\"everywhere\",\"description\":\"Apply filter to:\"},{\"name\":\"reddits\",\"type\":\"list\",\"source\":\"/api/search_reddit_names.json?app=res\",\"hintText\":\"type a subreddit name\"}],\"value\":[],\"description\":\"Type in domain keywords you want to ignore. Note that \\\"reddit\\\" would ignore \\\"reddit.com\\\" and \\\"fooredditbar.com\\\"\"},\"flair\":{\"type\":\"table\",\"addRowText\":\"+add filter\",\"fields\":[{\"name\":\"keyword\",\"type\":\"text\"},{\"name\":\"applyTo\",\"type\":\"enum\",\"values\":[{\"name\":\"Everywhere\",\"value\":\"everywhere\"},{\"name\":\"Everywhere but:\",\"value\":\"exclude\"},{\"name\":\"Only on:\",\"value\":\"include\"}],\"value\":\"everywhere\",\"description\":\"Apply filter to:\"},{\"name\":\"reddits\",\"type\":\"list\",\"source\":\"/api/search_reddit_names.json?app=res\",\"hintText\":\"type a subreddit name\"}],\"value\":[],\"description\":\"Type in keywords you want to ignore if they are contained in link flair\"},\"allowNSFW\":{\"type\":\"table\",\"addRowText\":\"+add subreddits\",\"description\":\"Whitelist subreddits from NSFW filter\",\"fields\":[{\"name\":\"subreddits\",\"type\":\"list\",\"source\":\"/api/search_reddit_names.json?app=res\",\"hintText\":\"type a subreddit name\"},{\"name\":\"where\",\"type\":\"enum\",\"values\":[{\"name\":\"Everywhere\",\"value\":\"everywhere\"},{\"name\":\"When browsing subreddit/multi-subreddit\",\"value\":\"visit\"}],\"value\":\"everywhere\"}]}}","RESoptions.newCommentCount":"{\"cleanComments\":{\"type\":\"text\",\"value\":7,\"description\":\"Clean out cached comment counts of pages you haven't visited in [x] days - enter a number here only!\"},\"subscriptionLength\":{\"type\":\"text\",\"value\":2,\"description\":\"Automatically remove thread subscriptions in [x] days - enter a number here only!\"}}","RESoptions.spamButton":"{}","RESoptions.commentNavigator":"{\"showByDefault\":{\"type\":\"boolean\",\"value\":false,\"description\":\"Display Comment Navigator by default\"}}","RESoptions.subredditManager":"{\"subredditShortcut\":{\"type\":\"boolean\",\"value\":true,\"description\":\"Add +shortcut button in subreddit sidebar for easy addition of shortcuts.\"},\"linkDashboard\":{\"type\":\"boolean\",\"value\":true,\"description\":\"Show \\\"DASHBOARD\\\" link in subreddit manager\"},\"linkAll\":{\"type\":\"boolean\",\"value\":true,\"description\":\"Show \\\"ALL\\\" link in subreddit manager\"},\"linkFront\":{\"type\":\"boolean\",\"value\":true,\"description\":\"show \\\"FRONT\\\" link in subreddit manager\"},\"linkRandom\":{\"type\":\"boolean\",\"value\":true,\"description\":\"Show \\\"RANDOM\\\" link in subreddit manager\"},\"linkMyRandom\":{\"type\":\"boolean\",\"value\":true,\"description\":\"Show \\\"MYRANDOM\\\" link in subreddit manager (reddit gold only)\"},\"linkRandNSFW\":{\"type\":\"boolean\",\"value\":false,\"description\":\"Show \\\"RANDNSFW\\\" link in subreddit manager\"},\"linkFriends\":{\"type\":\"boolean\",\"value\":true,\"description\":\"Show \\\"FRIENDS\\\" link in subreddit manager\"},\"linkMod\":{\"type\":\"boolean\",\"value\":true,\"description\":\"Show \\\"MOD\\\" link in subreddit manager\"},\"linkModqueue\":{\"type\":\"boolean\",\"value\":true,\"description\":\"Show \\\"MODQUEUE\\\" link in subreddit manager\"}}","RESoptions.RESTips":"{\"dailyTip\":{\"type\":\"boolean\",\"value\":true,\"description\":\"Show a random tip once every 24 hours.\"}}","RESoptions.settingsNavigation":"{}","RESoptions.dashboard":"{\"defaultPosts\":{\"type\":\"text\",\"value\":3,\"description\":\"Number of posts to show by default in each widget\"},\"defaultSort\":{\"type\":\"enum\",\"values\":[{\"name\":\"hot\",\"value\":\"hot\"},{\"name\":\"new\",\"value\":\"new\"},{\"name\":\"controversial\",\"value\":\"controversial\"},{\"name\":\"top\",\"value\":\"top\"}],\"value\":\"hot\",\"description\":\"Default sort method for new widgets\"},\"dashboardShortcut\":{\"type\":\"boolean\",\"value\":true,\"description\":\"Show +dashboard shortcut in sidebar for easy addition of dashboard widgets.\"},\"tagsPerPage\":{\"type\":\"text\",\"value\":25,\"description\":\"How many user tags to show per page. (enter zero to show all on one page)\"}}","RESoptions.subredditInfo":"{\"hoverDelay\":{\"type\":\"text\",\"value\":800,\"description\":\"Delay, in milliseconds, before hover tooltip loads. Default is 800.\"},\"fadeDelay\":{\"type\":\"text\",\"value\":200,\"description\":\"Delay, in milliseconds, before hover tooltip fades away. Default is 200.\"},\"fadeSpeed\":{\"type\":\"text\",\"value\":0.3,\"description\":\"Fade animation's speed. Default is 0.3, the range is 0-1. Setting the speed to 1 will disable the animation.\"},\"USDateFormat\":{\"type\":\"boolean\",\"value\":false,\"description\":\"Show date (subreddit created...) in US format (i.e. 08-31-2010)\"}}","RESoptions.commentHidePersistor":"{}","RESoptions.bitcointip":"{\"baseTip\":{\"name\":\"Default Tip\",\"type\":\"text\",\"value\":\"0.01 BTC\",\"description\":\"Default tip amount in the form of \\\"[value] [units]\\\", e.g. \\\"0.01 BTC\\\"\"},\"attachButtons\":{\"name\":\"Add \\\"tip bitcoins\\\" Button\",\"type\":\"boolean\",\"value\":true,\"description\":\"Attach \\\"tip bitcoins\\\" button to comments\"},\"hide\":{\"name\":\"Hide Bot Verifications\",\"type\":\"boolean\",\"value\":true,\"description\":\"Hide bot verifications\"},\"status\":{\"name\":\"Tip Status Format\",\"type\":\"enum\",\"values\":[{\"name\":\"detailed\",\"value\":\"detailed\"},{\"name\":\"basic\",\"value\":\"basic\"},{\"name\":\"none\",\"value\":\"none\"}],\"value\":\"detailed\",\"description\":\"Tip status - level of detail\"},\"currency\":{\"name\":\"Preferred Currency\",\"type\":\"enum\",\"values\":[{\"name\":\"BTC\",\"value\":\"BTC\"},{\"name\":\"USD\",\"value\":\"USD\"},{\"name\":\"JPY\",\"value\":\"JPY\"},{\"name\":\"GBP\",\"value\":\"GBP\"},{\"name\":\"EUR\",\"value\":\"EUR\"}],\"value\":\"USD\",\"description\":\"Preferred currency units\"},\"balance\":{\"name\":\"Display Balance\",\"type\":\"boolean\",\"value\":true,\"description\":\"Display balance\"},\"subreddit\":{\"name\":\"Display Enabled Subreddits\",\"type\":\"boolean\",\"value\":false,\"description\":\"Display enabled subreddits\"},\"address\":{\"name\":\"Known User Addresses\",\"type\":\"table\",\"addRowText\":\"+add address\",\"fields\":[{\"name\":\"user\",\"type\":\"text\"},{\"name\":\"address\",\"type\":\"text\"}],\"value\":[],\"description\":\"Mapping of usernames to bitcoin addresses\"},\"fetchWalletAddress\":{\"text\":\"Search private messages\",\"description\":\"Search private messages for bitcoin wallet associated with the current username.<p>You must be logged in to search.</p><p>After clicking the button, you must reload the page to see newly-found addresses.</p>\",\"type\":\"button\",\"callback\":null}}","RESoptions.troubleShooter":"{\"clearUserInfoCache\":{\"type\":\"button\",\"text\":\"Clear\",\"callback\":null,\"description\":\"Reset the <code>userInfo</code> cache for the currently logged in user. Useful for when link/comment karma appears to have frozen.\"},\"clearSubreddits\":{\"type\":\"button\",\"text\":\"Clear\",\"callback\":null,\"description\":\"Reset the 'My Subreddits' dropdown contents in the event of old/duplicate/missing entries.\"},\"clearTags\":{\"type\":\"button\",\"text\":\"Clear\",\"callback\":null,\"description\":\"Remove all entries for users with +1 or -1 vote tallies (only non-tagged users).\"},\"resetToFactory\":{\"type\":\"button\",\"text\":\"Reset\",\"callback\":null,\"description\":\"Warning: This will remove all your RES settings, including tags, saved comments, filters etc!\"}}","RES.modulePrefs":"{\"userTagger\":true,\"betteReddit\":true,\"singleClick\":true,\"subRedditTagger\":true,\"uppersAndDowners\":true,\"keyboardNav\":true,\"commentPreview\":true,\"showImages\":true,\"showKarma\":true,\"usernameHider\":false,\"accountSwitcher\":true,\"styleTweaks\":true,\"filteReddit\":true,\"spamButton\":false,\"bitcointip\":false,\"RESPro\":false}","RES.firstRun.4.3.0.4":"true","RESmodules.keyboardNavLastIndex":"{\"lastScan\":1383756391903,\"http://www.reddit.com\":{\"index\":19,\"updated\":1383758260485},\"http://www.reddit.com/#page=2\":{\"index\":30,\"updated\":1383758280687},\"http://www.reddit.com/search?q=walmart\":{\"index\":0,\"updated\":1383756449402},\"http://www.reddit.com/search?q=walmart&sort=new\":{\"index\":0,\"updated\":1383756461313},\"http://www.reddit.com/#page=4\":{\"index\":102,\"updated\":1383759605700},\"http://www.reddit.com/#page=6\":{\"index\":149,\"updated\":1383759669530},\"http://www.reddit.com/#page=7\":{\"index\":164,\"updated\":1383759690050},\"http://www.reddit.com/#page=9\":{\"index\":220,\"updated\":1383759739747},\"http://www.reddit.com/#page=10\":{\"index\":252,\"updated\":1383759775205},\"http://www.reddit.com/#page=12\":{\"index\":295,\"updated\":1383759864941},\"http://www.reddit.com/#page=13\":{\"index\":308,\"updated\":1383759877948},\"http://www.reddit.com/#page=15\":{\"index\":363,\"updated\":1383759945193},\"http://www.reddit.com/#page=16\":{\"index\":396,\"updated\":1383759982113},\"http://www.reddit.com/#page=19\":{\"index\":474,\"updated\":1383760116470},\"http://www.reddit.com/r/nootropics\":{\"index\":4,\"updated\":1383760233834},\"http://www.reddit.com/r/nootropics#page=3\":{\"index\":54,\"updated\":1383760502121}}","RESmodules.userTagger.tags":"{\"gthank\":{\"votes\":1}}","RESmodules.betteReddit.msgCount.lastCheck.BaconRicky":0,"RESmodules.newCommentCount.lastClean":1383756392104,"RESLastToolTip":1383756392118,"RESUtils.userInfoCache.BaconRicky":"{\"lastCheck\":1383760512612,\"userInfo\":{\"kind\":\"t2\",\"data\":{\"has_mail\":false,\"name\":\"BaconRicky\",\"is_friend\":false,\"created\":1349289286,\"modhash\":\"gbki9dd61u1e1ae70af20bb4aae6462001e4c9094ec81aae13\",\"created_utc\":1349285686,\"link_karma\":1,\"comment_karma\":7,\"over_18\":true,\"is_gold\":false,\"is_mod\":false,\"has_verified_email\":false,\"id\":\"975z2\",\"has_mod_mail\":false}}}","RESLastUpdateCheck":1383756391871,"RES.newAnnouncement":"true","RES.lastAnnouncementID":"1juo7t","RESmodules.neverEndingReddit.lastVisibleIndex.linklist.null":"id-t3_1q0xan","RESmodules.neverEndingReddit.lastPage.linklist.null":"http://www.reddit.com/?count=525&after=t3_1q0u1u","RESConsole.hasOpenedCheck":1383756449547,"RESmodules.subredditManager.subredditsLastViewed.BaconRicky":"{\"popping\":{\"last_visited\":1383616513277},\"gonewildplus\":{\"last_visited\":1383623083172},\"gw\":{\"last_visited\":1383623074583},\"gonewildcurvy\":{\"last_visited\":1383623090888},\"gonewildcouples\":{\"last_visited\":1383624813210},\"gwcouples\":{\"last_visited\":1383624935639},\"nootropics\":{\"last_visited\":1383760512734}}","RESmodules.neverEndingReddit.lastVisibleIndex.linklist.popping":"id-t3_1pcqfn","RESmodules.neverEndingReddit.lastPage.linklist.popping":"http://www.reddit.com/r/popping/?count=75&after=t3_1pg37l","RESmodules.neverEndingReddit.lastVisibleIndex.linklist.gonewildplus":"id-t3_1pvusm","RESmodules.neverEndingReddit.lastPage.linklist.gonewildplus":"http://www.reddit.com/r/GoneWildPlus/?count=300&after=t3_1pjgyt","RESmodules.neverEndingReddit.lastVisibleIndex.linklist.gonewildcurvy":"id-t3_1pviy9","RESmodules.neverEndingReddit.lastVisibleIndex.linklist.gonewildcouples":"id-t3_1cnxtw","RESmodules.neverEndingReddit.lastPage.linklist.gonewildcouples":"http://www.reddit.com/r/gonewildcouples/?count=350&after=t3_1d2nxf","RESmodules.neverEndingReddit.lastVisibleIndex.linklist.gwcouples":"id-t3_1oxj1x","RESmodules.neverEndingReddit.lastPage.linklist.gwcouples":"http://www.reddit.com/r/GWCouples/?count=150&after=t3_1oz1x8","RESmodules.newCommentCount.counts":"{\"1pp067\":{\"count\":\"12\",\"url\":\"http://www.reddit.com/r/Nootropics/comments/1pp067/phenylpiracetam_adderall_interactions/\",\"title\":\"phenylpiracetam & adderall interactions? : Nootropics\",\"updateTime\":1383760512710}}","RESmodules.neverEndingReddit.lastVisibleIndex.linklist.nootropics":"id-t3_1pnfuj","RESmodules.neverEndingReddit.lastPage.linklist.nootropics":"http://www.reddit.com/r/Nootropics/?count=50&after=t3_1pp64z","RESmodules.commentTools.macroDataVersion":"2"}