{"title":"","id":1,"dateAdded":1383594427562657,"lastModified":1383761160380673,"type":"text/x-moz-place-container","root":"placesRoot","children":[{"title":"Bookmarks Menu","id":2,"parent":1,"dateAdded":1383594427562657,"lastModified":1383770423373691,"type":"text/x-moz-place-container","root":"bookmarksMenuFolder","children":[{"title":"Recently Bookmarked","id":13,"parent":2,"annos":[{"name":"Places/SmartBookmark","flags":0,"expires":4,"value":"RecentlyBookmarked"}],"type":"text/x-moz-place","uri":"place:folder=BOOKMARKS_MENU&folder=UNFILED_BOOKMARKS&folder=TOOLBAR&sort=12&excludeQueries=1&maxResults=10&queryType=1"},{"index":1,"title":"Recent Tags","id":14,"parent":2,"annos":[{"name":"Places/SmartBookmark","flags":0,"expires":4,"value":"RecentTags"}],"type":"text/x-moz-place","uri":"place:sort=14&type=6&maxResults=10&queryType=1"},{"index":2,"title":"","id":15,"parent":2,"dateAdded":1383594428131315,"lastModified":1383594428131315,"type":"text/x-moz-place-separator"},{"index":3,"title":"Mozilla Firefox","id":7,"parent":2,"dateAdded":1383594428099878,"lastModified":1383594428104607,"type":"text/x-moz-place-container","children":[{"title":"Help and Tutorials","id":8,"parent":7,"dateAdded":1383594428100549,"lastModified":1383594428101235,"type":"text/x-moz-place","uri":"https://www.mozilla.org/en-US/firefox/help/"},{"index":1,"title":"Customize Firefox","id":9,"parent":7,"dateAdded":1383594428102449,"lastModified":1383594428102872,"type":"text/x-moz-place","uri":"https://www.mozilla.org/en-US/firefox/customize/"},{"index":2,"title":"Get Involved","id":10,"parent":7,"dateAdded":1383594428103515,"lastModified":1383594428103900,"type":"text/x-moz-place","uri":"https://www.mozilla.org/en-US/contribute/"},{"index":3,"title":"About Us","id":11,"parent":7,"dateAdded":1383594428104607,"lastModified":1383594428105006,"type":"text/x-moz-place","uri":"https://www.mozilla.org/en-US/about/"}]},{"index":4,"title":"PROJECT: CODENAME","id":16,"parent":2,"dateAdded":1383760767647256,"lastModified":1383760767705229,"annos":[{"name":"bookmarkProperties/description","flags":0,"expires":4,"value":""}],"type":"text/x-moz-place","uri":"http://projectcodename.com/#","charset":"windows-1252"},{"index":5,"title":"IT Mobile › Plan | Rally","id":25,"parent":2,"dateAdded":1383764814180996,"lastModified":1383764814196481,"annos":[{"name":"bookmarkProperties/description","flags":0,"expires":4,"value":""}],"type":"text/x-moz-place","uri":"https://rally1.rallydev.com/#/10704395745ud/plan","charset":"UTF-8"},{"index":6,"title":"nharris - Red Hat Etherpad","id":26,"parent":2,"dateAdded":1383770423373691,"lastModified":1383770423429321,"annos":[{"name":"bookmarkProperties/description","flags":0,"expires":4,"value":""}],"type":"text/x-moz-place","uri":"http://nharris.etherpad.corp.redhat.com/","charset":"UTF-8"}]},{"index":1,"title":"Bookmarks Toolbar","id":3,"parent":1,"dateAdded":1383594427562657,"lastModified":1383594428128302,"annos":[{"name":"bookmarkProperties/description","flags":0,"expires":4,"value":"Add bookmarks to this folder to see them displayed on the Bookmarks Toolbar"}],"type":"text/x-moz-place-container","root":"toolbarFolder","children":[{"title":"Most Visited","id":12,"parent":3,"annos":[{"name":"Places/SmartBookmark","flags":0,"expires":4,"value":"MostVisited"}],"type":"text/x-moz-place","uri":"place:sort=8&maxResults=10"},{"index":1,"title":"Getting Started","id":6,"parent":3,"dateAdded":1383594428098783,"lastModified":1383594428099166,"type":"text/x-moz-place","uri":"https://www.mozilla.org/en-US/firefox/central/"}]},{"index":2,"title":"Tags","id":4,"parent":1,"dateAdded":1383594427562657,"lastModified":1383594427562657,"type":"text/x-moz-place-container","root":"tagsFolder","children":[]},{"index":3,"title":"Unsorted Bookmarks","id":5,"parent":1,"dateAdded":1383594427562657,"lastModified":1383594428096115,"type":"text/x-moz-place-container","root":"unfiledBookmarksFolder","children":[]}]}