{"web":"https://github.com/textmate/xml.tmbundle/commit/","commits":[{"body":"","summary":"Add .xsd extension for XML grammar (XML Schema).","commit":"19ca64447ff1c70fed0398f3209de8445794480e","author":"Michael Sheets","date":"2013-01-25T01:13:02-06:00"},{"body":"","summary":"Improve pasting indent expectations with indentOnPaste setting.","commit":"9d9446f7da37e259cea0bd4a054796c5f67d5af1","author":"Michael Sheets","date":"2012-09-15T05:10:31-05:00"},{"body":"","summary":"Improve scoping.","commit":"74591865dd05d04176a2186eafa9cbece5c43e98","author":"Michael Sheets","date":"2011-11-28T04:24:39-06:00"},{"body":"","summary":"Move folding settings.","commit":"52916015be6474f89a11bb614802d398fa9324dc","author":"Michael Sheets","date":"2011-11-27T20:11:21-06:00"},{"body":"","summary":"Replace readme.","commit":"a12b19222ffad96d37838b43a095fd08553a95fe","author":"Michael Sheets","date":"2011-11-27T20:04:53-06:00"},{"body":"","summary":"Correct matching of namespaced attributes. Sent in by lrowe, closes #1.","commit":"9883e0a11de9af973153cbb8aba1d7efc2f63b45","author":"Michael Sheets","date":"2010-07-21T19:56:51-05:00"},{"body":"","summary":"Handle external entity declarations better.","commit":"57ffc57ba34f8350ad9a775eb056dc702915caad","author":"Adam Vandenberg","date":"2009-08-20T22:58:56-07:00"},{"body":"","summary":"Move entity declarations to repository; define some captures as XML keywords.","commit":"6e661c57e742f791ea7a6f521aab7817b960ed60","author":"Adam Vandenberg","date":"2009-08-20T22:51:30-07:00"},{"body":"","summary":"Allow Parameter Entities within an internal subset.","commit":"e68211a7b5b68a91626073b835652c78cf12bd75","author":"Adam Vandenberg","date":"2009-08-20T22:39:45-07:00"},{"body":"","summary":"Add document root capture to doctype; start stubbing out the internal subset declaration.","commit":"90f9d6cd104e1dbf38f9431a2f8cfc494f6d0847","author":"Adam Vandenberg","date":"2009-08-20T22:22:57-07:00"},{"body":"","summary":"Also match (as an error) bare ampersands inside quoted strings.","commit":"e16a5963a8e16e1da030f5b9da7174b4770f2c41","author":"Adam Vandenberg","date":"2009-08-19T15:18:50-07:00"},{"body":"","summary":"Allow entity matching inside of quoted strings, and move entity regex closer to XML spec.","commit":"2f11e65eb1125657c8544085979599583943dfa9","author":"Adam Vandenberg","date":"2009-08-19T15:00:51-07:00"},{"body":"","summary":"Update README.","commit":"95979ad6ac10414e21d6f55e98398b57e9ecbe22","author":"Adam Vandenberg","date":"2009-08-19T15:00:27-07:00"},{"body":"git-svn-id: http://svn.textmate.org/trunk/Bundles/XML.tmbundle@9502 dfb7d73b-c2ec-0310-8fea-fb051d288c6d","summary":"Switch from the directory name Test to Tests.","commit":"bf5664795491268fd5f52a7a0deb576eec3bcfa0","author":"Michael Sheets","date":"2008-05-03T22:48:39+00:00"},{"body":"git-svn-id: http://svn.textmate.org/trunk/Bundles/XML.tmbundle@9501 dfb7d73b-c2ec-0310-8fea-fb051d288c6d","summary":"Moving test files to their own directory.","commit":"3274afd39037c002851ab249169da3f3db6911fe","author":"Michael Sheets","date":"2008-05-03T22:13:19+00:00"},{"body":"git-svn-id: http://svn.textmate.org/trunk/Bundles/XML.tmbundle@8398 dfb7d73b-c2ec-0310-8fea-fb051d288c6d","summary":"• update my email address (from a throw-away address to something a little more permanent)","commit":"5850f73eee9378f8f1f86b089418bcdd5b01c380","author":"Allan Odgaard","date":"2007-11-04T00:58:40+00:00"},{"body":"git-svn-id: http://svn.textmate.org/trunk/Bundles/XML.tmbundle@8306 dfb7d73b-c2ec-0310-8fea-fb051d288c6d","summary":"• use TM_FULLNAME instead of TM_USERNAME in all templates and remove the setup of TM_USERNAME from the template script/helper","commit":"55c8637380b842160cfa1f8b49642ccbc9d60362","author":"Allan Odgaard","date":"2007-10-19T12:42:03+00:00"},{"body":"git-svn-id: http://svn.textmate.org/trunk/Bundles/XML.tmbundle@8141 dfb7d73b-c2ec-0310-8fea-fb051d288c6d","summary":"Respect the user’s tab/spacing choices","commit":"b125e305b04f178916cc2c532c2bdab7115b3fe9","author":"Ciarán Walsh","date":"2007-09-10T16:26:14+00:00"},{"body":"git-svn-id: http://svn.textmate.org/trunk/Bundles/XML.tmbundle@7185 dfb7d73b-c2ec-0310-8fea-fb051d288c6d","summary":"Add text.xml scope to this command since it can only be used on XML.","commit":"52cc5f10f0a31846cf85a2ed290efd82f1c5f40a","author":"Michael Sheets","date":"2007-05-09T08:42:02+00:00"},{"body":"git-svn-id: http://svn.textmate.org/trunk/Bundles/XML.tmbundle@7184 dfb7d73b-c2ec-0310-8fea-fb051d288c6d","summary":"Add .opml to the file extensions for the XML grammar.","commit":"b0f87d73cb27e5cf1fc65f6b78fa9e76c37923bc","author":"Michael Sheets","date":"2007-05-09T03:12:33+00:00"},{"body":"git-svn-id: http://svn.textmate.org/trunk/Bundles/XML.tmbundle@6937 dfb7d73b-c2ec-0310-8fea-fb051d288c6d","summary":"Display a tool tip if there were errors, instead of replacing document with the error message","commit":"55b5f2b4c8406ee03d1022e6917538676163768f","author":"Ciarán Walsh","date":"2007-04-02T10:16:17+00:00"},{"body":"git-svn-id: http://svn.textmate.org/trunk/Bundles/XML.tmbundle@6904 dfb7d73b-c2ec-0310-8fea-fb051d288c6d","summary":"XML comments should be block comments by default","commit":"3349db90fd935a0677d0f892b7486cc0e0f1f123","author":"David Powers","date":"2007-03-27T12:52:38+00:00"},{"body":"contactName:\n   The full name of the contact for this bundle.\ncontactEmailRot13:\n   A ROT13 encoded email address for the bundle contact (we obfuscate it to avoid spammers from picking up the files, seeing how bundles will often be available via anonymous svn over http).\ndescription:\n   A short description for this bundle. Do link to more info about the language (or whatever) the bundle is about. I decided on using HTML for this (but leave out the initial paragraph tag) since it seemed like overkill to run a single line of text through Markdown.pl, just to convert [foo](link) into &lt;a href=\"link\">foo&lt;/a>\n\nMany of the current descriptions could use some improvements, I just wanted to get the ball rolling :)\n\n\ngit-svn-id: http://svn.textmate.org/trunk/Bundles/XML.tmbundle@6718 dfb7d73b-c2ec-0310-8fea-fb051d288c6d","summary":"Add the following keys to the bundle’s info.plist:","commit":"99fc891e78e4b875b28679b8879fa908af34c208","author":"Allan Odgaard","date":"2007-03-04T20:11:31+00:00"},{"body":"git-svn-id: http://svn.textmate.org/trunk/Bundles/XML.tmbundle@6632 dfb7d73b-c2ec-0310-8fea-fb051d288c6d","summary":"actually add the file","commit":"26af500ea018697523f4d94315b59c361c0005d1","author":"Jacob Rus","date":"2007-02-23T20:28:39+00:00"},{"body":"git-svn-id: http://svn.textmate.org/trunk/Bundles/XML.tmbundle@6631 dfb7d73b-c2ec-0310-8fea-fb051d288c6d","summary":"cdata snippet","commit":"f2a3b3f3872ecdcfd55e02c548ec871bd2bf1756","author":"Jacob Rus","date":"2007-02-23T20:15:53+00:00"},{"body":"git-svn-id: http://svn.textmate.org/trunk/Bundles/XML.tmbundle@5598 dfb7d73b-c2ec-0310-8fea-fb051d288c6d","summary":"Change string.unquoted.xml.cdata to string.unquoted.cdata.xml","commit":"c1be753f91d091420d4ce3a776d840c47bc7a520","author":"Michael Sheets","date":"2006-10-24T04:55:33+00:00"},{"body":"git-svn-id: http://svn.textmate.org/trunk/Bundles/XML.tmbundle@5492 dfb7d73b-c2ec-0310-8fea-fb051d288c6d","summary":"Flubbed the empty xml tag special case when I added the punctuation scopes, fixed now.","commit":"f7de50cd36a2dff0db3467a2a3c769dc78d00faa","author":"Michael Sheets","date":"2006-10-17T03:23:19+00:00"},{"body":"git-svn-id: http://svn.textmate.org/trunk/Bundles/XML.tmbundle@5482 dfb7d73b-c2ec-0310-8fea-fb051d288c6d","summary":"Fix an error from last night's round of commits.","commit":"c70663b2895d6393b0469e6f81e6d60f1da0e784","author":"Michael Sheets","date":"2006-10-15T00:21:47+00:00"},{"body":"git-svn-id: http://svn.textmate.org/trunk/Bundles/XML.tmbundle@5468 dfb7d73b-c2ec-0310-8fea-fb051d288c6d","summary":"Adding new punctuation scopes to various rules.","commit":"ffc94e2f97dd8c80a88783a7c6ed77ae023a104d","author":"Michael Sheets","date":"2006-10-14T08:05:25+00:00"},{"body":"git-svn-id: http://svn.textmate.org/trunk/Bundles/XML.tmbundle@5467 dfb7d73b-c2ec-0310-8fea-fb051d288c6d","summary":"Global change of keyword.operator.namespace-separator to punctuation.separator.namespace","commit":"1d801bdcbd32844eb08e5682c5a81461a7704838","author":"Michael Sheets","date":"2006-10-14T08:02:57+00:00"},{"body":"git-svn-id: http://svn.textmate.org/trunk/Bundles/XML.tmbundle@5465 dfb7d73b-c2ec-0310-8fea-fb051d288c6d","summary":"• Adding new punctuation scopes to various rules. • Remove firstLineMatch_disabled since it can't really ever be used.","commit":"077ec7b81ce40c05893cb7de0990087dc85e2173","author":"Michael Sheets","date":"2006-10-14T07:50:42+00:00"},{"body":"git-svn-id: http://svn.textmate.org/trunk/Bundles/XML.tmbundle@5143 dfb7d73b-c2ec-0310-8fea-fb051d288c6d","summary":"Fix scoping of tag entities to match XML.","commit":"4244d39746d1b872324c473fb82b5ef251a90662","author":"Michael Sheets","date":"2006-09-10T03:01:01+00:00"},{"body":"git-svn-id: http://svn.textmate.org/trunk/Bundles/XML.tmbundle@4968 dfb7d73b-c2ec-0310-8fea-fb051d288c6d","summary":"• make the HTML tag preferences apply to all tags (meta.tag) • remove the preference to disable spell checking for DocType tags (as this is now handled by the general tag preferences)","commit":"ee054f5f4b97332e229067af48f96cfb01c8dd0a","author":"Allan Odgaard","date":"2006-08-27T12:12:53+00:00"},{"body":"XSL: Change attribute matching to mirror that of XML.\n• Rework tag match to scope the namespace separator.\n• Change entity.other.namespace.xml to entity.other.attribute-name.namespace.xml\n• Change entity.other.attribute-name.xml to entity.other.attribute-name.localname.xml\n\n\ngit-svn-id: http://svn.textmate.org/trunk/Bundles/XML.tmbundle@4416 dfb7d73b-c2ec-0310-8fea-fb051d288c6d","summary":"XML: Change keyword.page-props.xml to keyword.other.page-props.xml","commit":"e61c4d4a6f9de37ad5d14bace1946f117f176c42","author":"Michael Sheets","date":"2006-07-19T04:14:55+00:00"},{"body":"git-svn-id: http://svn.textmate.org/trunk/Bundles/XML.tmbundle@4413 dfb7d73b-c2ec-0310-8fea-fb051d288c6d","summary":"• Rework tag match to scope the namespace separator. • Change entity.other.namespace.xml to entity.name.tag.namespace.xml • Change entity.name.tag.xml to entity.name.tag.localname.xml • Edit end tag of no-content tag to match. • Correctly match the closing > in no-content tags. • Change entity.other.namespace.xml to entity.other.attribute-name.namespace.xml • Change entity.other.attribute-name.xml to entity.other.attribute-name.localname.xml","commit":"1251d0fd3506095124bd44544040613c22bf90ee","author":"Michael Sheets","date":"2006-07-19T02:29:28+00:00"},{"body":"git-svn-id: http://svn.textmate.org/trunk/Bundles/XML.tmbundle@4111 dfb7d73b-c2ec-0310-8fea-fb051d288c6d","summary":"Change declaration.sgml.doctype to meta.tag.sgml.doctype; hasn't been active for a while now. ;)","commit":"c064bc16caa160d4a8fd7f52edec48c2fa0e2999","author":"Michael Sheets","date":"2006-07-11T08:31:04+00:00"},{"body":"git-svn-id: http://svn.textmate.org/trunk/Bundles/XML.tmbundle@4110 dfb7d73b-c2ec-0310-8fea-fb051d288c6d","summary":"Change invalid.bad-ampersand.xml to invalid.illegal.bad-ampersand.xml","commit":"f5591e73b8d0ee132514ea6115d161898d6a6915","author":"Michael Sheets","date":"2006-07-11T08:22:47+00:00"},{"body":"git-svn-id: http://svn.textmate.org/trunk/Bundles/XML.tmbundle@3648 dfb7d73b-c2ec-0310-8fea-fb051d288c6d","summary":"• remove mention of tab trigger from the name","commit":"c24a2ca41973d4672ea6651172523615cc0b1f21","author":"Allan Odgaard","date":"2006-06-14T02:52:10+00:00"},{"body":"git-svn-id: http://svn.textmate.org/trunk/Bundles/XML.tmbundle@3644 dfb7d73b-c2ec-0310-8fea-fb051d288c6d","summary":"• add --valid argument to also check the DTD (ticket 1712684E)","commit":"defae5a6a555a3808ef0bd74d0e6d69862795a43","author":"Allan Odgaard","date":"2006-06-14T01:06:22+00:00"},{"body":"git-svn-id: http://svn.textmate.org/trunk/Bundles/XML.tmbundle@3576 dfb7d73b-c2ec-0310-8fea-fb051d288c6d","summary":"Add a bunch of snippets to help with editing XML Property lists. Add an XML Processing Instruction snippet","commit":"a7220ffefcfb1f684e5db3efc25ec30f2ff19b0d","author":"Kevin Ballard","date":"2006-06-07T20:29:59+00:00"},{"body":"git-svn-id: http://svn.textmate.org/trunk/Bundles/XML.tmbundle@3504 dfb7d73b-c2ec-0310-8fea-fb051d288c6d","summary":"• menu structure","commit":"3cef3a34cd4918341c4d90e42e69d94d1d92e669","author":"Allan Odgaard","date":"2006-06-02T14:58:27+00:00"},{"body":"git-svn-id: http://svn.textmate.org/trunk/Bundles/XML.tmbundle@3058 dfb7d73b-c2ec-0310-8fea-fb051d288c6d","summary":"• allow _ in tag attributes (after namespace) • improve the special rule which matches tags with no content (now marks up the namespace, attributes, and works with new (r961) scoping rules)","commit":"ac337c2d3b226d7a3d782a01e92a32bcf9461061","author":"Allan Odgaard","date":"2006-04-19T01:13:37+00:00"},{"body":"git-svn-id: http://svn.textmate.org/trunk/Bundles/XML.tmbundle@3035 dfb7d73b-c2ec-0310-8fea-fb051d288c6d","summary":"• remove xsl and xslt file type extensions (as these have their own syntax) • add rss extension (so RSS feeds open as XML by default)","commit":"53ffd44ba1fb5299d5aa5aeb9ed199c329043322","author":"Allan Odgaard","date":"2006-04-14T23:30:31+00:00"},{"body":"git-svn-id: http://svn.textmate.org/trunk/Bundles/XML.tmbundle@2997 dfb7d73b-c2ec-0310-8fea-fb051d288c6d","summary":"Like the doctype the xml preprocessor line varied, standardizes on one scope for all syntaxes. Also includes fixes for various themes for the change, and the fix for Twilight for both changes.","commit":"ab63a8ae8c822d2895f8799dd97b7a24f326edc6","author":"Michael Sheets","date":"2006-04-11T04:25:36+00:00"},{"body":"git-svn-id: http://svn.textmate.org/trunk/Bundles/XML.tmbundle@2989 dfb7d73b-c2ec-0310-8fea-fb051d288c6d","summary":"Standardize *ml doctype scopes to meta.tag.sgml.doctype.*","commit":"ce218d8db24f8ee7bb50e01721b06dec63cf0bce","author":"Michael Sheets","date":"2006-04-10T07:03:20+00:00"},{"body":"git-svn-id: http://svn.textmate.org/trunk/Bundles/XML.tmbundle@2988 dfb7d73b-c2ec-0310-8fea-fb051d288c6d","summary":"Correct the scope of the content of a &lt;key> tag.","commit":"50782530d9dbfa9b5ba991c5b5daad63b5e30f15","author":"Michael Sheets","date":"2006-04-10T06:01:15+00:00"},{"body":"git-svn-id: http://svn.textmate.org/trunk/Bundles/XML.tmbundle@2973 dfb7d73b-c2ec-0310-8fea-fb051d288c6d","summary":"• made comments its own entry (instead of part of the miscellaneous) • added additional comment variants for the languages which have them (that I am aware of, and have the bundle enabled)","commit":"8346a826570f537e149fe6e86285f1ca47f73bc7","author":"Allan Odgaard","date":"2006-04-09T03:04:28+00:00"},{"body":"git-svn-id: http://svn.textmate.org/trunk/Bundles/XML.tmbundle@2873 dfb7d73b-c2ec-0310-8fea-fb051d288c6d","summary":"Adding XSL syntax with basic support for templates as symbols and generating XSL to generate selected XML.","commit":"f1df8028a28628bf70e3d243ed6ffe0f5cc89c7a","author":"Brian Donovan","date":"2006-03-20T22:29:24+00:00"},{"body":"git-svn-id: http://svn.textmate.org/trunk/Bundles/XML.tmbundle@2247 dfb7d73b-c2ec-0310-8fea-fb051d288c6d","summary":"• rename to just Validate Syntax &amp; Tidy (no XML suffix)","commit":"5264bf8a2085f94ae1391d2c0a7baa49aa187322","author":"Allan Odgaard","date":"2005-11-23T23:07:22+00:00"},{"body":"git-svn-id: http://svn.textmate.org/trunk/Bundles/XML.tmbundle@2245 dfb7d73b-c2ec-0310-8fea-fb051d288c6d","summary":"• give Tidy the “standard” key equivalent (ctrl-shift H) • make Tidy (result) use tabs, when soft tabs are not used • rename items","commit":"11471aa45b8ea465bc556df7224bf46ad1974852","author":"Allan Odgaard","date":"2005-11-23T22:58:44+00:00"},{"body":"git-svn-id: http://svn.textmate.org/trunk/Bundles/XML.tmbundle@2045 dfb7d73b-c2ec-0310-8fea-fb051d288c6d","summary":"• made the increase/decrease patterns target basically all open tags • added folding (in HTML) for the body tag and multiline &lt;!-- comments --> comments","commit":"6350d7f5a443b6dc45b1bb1ae843098f72e0b1f7","author":"Allan Odgaard","date":"2005-10-30T07:27:25+00:00"},{"body":"git-svn-id: http://svn.textmate.org/trunk/Bundles/XML.tmbundle@1933 dfb7d73b-c2ec-0310-8fea-fb051d288c6d","summary":"• add the smart indent to XML as well (also changed declaration to meta in language grammar)","commit":"069323e3ccecaac9582d067399bd2a1481a440b5","author":"Allan Odgaard","date":"2005-10-13T01:02:50+00:00"},{"body":"git-svn-id: http://svn.textmate.org/trunk/Bundles/XML.tmbundle@1658 dfb7d73b-c2ec-0310-8fea-fb051d288c6d","summary":"• added end-tag regexp subst. to remove attribute part","commit":"7727423b12238ae64515f8bede8b3aef2836a5a7","author":"Allan Odgaard","date":"2005-09-01T16:24:04+00:00"},{"body":"git-svn-id: http://svn.textmate.org/trunk/Bundles/XML.tmbundle@1637 dfb7d73b-c2ec-0310-8fea-fb051d288c6d","summary":"• Added template for XSL-T • Updated syntax to use commonly-defined string definitions","commit":"804c5508a6ca47e3c10c7af815a412cdc41f2872","author":"Brian Lalor","date":"2005-08-31T20:10:32+00:00"},{"body":"TODO:\nThe current syntax still allows for tags of the form:\n\t&lt;tag \"value\" attribute=/>\nI can't think of a simple way to solve this for both double and single quoted strings.\n\ngit-svn-id: http://svn.textmate.org/trunk/Bundles/XML.tmbundle@1506 dfb7d73b-c2ec-0310-8fea-fb051d288c6d","summary":"- New preference to disable spell checking inside DOCTYPE declarations - Changed tag matching: \t- Begin/end tag matching is now separate (no attributes for end tags!) \t- A tag name of the form \"ns:name\" is completely scoped as \"entity.name.tag.xml\", the namespace part is scoped as \"entity.other.namespace.xml\" and the last is \"entity.other.tag.localname.xml\" \t- Similar change for attributes","commit":"788a61783b6bc9681965756bf0edf43f69dfb4c8","author":"Jeroen van der Ham","date":"2005-08-11T13:02:05+00:00"},{"body":"git-svn-id: http://svn.textmate.org/trunk/Bundles/XML.tmbundle@1472 dfb7d73b-c2ec-0310-8fea-fb051d288c6d","summary":"Added scope for CDATA.","commit":"b258a7a436aa9d95b0ed613114aa0c2ffe3a7055","author":"Brian Lalor","date":"2005-08-08T13:31:48+00:00"},{"body":"git-svn-id: http://svn.textmate.org/trunk/Bundles/XML.tmbundle@1429 dfb7d73b-c2ec-0310-8fea-fb051d288c6d","summary":"• Some updates by Soryu -- namespaces are now entity.other.namespace -- attributes are entity.other.attribute-name (the latter one has been “official” for some time)","commit":"045b27f9126f61b378d1fa79093c6d37f583fa68","author":"Allan Odgaard","date":"2005-08-04T13:23:09+00:00"},{"body":"git-svn-id: http://svn.textmate.org/trunk/Bundles/XML.tmbundle@1356 dfb7d73b-c2ec-0310-8fea-fb051d288c6d","summary":"• these should be the last preferences from the theme editor (so prepare for it to be killed! :) )","commit":"04307e5e27af0f77b1c8e1285c5af4befb1b1ca5","author":"Allan Odgaard","date":"2005-07-22T01:58:10+00:00"},{"body":"git-svn-id: http://svn.textmate.org/trunk/Bundles/XML.tmbundle@1272 dfb7d73b-c2ec-0310-8fea-fb051d288c6d","summary":"Added a simple command to tidy xml files using xmllint (you have to install it yourself and put it in your path) With a bit of squirming it now also uses the tab size as set in TextMate (thanks Allan!)","commit":"782213464cbadc71baff037949626f92b9ee1bc4","author":"Jeroen van der Ham","date":"2005-06-30T13:58:26+00:00"},{"body":"git-svn-id: http://svn.textmate.org/trunk/Bundles/XML.tmbundle@1215 dfb7d73b-c2ec-0310-8fea-fb051d288c6d","summary":"• temporarily disabled the first line match (to many files have the XML marker, for which another language would be preferred)","commit":"ee84804a85f8e3701ba260b3866b3a817f97e696","author":"Allan Odgaard","date":"2005-06-21T22:56:09+00:00"},{"body":"git-svn-id: http://svn.textmate.org/trunk/Bundles/XML.tmbundle@1209 dfb7d73b-c2ec-0310-8fea-fb051d288c6d","summary":"• last two languages with updated names (to be continued…)","commit":"dbdb3a2301a0ad3cf953939727998551dcdcf354","author":"Allan Odgaard","date":"2005-06-21T22:23:47+00:00"},{"body":"git-svn-id: http://svn.textmate.org/trunk/Bundles/XML.tmbundle@1207 dfb7d73b-c2ec-0310-8fea-fb051d288c6d","summary":"- Changed Python Syntax to allow for multiline function and class definitions - Added XML snippet for long tags with attributes (&lt;a)","commit":"62dc8cb8cca0047aba0a76c1c912f6a3047272ce","author":"Jeroen van der Ham","date":"2005-06-20T10:40:14+00:00"},{"body":"git-svn-id: http://svn.textmate.org/trunk/Bundles/XML.tmbundle@1190 dfb7d73b-c2ec-0310-8fea-fb051d288c6d","summary":"- Small bugfix to the long attribute tag snippet - Moved the other snippets to their new names (which they already had within TM)","commit":"804c4b0216ab10df6f0744b73a28d6ee55f4aa7e","author":"Jeroen van der Ham","date":"2005-06-14T14:24:13+00:00"},{"body":"git-svn-id: http://svn.textmate.org/trunk/Bundles/XML.tmbundle@1105 dfb7d73b-c2ec-0310-8fea-fb051d288c6d","summary":"• errors are now clickable.","commit":"ef41e7d83d62d10fe4fadc31db1c1e808e140f39","author":"Allan Odgaard","date":"2005-05-29T02:16:47+00:00"},{"body":"git-svn-id: http://svn.textmate.org/trunk/Bundles/XML.tmbundle@958 dfb7d73b-c2ec-0310-8fea-fb051d288c6d","summary":"C and C++ now has ctrl-shift-option-C as key equivalent. Obj-C and Obj-C++ has ctrl-shift-option-O. XML has ctrl-shift-option-X.","commit":"9571620664055abdeac9c5cd0570a123747d8c7a","author":"Allan Odgaard","date":"2005-05-18T18:52:57+00:00"},{"body":"There is a valid reason to have the long tag have $0 in between the tags: if you don't, it is not possible to use tabs or other snippets inside it, which you typically want to do.\n\nBesides fixing that, I also added default values and another long tag snippet with attributes (tab-trigger \"&lt;a\")\n\n\n\ngit-svn-id: http://svn.textmate.org/trunk/Bundles/XML.tmbundle@851 dfb7d73b-c2ec-0310-8fea-fb051d288c6d","summary":"My previous commit was not exactly right: $0 is added implicitly at the end of every snippet, unless it is defined inside the snippet.","commit":"8389bdc8b94fdd424eed4844151ed0ac6c8d3872","author":"Jeroen van der Ham","date":"2005-05-04T23:53:28+00:00"},{"body":"- Added $0 after the XML tag snippets.\n\nCan snippet editors please do this for *every* snippet they define, unless they have a very good reason not to? It sucks to be able to smart tab to different places of the snippet, but end up caught in the snippet and you have to arrow your way out of the snippet.\n\ngit-svn-id: http://svn.textmate.org/trunk/Bundles/XML.tmbundle@850 dfb7d73b-c2ec-0310-8fea-fb051d288c6d","summary":"- Updated Simple Theme to do a bit better highlighting of XML - Updated the Terminal script to some version that Allan suggested on IRC a couple of days ago","commit":"f184cf40f641672c2867a58f720f14741f1aa708","author":"Jeroen van der Ham","date":"2005-05-04T23:25:44+00:00"},{"body":"git-svn-id: http://svn.textmate.org/trunk/Bundles/XML.tmbundle@846 dfb7d73b-c2ec-0310-8fea-fb051d288c6d","summary":"Changed a last keyword.markup.* to entity.*","commit":"d6d0fc0dd9c2abf8b20affea17d52302958a941f","author":"Allan Odgaard","date":"2005-05-04T14:14:16+00:00"},{"body":"git-svn-id: http://svn.textmate.org/trunk/Bundles/XML.tmbundle@835 dfb7d73b-c2ec-0310-8fea-fb051d288c6d","summary":"Minor changes made to rule names.","commit":"f727740c58f4d48bf60ac80269e5dcec0ecb5e19","author":"Allan Odgaard","date":"2005-05-04T01:18:00+00:00"},{"body":"git-svn-id: http://svn.textmate.org/trunk/Bundles/XML.tmbundle@808 dfb7d73b-c2ec-0310-8fea-fb051d288c6d","summary":"A lot of renaming, re-ordering, inserting “whatever” as placeholder text etc.","commit":"e0104f91efb95795a445278b9b26b47bd67b865e","author":"Allan Odgaard","date":"2005-04-29T08:20:06+00:00"},{"body":"git-svn-id: http://svn.textmate.org/trunk/Bundles/XML.tmbundle@747 dfb7d73b-c2ec-0310-8fea-fb051d288c6d","summary":"Added scope to these two commands.","commit":"c110f65f8512d8d861ac97a3b8e0737a468079ff","author":"Allan Odgaard","date":"2005-04-26T12:03:12+00:00"},{"body":"git-svn-id: http://svn.textmate.org/trunk/Bundles/XML.tmbundle@728 dfb7d73b-c2ec-0310-8fea-fb051d288c6d","summary":"• update Java and XML bundles to take advantage of new syntax/scope system • added theme settings for same","commit":"92e3f043652f750264a3f726f06a7aaa881f2d07","author":"Brian Lalor","date":"2005-04-25T21:26:17+00:00"},{"body":"git-svn-id: http://svn.textmate.org/trunk/Bundles/XML.tmbundle@717 dfb7d73b-c2ec-0310-8fea-fb051d288c6d","summary":"• changed include to use “source.java” instead of “Java Source”. • changed name of include rule to “source.java.embedded”. • added Zope development extensions to file types.","commit":"788bf55d24d8f1743b3ba17be407c8b320aeecfd","author":"Allan Odgaard","date":"2005-04-25T15:55:56+00:00"},{"body":"git-svn-id: http://svn.textmate.org/trunk/Bundles/XML.tmbundle@649 dfb7d73b-c2ec-0310-8fea-fb051d288c6d","summary":"Changed all names to singular form.","commit":"3350c17bba293f550ee11b9f8bd54b7809c4f5e9","author":"Allan Odgaard","date":"2005-04-22T08:47:20+00:00"},{"body":"(thanks Allan for this great feature! :) )\n\ngit-svn-id: http://svn.textmate.org/trunk/Bundles/XML.tmbundle@632 dfb7d73b-c2ec-0310-8fea-fb051d288c6d","summary":"• just added a firstLineMatch to the XML Syntax so if you open a XML plist it gets highlighted as XML and not old-style plist.","commit":"d0e9c065e705c61db6cb620f0d4a53ddc37a467e","author":"Torsten Becker","date":"2005-04-21T18:37:34+00:00"},{"body":"git-svn-id: http://svn.textmate.org/trunk/Bundles/XML.tmbundle@622 dfb7d73b-c2ec-0310-8fea-fb051d288c6d","summary":"Moved all bundles. I'm not sure what happens if you do “svn up” and you have modified stuff inside one of the bundles.","commit":"85af747f12e65e1bd61535247fe2d528ad59d89d","author":"Allan Odgaard","date":"2005-04-21T07:41:17+00:00"},{"body":"git-svn-id: http://svn.textmate.org/trunk/XML.tmbundle@612 dfb7d73b-c2ec-0310-8fea-fb051d288c6d","summary":"• Added scopeName key to all languages. Most of them as source.&lt;filename>. • Added a language for plain text files, currently just markups bullet points (so I can continue these on 'enter' using a scoped snippet). • Added a new “firstLineMatch” key to Perl, Ruby, and Shell languages. • The C/Objective-C languages use the scopeName in their include directives, this doesn't work for beta 5. • Ruby now includes “source.ruby” when using #{ ... } in strings. • Added capture names to a few languages (objective-c methods, though it's not very consistant, we'll need to discuss how to split up functions and name the various parts). • Removed plist filetype from XML, assuming that people loading a plist into a text editor would generally use the old-style format.","commit":"2e685dce69e016e0787dd070854e7ca15b1efbfb","author":"Allan Odgaard","date":"2005-04-21T07:08:56+00:00"},{"body":"It currently doesn't make the reported errors into clickable links.\n\ngit-svn-id: http://svn.textmate.org/trunk/XML.tmbundle@496 dfb7d73b-c2ec-0310-8fea-fb051d288c6d","summary":"Very basic XML validation using xmllint (from libxml2) -- it saves current buffer to temporary file since xmllint wants a filename (and doesn't work with &lt;(cat)).","commit":"07a3add2ad8bee6358fa57f106367a03f300beec","author":"Allan Odgaard","date":"2005-03-16T21:35:54+00:00"},{"body":"git-svn-id: http://svn.textmate.org/trunk/XML.tmbundle@105 dfb7d73b-c2ec-0310-8fea-fb051d288c6d","summary":"Added UUID to all syntaxes.","commit":"1547c706282d6c9ccdb1318bc478172abd61c6e3","author":"Allan Odgaard","date":"2005-01-20T20:01:52+00:00"},{"body":"git-svn-id: http://svn.textmate.org/trunk/XML.tmbundle@98 dfb7d73b-c2ec-0310-8fea-fb051d288c6d","summary":"Update everything else (except, I think the Invisibles bundle) to the new naming scheme. This completes your journey through the haunted mansion; flash photography is now permitted. The classifications probably need some additional refinement, but it should now be possible to automate most color and style changes.","commit":"2653077a9888456092420e83e86f9e2e60c20cfe","author":"Chris Thomas","date":"2005-01-20T05:56:45+00:00"},{"body":"git-svn-id: http://svn.textmate.org/trunk/XML.tmbundle@70 dfb7d73b-c2ec-0310-8fea-fb051d288c6d","summary":"Added UUID to each bundle.","commit":"5619989d82ea1868ef8a872af2c79837cc29a06c","author":"Allan Odgaard","date":"2005-01-09T10:36:22+00:00"},{"body":"git-svn-id: http://svn.textmate.org/trunk/XML.tmbundle@61 dfb7d73b-c2ec-0310-8fea-fb051d288c6d","summary":"Each macro, snippet, and command now has a UUID. Also removed the bundlePath property in those items which had one.","commit":"a3ad2496805309751185f55f23ec95507f392727","author":"Allan Odgaard","date":"2005-01-05T12:44:27+00:00"},{"body":"git-svn-id: http://svn.textmate.org/trunk/XML.tmbundle@59 dfb7d73b-c2ec-0310-8fea-fb051d288c6d","summary":"Added xslt as XML file type","commit":"bf4b9fd4fc55ba03b60336224e382f25ae4d798e","author":"Allan Odgaard","date":"2005-01-05T07:42:26+00:00"},{"body":"git-svn-id: http://svn.textmate.org/trunk/XML.tmbundle@50 dfb7d73b-c2ec-0310-8fea-fb051d288c6d","summary":"made snippets mode-restricted","commit":"f01f6ffe6a3f8c006394caccc6f63deb8a0d8a09","author":"Brian Lalor","date":"2005-01-02T13:32:20+00:00"},{"body":"git-svn-id: http://svn.textmate.org/trunk/XML.tmbundle@49 dfb7d73b-c2ec-0310-8fea-fb051d288c6d","summary":"misc. updates to Java and XML bundles.","commit":"2298f2f9b5db03c6f9f380c4ec594d04e193661e","author":"Brian Lalor","date":"2005-01-02T02:43:42+00:00"},{"body":"git-svn-id: http://svn.textmate.org/trunk/XML.tmbundle@48 dfb7d73b-c2ec-0310-8fea-fb051d288c6d","summary":"added keywords to identify files","commit":"cd4c4a1c81623e23de359ed0f4beff16613c3d8a","author":"Brian Lalor","date":"2004-12-09T14:57:38+00:00"},{"body":"git-svn-id: http://svn.textmate.org/trunk/XML.tmbundle@47 dfb7d73b-c2ec-0310-8fea-fb051d288c6d","summary":"updated XML bundle for proper folding and indenting, and tweaked colors slightly","commit":"b9bd0a51d2395a31b2c2928d1f06870f79d4ebaf","author":"Brian Lalor","date":"2004-12-08T20:18:37+00:00"},{"body":"git-svn-id: http://svn.textmate.org/trunk/XML.tmbundle@46 dfb7d73b-c2ec-0310-8fea-fb051d288c6d","summary":"moved highlighting of whitespace into its own bundle","commit":"ddf2a26fd88364eca8bc8eaf26f7d3b5afe65392","author":"Brian Lalor","date":"2004-12-01T22:22:23+00:00"},{"body":"git-svn-id: http://svn.textmate.org/trunk/XML.tmbundle@45 dfb7d73b-c2ec-0310-8fea-fb051d288c6d","summary":"* added \"tabs -> 4 spaces\" command * added \"trim trailing ws\" command * updated XML syntax:   + cleaned up foldingStartMarker     Dunno how this puppy got so hosed without me noticing.  Should now     properly fold \"&lt;whatever\", \"&lt;!--\", \"&lt;%--\", \"&lt;%\", and \"&lt;%!\" blocks   + removed &lt;> from smart pairs; don't want that in Java code   + fixed embedded java definition to mark \"&lt;%\", \"&lt;%=\", and \"&lt;%!\"     blocks * updated Unix bundle from TM 1.0.2b8","commit":"8d6a76be425eca82383b43a50d511b1f02e7cffa","author":"Brian Lalor","date":"2004-12-01T17:38:43+00:00"},{"body":"git-svn-id: http://svn.textmate.org/trunk/XML.tmbundle@44 dfb7d73b-c2ec-0310-8fea-fb051d288c6d","summary":"* cleaned up the XML syntax file, providing support for JSP syntax (by   embedding the Java Source syntax), fixing the increaseIndentPattern,   adding &lt;> as highlight pairs, and highlighting trailing spaces and   evil tabs. * added test files for xml and properties syntaxes * added highlighting for trailing spaces and evil tabs to java source   syntax * removed support for JSP from HTML bundle","commit":"eb5ca03d929b0da45315c6a554273c3059fd3e50","author":"Brian Lalor","date":"2004-12-01T14:20:22+00:00"},{"body":"git-svn-id: http://svn.textmate.org/trunk/XML.tmbundle@43 dfb7d73b-c2ec-0310-8fea-fb051d288c6d","summary":"added README files for the various bundles","commit":"72d3ec2f063012d2216a380bb556c62ae5c611d1","author":"Brian Lalor","date":"2004-12-01T00:47:55+00:00"},{"body":"git-svn-id: http://svn.textmate.org/trunk/XML.tmbundle@42 dfb7d73b-c2ec-0310-8fea-fb051d288c6d","summary":"re-importing from bunsen","commit":"1c1727eae4c5fdc5d55d585bed28eba851bc6d56","author":"Brian Lalor","date":"2004-11-30T23:48:52+00:00"}],"name":"XML"}