{"name":"Textile","web":"https://github.com/textmate/textile.tmbundle/commit/","commits":[{"body":"","commit":"15c7da689652969cecf1834c2333994d32cf7ceb","summary":"Add initial semantic classes.","author":"Michael Sheets","date":"2012-09-10T03:28:05-05:00"},{"body":"","commit":"37f0c2a1b58b14894f9858265137481647d31d6c","summary":"Add readme.","author":"Michael Sheets","date":"2011-11-17T03:09:38-06:00"},{"body":"","commit":"8bd48cc74805b3c9a271e3ec62ed3124e3ef1ee7","summary":"use new URL for documentation/quick overview (thanks for all the fish, _why)","author":"Ryan Wilcox","date":"2009-11-13T09:13:07+08:00"},{"body":"git-svn-id: http://svn.textmate.org/trunk/Bundles/Textile.tmbundle@11768 dfb7d73b-c2ec-0310-8fea-fb051d288c6d","commit":"0958232e97579609e179ac6ee8d7b82144285b82","summary":"Make redcloth library local to the bundle.","author":"Michael Sheets","date":"2009-10-01T06:27:28+00:00"},{"body":"git-svn-id: http://svn.textmate.org/trunk/Bundles/Textile.tmbundle@11766 dfb7d73b-c2ec-0310-8fea-fb051d288c6d","commit":"1650ccbb8f9a17edc284c337c9e856ad664c8b77","summary":"Fixed missing bracket.","author":"Antonio Cangiano","date":"2009-09-29T20:37:29+00:00"},{"body":"git-svn-id: http://svn.textmate.org/trunk/Bundles/Textile.tmbundle@11765 dfb7d73b-c2ec-0310-8fea-fb051d288c6d","commit":"7d8b6e631bbfa5511a0308fb5436ca199481a7d6","summary":"Updated to use the latest RedCloth gem when available.","author":"Antonio Cangiano","date":"2009-09-29T19:16:49+00:00"},{"body":"git-svn-id: http://svn.textmate.org/trunk/Bundles/Textile.tmbundle@9808 dfb7d73b-c2ec-0310-8fea-fb051d288c6d","commit":"ada6a4d08f834fb71e037b8e0cf5d2db8d82ef71","summary":"Move redcloth library into the bundle.","author":"Michael Sheets","date":"2008-05-30T20:33:32+00:00"},{"body":"git-svn-id: http://svn.textmate.org/trunk/Bundles/Textile.tmbundle@9046 dfb7d73b-c2ec-0310-8fea-fb051d288c6d","commit":"b2b6d7927f0db5fe23f52f2f788a25922955b8f6","summary":"• move Textile.rb wrapper to Textile bundle and update the commands which use it — I don’t see the need to have this command available to all bundles (given that in the now more than two years it has been available, only one bundle command actually used it outside the Textile bundle).","author":"Allan Odgaard","date":"2008-03-04T13:18:15+00:00"},{"body":"The Textile command has been simplified. It read a tag from stdin and inserted that as part of the result, but it also read the default color from stdin, which could never have worked, since stdin was already consumed. So now it reads nothing from stdin and just inserts the color (no tags potentially read from stdin).\n\n\ngit-svn-id: http://svn.textmate.org/trunk/Bundles/Textile.tmbundle@8660 dfb7d73b-c2ec-0310-8fea-fb051d288c6d","commit":"aad2fd7ef4ee1797f337aefafb556321bcb85b5b","summary":"• allow request_color to be called with no arguments (or nil) • let request_color return nil when user cancels the color picker • handle user cancel in Insert Color… and replace_colors.rb","author":"Allan Odgaard","date":"2007-12-13T09:57:06+00:00"},{"body":"git-svn-id: http://svn.textmate.org/trunk/Bundles/Textile.tmbundle@8179 dfb7d73b-c2ec-0310-8fea-fb051d288c6d","commit":"5aac252b36a1a06cb8cbb9cd3d1e64d62cb30a14","summary":"Switch to /lib/ui.rb from /lib/dialog.rb","author":"Michael Sheets","date":"2007-09-20T03:47:42+00:00"},{"body":"git-svn-id: http://svn.textmate.org/trunk/Bundles/Textile.tmbundle@7664 dfb7d73b-c2ec-0310-8fea-fb051d288c6d","commit":"be13c9c5ea0364e561af75665e525c02618ea5d4","summary":"Removed the following snippets from the repository: Span, Code, Right Aligned Image and Left Aligned Image.","author":"Antonio Cangiano","date":"2007-07-03T11:29:07+00:00"},{"body":"git-svn-id: http://svn.textmate.org/trunk/Bundles/Textile.tmbundle@7662 dfb7d73b-c2ec-0310-8fea-fb051d288c6d","commit":"73754b8f700996067c0b065328599eb971b2ec55","summary":"- Reorganized menu and removed unnecessary entries. - Expanded further pair typing in order to support span, superscript and subscript. - Simplified key bindings.","author":"Antonio Cangiano","date":"2007-07-03T10:46:03+00:00"},{"body":"git-svn-id: http://svn.textmate.org/trunk/Bundles/Textile.tmbundle@7661 dfb7d73b-c2ec-0310-8fea-fb051d288c6d","commit":"4473a8b48bd8d52929a81a8d80e380d4a0d83905","summary":"• a bunch of new snippets (and a command) from Antonio Cangiano who is now the new maintainer • removed key equivalent from Convert Tabs to Table — basically everything with T is taken ;) and assuming this is not a frequent action, and the name is long, I think using <kbd class='keyEquivalent'>⌃⌘T</kbd> is a good enough solution","author":"Allan Odgaard","date":"2007-07-03T07:41:48+00:00"},{"body":"git-svn-id: http://svn.textmate.org/trunk/Bundles/Textile.tmbundle@6810 dfb7d73b-c2ec-0310-8fea-fb051d288c6d","commit":"d53f1205b18ab4b46e7aee1bf508354e4d4f0a6c","summary":"• the new HyperLink Helper bundle has made these commands obsolete","author":"Allan Odgaard","date":"2007-03-15T22:12:52+00:00"},{"body":"contactName:\n   The full name of the contact for this bundle.\ncontactEmailRot13:\n   A ROT13 encoded email address for the bundle contact (we obfuscate it to avoid spammers from picking up the files, seeing how bundles will often be available via anonymous svn over http).\ndescription:\n   A short description for this bundle. Do link to more info about the language (or whatever) the bundle is about. I decided on using HTML for this (but leave out the initial paragraph tag) since it seemed like overkill to run a single line of text through Markdown.pl, just to convert [foo](link) into &lt;a href=\"link\">foo&lt;/a>\n\nMany of the current descriptions could use some improvements, I just wanted to get the ball rolling :)\n\n\ngit-svn-id: http://svn.textmate.org/trunk/Bundles/Textile.tmbundle@6718 dfb7d73b-c2ec-0310-8fea-fb051d288c6d","commit":"f9432ef7e5d3e0ff049c5a1d23542bd0244065ef","summary":"Add the following keys to the bundle’s info.plist:","author":"Allan Odgaard","date":"2007-03-04T20:11:31+00:00"},{"body":"Rename entity.name.class to entity.name.type\n\n\ngit-svn-id: http://svn.textmate.org/trunk/Bundles/Textile.tmbundle@4759 dfb7d73b-c2ec-0310-8fea-fb051d288c6d","commit":"e4e13647801e1a72ae9e46c6657f9912cc869605","summary":"(Part of the global rename of entity.name.class to entity.name.type)","author":"Michael Sheets","date":"2006-08-15T08:56:52+00:00"},{"body":"git-svn-id: http://svn.textmate.org/trunk/Bundles/Textile.tmbundle@4692 dfb7d73b-c2ec-0310-8fea-fb051d288c6d","commit":"2e65fc31c56a73455f8e3f758e5cc25835e9ba93","summary":"Add .textile to various scopes.","author":"Michael Sheets","date":"2006-08-12T09:55:04+00:00"},{"body":"The image and link attributes are currently matched but not scoped; wasn't sure what their scope should be so I left them as is.\n\n\ngit-svn-id: http://svn.textmate.org/trunk/Bundles/Textile.tmbundle@4571 dfb7d73b-c2ec-0310-8fea-fb051d288c6d","commit":"2df1173a251c0ea6d938cd200f3feaa4e5e8b7e5","summary":"Totally rewritten image/link rules, mirrors the actual Textile source code where possible. Also changed scopes to the new pseudo-conventions.","author":"Michael Sheets","date":"2006-08-06T07:41:23+00:00"},{"body":"git-svn-id: http://svn.textmate.org/trunk/Bundles/Textile.tmbundle@4527 dfb7d73b-c2ec-0310-8fea-fb051d288c6d","commit":"a5d8749817674eef3b438e2b36e3802b9f1ce6c6","summary":"• remove Preview in Browser — it’s already gone from Markdown, and it had a typo (making it not work) so I doubt anyone uses this.","author":"Allan Odgaard","date":"2006-07-31T12:44:42+00:00"},{"body":"git-svn-id: http://svn.textmate.org/trunk/Bundles/Textile.tmbundle@4142 dfb7d73b-c2ec-0310-8fea-fb051d288c6d","commit":"055d2aea0be3c6ee91e96b85e499306666da71a2","summary":"Change markup.paragraph to meta.paragraph to mirror Markdown and Twiki.","author":"Michael Sheets","date":"2006-07-12T04:57:38+00:00"},{"body":"git-svn-id: http://svn.textmate.org/trunk/Bundles/Textile.tmbundle@3537 dfb7d73b-c2ec-0310-8fea-fb051d288c6d","commit":"ae4cf7d07d8ce8750f26bd1133f3090e3384dcdf","summary":"• change Style submenu label to Format • other minor menu structure tweaks","author":"Allan Odgaard","date":"2006-06-05T08:43:10+00:00"},{"body":"git-svn-id: http://svn.textmate.org/trunk/Bundles/Textile.tmbundle@3387 dfb7d73b-c2ec-0310-8fea-fb051d288c6d","commit":"c694bbf709bf03bc290d17d9d4b1838da528106a","summary":"• add missing scope selector to bold &amp; italic snippets • change F3 help key to ^H • add menu structure to bundle","author":"Allan Odgaard","date":"2006-05-22T07:55:09+00:00"},{"body":"git-svn-id: http://svn.textmate.org/trunk/Bundles/Textile.tmbundle@3360 dfb7d73b-c2ec-0310-8fea-fb051d288c6d","commit":"050583db550dcd7218cea258ddb4e432b83808b3","summary":"• removed Textile-specific version as I consider this mostly a curiosity so let’s keep it at just one version, plus Textile users can just do <kbd class='keyEquivalent'>⌃H</kbd> before <kbd class='keyEquivalent'>⇧⌘D</kbd> to send as HTML • fixed command to work with unsaved documents, also adds a title last to the HTML based on the filename (if any) — this is a bit hackish, as it just appends &lt;title>…&lt;/title>, but Safari picks the first title in the document (so it won’t override a potential title set by the user)","author":"Allan Odgaard","date":"2006-05-19T15:27:06+00:00"},{"body":"git-svn-id: http://svn.textmate.org/trunk/Bundles/Textile.tmbundle@3352 dfb7d73b-c2ec-0310-8fea-fb051d288c6d","commit":"41036906dcdff5214a1083a4cba19aedaa3a8dce","summary":"Add Italic, Bold, Link Selection, and grammar fixes to Textile","author":"David Powers","date":"2006-05-16T17:14:47+00:00"},{"body":"git-svn-id: http://svn.textmate.org/trunk/Bundles/Textile.tmbundle@3140 dfb7d73b-c2ec-0310-8fea-fb051d288c6d","commit":"30b86aad10fc47cfa35c8451b3c6f2b7b2e348fa","summary":"• Capitalize HTML and With in Title","author":"Allan Odgaard","date":"2006-04-27T14:52:05+00:00"},{"body":"git-svn-id: http://svn.textmate.org/trunk/Bundles/Textile.tmbundle@3062 dfb7d73b-c2ec-0310-8fea-fb051d288c6d","commit":"15536b31abfeb85126d2158f8eb44e257001a5c2","summary":"Added \"Send as Html Email\" command. This is just a modified version of my previous \"send as html email\" comment with the \"preview in browser\" stuff used to get the original html instead of just blindly opening whatever your file it. Slapped on the textile scope are you're good to go.","author":"Thomas Aylott","date":"2006-04-20T16:42:43+00:00"},{"body":"git-svn-id: http://svn.textmate.org/trunk/Bundles/Textile.tmbundle@2513 dfb7d73b-c2ec-0310-8fea-fb051d288c6d","commit":"8a1b97447a6aca46cf7bd2ad98cd352cd4af5ecf","summary":"Add headings to symbol list in Textile","author":"David Powers","date":"2005-12-28T15:35:30+00:00"},{"body":"git-svn-id: http://svn.textmate.org/trunk/Bundles/Textile.tmbundle@2273 dfb7d73b-c2ec-0310-8fea-fb051d288c6d","commit":"5cf5a10368afb522749c3eb1788b3c10b1fe14d7","summary":"• make more commands use fallback for selection and the new menu title feature","author":"Allan Odgaard","date":"2005-11-24T06:34:20+00:00"},{"body":"git-svn-id: http://svn.textmate.org/trunk/Bundles/Textile.tmbundle@2266 dfb7d73b-c2ec-0310-8fea-fb051d288c6d","commit":"47bd171007305a6f014a4699aabd783c96378e22","summary":"• renames","author":"Allan Odgaard","date":"2005-11-24T04:10:26+00:00"},{"body":"git-svn-id: http://svn.textmate.org/trunk/Bundles/Textile.tmbundle@1918 dfb7d73b-c2ec-0310-8fea-fb051d288c6d","commit":"e27973e3b8b893c719e069af3009ebee5e29c93c","summary":"Add @ to the smart pair list for Textile","author":"David Powers","date":"2005-10-10T11:45:22+00:00"},{"body":"git-svn-id: http://svn.textmate.org/trunk/Bundles/Textile.tmbundle@1914 dfb7d73b-c2ec-0310-8fea-fb051d288c6d","commit":"5138b414194b9ad18e5128f94e606f71a9b34274","summary":"Update Textile support program to only apply pure textile markup","author":"David Powers","date":"2005-10-07T16:09:39+00:00"},{"body":"git-svn-id: http://svn.textmate.org/trunk/Bundles/Textile.tmbundle@1894 dfb7d73b-c2ec-0310-8fea-fb051d288c6d","commit":"ae16bf1828ae855efe4f8a1a42946f815e432df7","summary":"Syntext highlight fix for _word_ in Textile","author":"David Powers","date":"2005-10-06T17:54:15+00:00"},{"body":"git-svn-id: http://svn.textmate.org/trunk/Bundles/Textile.tmbundle@1892 dfb7d73b-c2ec-0310-8fea-fb051d288c6d","commit":"cc774bafbc56eeac9ce0a1c48e7d3d2cf7dd8468","summary":"Add simple snippet to convert tab-delimited text to tables in Textile","author":"David Powers","date":"2005-10-06T13:41:57+00:00"},{"body":"git-svn-id: http://svn.textmate.org/trunk/Bundles/Textile.tmbundle@1883 dfb7d73b-c2ec-0310-8fea-fb051d288c6d","commit":"56417ef66eb168f97101d9b1f361f5214ca7cacc","summary":"use shebang in Textile commands, for the speed you know","author":"David Powers","date":"2005-10-03T13:56:48+00:00"},{"body":"git-svn-id: http://svn.textmate.org/trunk/Bundles/Textile.tmbundle@1882 dfb7d73b-c2ec-0310-8fea-fb051d288c6d","commit":"fa06aa430a8b9e1fec86daae11b7b427362476d6","summary":"Add Bullet and Number List commands to Textile","author":"David Powers","date":"2005-10-03T13:22:58+00:00"},{"body":"git-svn-id: http://svn.textmate.org/trunk/Bundles/Textile.tmbundle@1881 dfb7d73b-c2ec-0310-8fea-fb051d288c6d","commit":"61bb812d283f11cc464a79f32805f557221800e3","summary":"Don't highlight &amp;'s in Textile as bad entity references","author":"David Powers","date":"2005-10-03T13:22:08+00:00"},{"body":"git-svn-id: http://svn.textmate.org/trunk/Bundles/Textile.tmbundle@1869 dfb7d73b-c2ec-0310-8fea-fb051d288c6d","commit":"8e33fde7d9dd425c7619f583dec6b37df3a039de","summary":"A yet more accurate Textile syntax - support for languages, more efficient regex, and lazy evaluation to avoid eating the entire document","author":"David Powers","date":"2005-09-30T13:31:50+00:00"},{"body":"git-svn-id: http://svn.textmate.org/trunk/Bundles/Textile.tmbundle@1861 dfb7d73b-c2ec-0310-8fea-fb051d288c6d","commit":"68035e95dbefaed0a8713917dda7d61ba96e591a","summary":"Improvement to Textile formatting for phrase modifiers","author":"David Powers","date":"2005-09-30T02:05:52+00:00"},{"body":"git-svn-id: http://svn.textmate.org/trunk/Bundles/Textile.tmbundle@1857 dfb7d73b-c2ec-0310-8fea-fb051d288c6d","commit":"798e065b26a68be1931fe51631a6fd693d1f84d4","summary":"Complete rewrite of Textile mode","author":"David Powers","date":"2005-09-29T17:28:18+00:00"},{"body":"git-svn-id: http://svn.textmate.org/trunk/Bundles/Textile.tmbundle@1856 dfb7d73b-c2ec-0310-8fea-fb051d288c6d","commit":"4fa0fc75cd69702d5430e3edb18c815e111d1bd1","summary":"• let's have the reference manual on F3","author":"Allan Odgaard","date":"2005-09-29T16:40:45+00:00"},{"body":"git-svn-id: http://svn.textmate.org/trunk/Bundles/Textile.tmbundle@1816 dfb7d73b-c2ec-0310-8fea-fb051d288c6d","commit":"9e8f1f3df98daa42566231a94faa4a562ddfebbc","summary":"Move Textile.rb support program back into shared support dir","author":"David Powers","date":"2005-09-21T18:42:08+00:00"},{"body":"git-svn-id: http://svn.textmate.org/trunk/Bundles/Textile.tmbundle@1814 dfb7d73b-c2ec-0310-8fea-fb051d288c6d","commit":"88d80a29fb3baa305e5d8228d5b01933e94b941d","summary":"• renamed Markdown commands to not contain the Markdown prefix • changed preview commands to strip file extension from title in HTML document • changed key equivalent for Textile preview to ctrl option cmd P","author":"Allan Odgaard","date":"2005-09-21T17:54:36+00:00"},{"body":"git-svn-id: http://svn.textmate.org/trunk/Bundles/Textile.tmbundle@1813 dfb7d73b-c2ec-0310-8fea-fb051d288c6d","commit":"1ce8a20057f28e33fc6f05e3e1f3038dfc48d518","summary":"Bring Textile bundle more in line with conventions set in Markdown and add Convert to HTML inplace","author":"David Powers","date":"2005-09-21T17:43:19+00:00"},{"body":"git-svn-id: http://svn.textmate.org/trunk/Bundles/Textile.tmbundle@1716 dfb7d73b-c2ec-0310-8fea-fb051d288c6d","commit":"d5ed37a39000c990a67bb03610714b047fc77684","summary":"Use the new TM_BUNDLE_SUPPORT variable for Textile bundle","author":"David Powers","date":"2005-09-08T13:58:18+00:00"},{"body":"git-svn-id: http://svn.textmate.org/trunk/Bundles/Textile.tmbundle@1699 dfb7d73b-c2ec-0310-8fea-fb051d288c6d","commit":"1aadbb8d10d4a27abb9f48022ef4710b60a7a6fb","summary":"• use non-greedy repetition for the italic rule","author":"Allan Odgaard","date":"2005-09-05T18:30:44+00:00"},{"body":"Now requires word boundaries around _italic_ and re-enabled allowing underscores inside italic (credits goes to Michael Sheets).\n\n\n\ngit-svn-id: http://svn.textmate.org/trunk/Bundles/Textile.tmbundle@1698 dfb7d73b-c2ec-0310-8fea-fb051d288c6d","commit":"40121cad27057cff5cbc15f579aff3e8491c6b70","summary":"My previous fix was to hasty (and not solving the actual problem).","author":"Allan Odgaard","date":"2005-09-05T18:29:16+00:00"},{"body":"git-svn-id: http://svn.textmate.org/trunk/Bundles/Textile.tmbundle@1697 dfb7d73b-c2ec-0310-8fea-fb051d288c6d","commit":"4cd50b6156a8cae1e74b3f6dc2e0f5a7541aeaef","summary":"• changed italic pattern to not allow _ in the (italic) text.","author":"Allan Odgaard","date":"2005-09-05T18:08:50+00:00"},{"body":"git-svn-id: http://svn.textmate.org/trunk/Bundles/Textile.tmbundle@1668 dfb7d73b-c2ec-0310-8fea-fb051d288c6d","commit":"48f8c1659559a3dfc77b26e0ef0b10329754057e","summary":"Update Textile header marking to go over multiple lines","author":"David Powers","date":"2005-09-02T11:49:28+00:00"},{"body":"git-svn-id: http://svn.textmate.org/trunk/Bundles/Textile.tmbundle@1666 dfb7d73b-c2ec-0310-8fea-fb051d288c6d","commit":"3137a28356ad1a3a280a1dd8d5fbbf0c8ce41167","summary":"• no longer saves current file (I generally dislike that, since I may write markup that's intended to be posted somewhere, and thus never hits the disk) • changed title of HTML output window from Markdown to Textile","author":"Allan Odgaard","date":"2005-09-02T04:55:17+00:00"},{"body":"git-svn-id: http://svn.textmate.org/trunk/Bundles/Textile.tmbundle@1620 dfb7d73b-c2ec-0310-8fea-fb051d288c6d","commit":"fe49e03cd7fc474839a23fe8dd7e52b1ac85c043","summary":"Add Textile Bundle","author":"David Powers","date":"2005-08-26T23:50:57+00:00"}]}