{"name":"Java","commits":[{"body":"Also do not allow variable name to be a carriage return, fixes #22.","date":"2013-09-29T19:16:37-05:00","commit":"412bf29be0c865d154f773b6e98d1646ce2e6244","author":"Michael Sheets","summary":"Ensure variable name is not a reserved word"},{"body":"Excludes @Annotation lines from indentNextLinePattern when they are on a line by themselves or are followed by `(`. Fixes #19.","date":"2013-09-29T17:49:13-05:00","commit":"62b012711783f39b4e34caf82d2cf7ec46f9fd7c","author":"Michael Sheets","summary":"Don't indent after annotations"},{"body":"This solves several issues with the previous grammar. Also change root scope to longer treat source.java as a parent grammar. Fixes #8 and #23.","date":"2013-09-29T16:07:58-05:00","commit":"8c5fddedea76bf9d424b5a18217465ccd82c1753","author":"Michael Sheets","summary":"Rewrite grammar to better match spec"},{"body":"Simple require a closing brace at the start of a line to decrease the indent level rather than checking the rest of the line. This improves behavior in if/else cases where braces, etc are placed after the closing brace. Fixes #24.","date":"2013-09-29T03:22:32-05:00","commit":"eba30722e2d5959ff77d460d3c7728af5d3c364d","author":"Michael Sheets","summary":"Simplify decreaseIndentPattern rule"},{"body":"","date":"2013-03-18T00:45:49-05:00","commit":"2fda1cbf0be33c4bfcb7c9759d6e8430e3b3155b","author":"Michael Sheets","summary":"Cleanup menu layout"},{"body":"","date":"2013-03-16T18:59:39-07:00","commit":"c4b3bc9eee205904c11c28d9e62aacc479bac456","author":"Brad Reynolds","summary":"Copy Fully Qualified Class Name: Add enum support"},{"body":"","date":"2013-03-16T09:00:19-07:00","commit":"18a4bcd99b65956c879b64ab274ec606a2da266e","author":"Brad Reynolds","summary":"Organize Imports: Remove duplicates from static/nonstatic imports"},{"body":"","date":"2013-03-16T08:58:45-07:00","commit":"426204f45967c94732f7be418f80c7a957fe2286","author":"Brad Reynolds","summary":"Organize Imports: Prevent error when importing java.util.*"},{"body":"","date":"2013-03-16T08:56:41-07:00","commit":"13dfe1344ca699ba2cca0baded8dae964d3866be","author":"Brad Reynolds","summary":"Organize Imports: Recognize Annotations as type definitions"},{"body":"","date":"2013-02-23T18:20:53-08:00","commit":"1c315ed46188e02d749939ec64160040d9c03f0b","author":"Brad Reynolds","summary":"Fixes to \"Create Package Declaration\". 1. Corrected escaping issue. 2. Fixed regex that determines the default directory to stop at (e.g. src, tst)."},{"body":"","date":"2013-02-20T04:52:21-06:00","commit":"ea9f0e45722775d34b4346f9bb75f1475d14c902","author":"Michael Sheets","summary":"Add scoping to allow special treatment of <kbd class='keyEquivalent'>↩</kbd> to between {}"},{"body":"","date":"2013-02-18T04:52:00-06:00","commit":"39c2280e49ac768b809841d3bee8de2929f34fae","author":"Michael Sheets","summary":"Do not let () in a comment trigger a method declaration"},{"body":"Match comments that happen between the declaration and the opening of the braces.","date":"2013-02-18T04:51:52-06:00","commit":"20ceff5be97e08c987fdb7541e7677322584480e","author":"Michael Sheets","summary":"Match comments in method definitions."},{"body":"The original shortcut `<kbd class='keyEquivalent'>⇧⌘O</kbd>` conflicts with the shortcut for the 'Open Favorites' dialog.","date":"2013-02-15T12:27:13-06:00","commit":"1f570d2d9f184a4592c44518ef2894d690b0ace1","author":"Curt Sellmer","summary":"Change shortcut for 'Organize Imports' to <kbd class='keyEquivalent'>⌃#</kbd>"},{"body":"This is required for TextMate’s auto-indent to behave correct, as when we press return after ‘if’ the indent is increased by one, i.e.:\n\n    if(condition)\n        ‸\n\nIf the user type a single ‘{’ with auto-pairing of braces we end up with:\n\n    if(condition)\n        {‸}\n\nHere we should match that construct as “increasing indent” so that it gets de-indented (cancels the indent from the ‘if’ above).\n\nFixes #16.","date":"2013-02-16T11:29:28+01:00","commit":"d41b2517ee37356089fe9c16cfe8cf5776a7fab7","author":"Allan Odgaard","summary":"Match empty braces as increasing indent"},{"body":"Remove intermediate shell script that checked if we had ‘java’ and ‘javac’. Dependencies on these are now declared in the bundle item’s property list.","date":"2013-02-14T21:33:17+01:00","commit":"2632b233bc93258d91e9aec049be94fdf7fdc7a9","author":"Allan Odgaard","summary":"Refactor runner code (<kbd class='keyEquivalent'>⌘R</kbd>)"},{"body":"This is unnecessary as TextMate.executor already does this, and as the custom code was using Ruby’s Pathname class, anything that was matched as a file, but didn’t exist on disk, would cause an error.","date":"2013-02-14T21:06:25+01:00","commit":"bf14d2e9d480e9d596fee594e7e2d1ec3dd067ed","author":"Allan Odgaard","summary":"Remove custom error formatting"},{"body":"","date":"2012-05-03T09:49:02-04:00","commit":"b6894ab2a66b3d781195a01b059e809fa7f06556","author":"Jacob Swartwood","summary":"Adding support for .jspf and .tag files as JSP language files."},{"body":"","date":"2012-09-08T01:52:30-05:00","commit":"09aea0e0347a5b6d873038f9ae3810e05afbebe2","author":"Michael Sheets","summary":"Add initial semantic classes."},{"body":"","date":"2012-08-15T23:55:55-05:00","commit":"8a338bfc8cf277d6d9d1217bfbae6d92c071bb4b","author":"Michael Sheets","summary":"Improve comment.line match."},{"body":"","date":"2011-11-23T03:25:44-06:00","commit":"d0b93824694d82399bfc8ea6a4ad843c28911823","author":"Michael Sheets","summary":"Revamp grammar."},{"body":"","date":"2011-11-22T02:44:46-06:00","commit":"98dd4ae5418908c591ebde88db6b5579cd421969","author":"Michael Sheets","summary":"Move folding settings."},{"body":"","date":"2011-11-22T02:43:40-06:00","commit":"a645180144352db23645086232a5874bfa34d3f6","author":"Michael Sheets","summary":"Add readme."},{"body":"","date":"2011-11-18T11:23:34+00:00","commit":"e8399071d06424264c3d316ecc9445e6090abec7","author":"Luke Daley","summary":"Improved package command"},{"body":"","date":"2011-11-18T11:22:23+00:00","commit":"d482d890a19dd5209d878dcb7233d8118a8a6c78","author":"Luke Daley","summary":"Improved import scoping"},{"body":"","date":"2012-02-12T01:18:24+01:00","commit":"6988d83610dc80df0390c96fa9dccbd0d13432e6","author":"Thomas Brus","summary":"Change directory to the package root folder before compiling"},{"body":"","date":"2012-01-30T13:09:22-06:00","commit":"67210027915f92eea2dba4e19c9b85f7fad1cf40","author":"JJ","summary":"Update Syntaxes/JavaProperties.plist"},{"body":"","date":"2012-02-03T23:25:16-08:00","commit":"0f4b960c96018e7d48a3912187d6196e8de09519","author":"Tyler Coville","summary":"Added syntax highlighting for annotations within method parameters."},{"body":"Support both `!` and `#` as comments for Java properties files.","date":"2011-10-28T17:37:12-07:00","commit":"54f3d21eb0f354557130099128304569a12dde71","author":"Matt Brictson","summary":"Correct <kbd class='keyEquivalent'>⌘/</kbd> behavior for Java props"},{"body":"","date":"2011-06-21T12:20:49+10:00","commit":"a61a1124e3c46348b313b9c6f8ea587e976df2ee","author":"Luke Daley","summary":"Language support for method type tokens."},{"body":"","date":"2011-06-21T12:20:12+10:00","commit":"f9b4b11369c76fba24c7cc3266f38d0b5e549562","author":"Luke Daley","summary":"Take TM ignores into account when opening files from stacktraces."},{"body":"","date":"2011-06-20T13:08:01+10:00","commit":"ea7665d074eaf5397ba03d8411f9a648f366ff84","author":"Luke Daley","summary":"Make the regex patterns for the create package command match the whole name of the directory, not part of."},{"body":"","date":"2011-06-14T09:45:58+10:00","commit":"a35643aa8a7afbf47f0c0d5fa920b1cc285e2d44","author":"Luke Daley","summary":"Add support for scoping class variables."},{"body":"","date":"2011-06-14T09:45:48+10:00","commit":"daa36c21a5af6d80792853a19e944573de5646d3","author":"Luke Daley","summary":"Remove rogue package snippet that crept in from the Groovy bundle."},{"body":"","date":"2011-06-13T13:54:05+10:00","commit":"67724c2c08e574e87df09886f6f4edc5f5a0958b","author":"Luke Daley","summary":"Fix for variables."},{"body":"","date":"2011-06-13T13:29:22+10:00","commit":"654d6332f722e056650e332475caaa89c355112b","author":"Luke Daley","summary":"Fixed class variable scoping."},{"body":"e.g. this(«new URL[0]», parent);","date":"2011-05-26T08:22:30+10:00","commit":"b309a5734be4692056d2843783a7348d6ed1fcbb","author":"Luke Daley","summary":"Fix for object arrays as parameters."},{"body":"","date":"2011-05-26T08:22:01+10:00","commit":"03bbc4c15c2bb0fc322bf3d408092fe211bcbb26","author":"Luke Daley","summary":"Better name."},{"body":"","date":"2011-02-07T01:12:06-06:00","commit":"e2ff41304c9307c23c629bce5be0c8cd21038358","author":"Michael Sheets","summary":"Changed to the more standard Tests directory structure."},{"body":"","date":"2011-02-07T01:09:53-06:00","commit":"6e56869b7066ea9df29f0cbf338259fdb4cbeb2c","author":"Michael Sheets","summary":"Do not claim the .txt extension as it is too broad. Closes #6"},{"body":"","date":"2011-02-07T01:06:55-06:00","commit":"8043d1f348cc9cc3e20f63206027b38197920e1a","author":"Michael Sheets","summary":"Do not parse commented package lines. Closes #3"},{"body":"","date":"2011-01-24T16:12:14+01:00","commit":"fc5a260aa143e9d54357b39aba4e0a7009fc16ef","author":"Daniel Høier Øhrgaard","summary":"Added bitwise operators and bitwise/arithmetic assigment operators"},{"body":"","date":"2010-12-22T20:33:37-08:00","commit":"5b9044c7fbe83e57403e72034633e683b3260c9f","author":"Brad Reynolds","summary":"Created the 'Create Package Declaration' command."},{"body":"Grouped imports and output the static imports first.","date":"2009-11-08T12:05:34-08:00","commit":"074e876816ee7cc4c4f5bbc48091ef8c13ae36e4","author":"Brad Reynolds","summary":"Updated Organize Imports to act more like eclipse."},{"body":"","date":"2010-11-30T09:18:59+10:00","commit":"7fc915093e0cc91644fd451db7f593c8a4aff20e","author":"Luke Daley","summary":"Update these snippets to work with Groovy as well."},{"body":"","date":"2010-02-20T17:15:11+10:00","commit":"c931c7aed4c39f2ef59a550747859587e78f6c83","author":"Luke Daley","summary":"Allow there to be whitespace after “new” declarations, but before delimiters."},{"body":"","date":"2010-01-20T09:16:22+10:00","commit":"5e1148105238e962f8009d4605ef7a9fb8ea287e","author":"Luke Daley","summary":"Some changes to the JUnit report stuff."},{"body":"","date":"2010-11-19T17:08:06-06:00","commit":"7a07162635d1d99fd2d6db2a8b975f2412b2ce1b","author":"Michael Sheets","summary":"Remove usage of TM_RUBY."},{"body":"This was causing a problem when the source contained non-ASCII characters.","date":"2010-11-17T11:21:55+01:00","commit":"3b748a611ce4787cec9eef58c68ebd116bd00aeb","author":"Allan Odgaard","summary":"Bring back encoding argument lost in commit 4f36ac3."},{"body":"","date":"2010-11-15T14:51:27-06:00","commit":"4d22de1979e0d65aa150c468c0826b4ca8c22b18","author":"Michael Sheets","summary":"Remove a stray debugging line."},{"body":"","date":"2010-06-10T16:26:27-05:00","commit":"83afc508f8e087daa77cddc8bff06c6f2170d463","author":"Michael Sheets","summary":"Fix typo in HTML output of error messages. Closes #1"},{"body":"","date":"2009-11-08T12:05:34-08:00","commit":"a3520dc7a74ac67a222891abab6d577b8a9f84a1","author":"Brad Reynolds","summary":"Added support for static imports in Organize Imports and removed duplicate lines in import section."},{"body":"","date":"2009-11-08T10:26:35-08:00","commit":"214bd68d7f8532f7602f9856ded7e0c00714a910","author":"Brad Reynolds","summary":"Added static imports to the language grammar."},{"body":"","date":"2009-10-25T18:44:24-07:00","commit":"72ca05532c7fbcd83f87ad69221a9bc044a558b7","author":"Brad Reynolds","summary":"Created \"Copy Fully Qualified Class Name\" command."},{"body":"","date":"2009-10-25T18:38:41-07:00","commit":"f3601678e3d6579079dde5023141ea732ecbf8c7","author":"Brad Reynolds","summary":"Created \"Organize Imports\" command."},{"body":"git-svn-id: http://svn.textmate.org/trunk/Bundles/Java.tmbundle@11753 dfb7d73b-c2ec-0310-8fea-fb051d288c6d","date":"2009-09-16T02:32:34+00:00","commit":"4f36ac34a6bca72f6100a751b1079cdec5059100","author":"Alex Ross","summary":"Fix incompatibility between package handling logic and the <kbd class='keyEquivalent'>⌥⌘R</kbd> “Run with arguments” command."},{"body":"git-svn-id: http://svn.textmate.org/trunk/Bundles/Java.tmbundle@11588 dfb7d73b-c2ec-0310-8fea-fb051d288c6d","date":"2009-06-02T23:46:44+00:00","commit":"c0671d080f83558c53ad73c973637dc2d2ce38a9","author":"Luke Daley","summary":"• Fix for very broken snippet."},{"body":"git-svn-id: http://svn.textmate.org/trunk/Bundles/Java.tmbundle@11563 dfb7d73b-c2ec-0310-8fea-fb051d288c6d","date":"2009-05-20T11:28:54+00:00","commit":"b550121d586f2e3ffeb6644a62736b290c380ec4","author":"Luke Daley","summary":"• Include ? as a valid char in a generic type signature."},{"body":"git-svn-id: http://svn.textmate.org/trunk/Bundles/Java.tmbundle@11562 dfb7d73b-c2ec-0310-8fea-fb051d288c6d","date":"2009-05-20T11:27:20+00:00","commit":"52d517e0e54d312df6287272ae13d0cbbe0f2e3a","author":"Luke Daley","summary":"• Relax the method match to include non word chars (e.g. generics) in the type signature."},{"body":"git-svn-id: http://svn.textmate.org/trunk/Bundles/Java.tmbundle@11560 dfb7d73b-c2ec-0310-8fea-fb051d288c6d","date":"2009-05-20T04:46:40+00:00","commit":"c4bfb6f3dc5b81263bfaa2b5dd02c53d6f9c3f81","author":"Luke Daley","summary":"• Simplified method match to support methods without a body and with regardless of the modifiers."},{"body":"git-svn-id: http://svn.textmate.org/trunk/Bundles/Java.tmbundle@11496 dfb7d73b-c2ec-0310-8fea-fb051d288c6d","date":"2009-04-28T02:03:46+00:00","commit":"26a387e3cdc25a1832daea9c828df12828251f33","author":"Luke Daley","summary":"• If the method is abstract or native, don't require a body to make a match."},{"body":"git-svn-id: http://svn.textmate.org/trunk/Bundles/Java.tmbundle@11491 dfb7d73b-c2ec-0310-8fea-fb051d288c6d","date":"2009-04-27T00:20:32+00:00","commit":"3753b0cc731761a316d808b6af7d2613943321d0","author":"Luke Daley","summary":"• Strip excessive white space from methods in the symbol list."},{"body":"git-svn-id: http://svn.textmate.org/trunk/Bundles/Java.tmbundle@11455 dfb7d73b-c2ec-0310-8fea-fb051d288c6d","date":"2009-04-08T23:33:50+00:00","commit":"c6c2d4a2827d5a95276f4023e862c7611fa6e23e","author":"Luke Daley","summary":"• Support ‘running’ classes that are in a package."},{"body":"git-svn-id: http://svn.textmate.org/trunk/Bundles/Java.tmbundle@11450 dfb7d73b-c2ec-0310-8fea-fb051d288c6d","date":"2009-04-08T09:55:55+00:00","commit":"d60f6f5725a01363340ad919c3f8fa332eb8508c","author":"Luke Daley","summary":"• Snippet for package declaration."},{"body":"git-svn-id: http://svn.textmate.org/trunk/Bundles/Java.tmbundle@11449 dfb7d73b-c2ec-0310-8fea-fb051d288c6d","date":"2009-04-08T06:25:26+00:00","commit":"cb9cf177542d7bd2bfd393561ef8b60cc4834b2a","author":"Luke Daley","summary":"• Not sure exactly what is changing here (:-|)"},{"body":"git-svn-id: http://svn.textmate.org/trunk/Bundles/Java.tmbundle@11448 dfb7d73b-c2ec-0310-8fea-fb051d288c6d","date":"2009-04-08T06:07:45+00:00","commit":"1b8054a9bcabb691b76313056f3c902efa61da14","author":"Luke Daley","summary":"• All appropriate snippets now include braces in the same line style in accordance to Sun's Java style guide."},{"body":"git-svn-id: http://svn.textmate.org/trunk/Bundles/Java.tmbundle@11447 dfb7d73b-c2ec-0310-8fea-fb051d288c6d","date":"2009-04-08T06:01:17+00:00","commit":"632eccadc4ea0cfc097645f55652c6b30f1e6296","author":"Luke Daley","summary":"• Cleaned up snippet and rescoped to just ‘source.java’."},{"body":"git-svn-id: http://svn.textmate.org/trunk/Bundles/Java.tmbundle@11412 dfb7d73b-c2ec-0310-8fea-fb051d288c6d","date":"2009-03-26T23:38:31+00:00","commit":"3e478f141ff12a2ade95fb733c87304ff7ce2f34","author":"Luke Daley","summary":"• Be more restrictive on what can proceed ‘class’ in a class declaration to avoid false positives."},{"body":"e.g. java.util.List&lt;double[]>\n\ngit-svn-id: http://svn.textmate.org/trunk/Bundles/Java.tmbundle@11411 dfb7d73b-c2ec-0310-8fea-fb051d288c6d","date":"2009-03-26T23:36:49+00:00","commit":"507e5a226346826759648c871f7380077631a004","author":"Luke Daley","summary":"• Support array types in generic types."},{"body":"(fixes regression introduced in r11334)\n\ngit-svn-id: http://svn.textmate.org/trunk/Bundles/Java.tmbundle@11386 dfb7d73b-c2ec-0310-8fea-fb051d288c6d","date":"2009-03-19T09:02:13+00:00","commit":"ececf6e55b13c4b2a0252e66f16671fde7774e10","author":"Luke Daley","summary":"• Reintroduce class declarations to the top level of source."},{"body":"git-svn-id: http://svn.textmate.org/trunk/Bundles/Java.tmbundle@11338 dfb7d73b-c2ec-0310-8fea-fb051d288c6d","date":"2009-02-25T12:04:46+00:00","commit":"9a2e3957959ea957fccc4abccc944be2382eae2b","author":"Luke Daley","summary":"• Support for the longhand &lt;jsp:*> tags."},{"body":"git-svn-id: http://svn.textmate.org/trunk/Bundles/Java.tmbundle@11337 dfb7d73b-c2ec-0310-8fea-fb051d288c6d","date":"2009-02-25T11:13:12+00:00","commit":"762f9ff85828ceb2ae0d62df8f249a3264775c98","author":"Luke Daley","summary":"• Scoping for JSP directives."},{"body":"git-svn-id: http://svn.textmate.org/trunk/Bundles/Java.tmbundle@11336 dfb7d73b-c2ec-0310-8fea-fb051d288c6d","date":"2009-02-25T11:01:19+00:00","commit":"5752d0a06f46fdf2b0301068504a9616aa71b18e","author":"Luke Daley","summary":"• More syntax tests."},{"body":"git-svn-id: http://svn.textmate.org/trunk/Bundles/Java.tmbundle@11335 dfb7d73b-c2ec-0310-8fea-fb051d288c6d","date":"2009-02-25T10:58:52+00:00","commit":"c1f760bdb8a42c0b1772a3b828830e429e708812","author":"Luke Daley","summary":"• Simple JSP support."},{"body":"git-svn-id: http://svn.textmate.org/trunk/Bundles/Java.tmbundle@11334 dfb7d73b-c2ec-0310-8fea-fb051d288c6d","date":"2009-02-25T10:56:28+00:00","commit":"fdbc19a098e9d6c9f63e9ec1f9cc6d21e34d1d89","author":"Luke Daley","summary":"• Recognise code outside of class declarations."},{"body":"git-svn-id: http://svn.textmate.org/trunk/Bundles/Java.tmbundle@11292 dfb7d73b-c2ec-0310-8fea-fb051d288c6d","date":"2009-02-12T03:30:31+00:00","commit":"aa45e2602ae0473d28d4738623c76b1cae2d42c7","author":"Luke Daley","summary":"• Don't cd into the build directory, prepend it to the CLASSPATH instead and execute from the project or file working directory."},{"body":"git-svn-id: http://svn.textmate.org/trunk/Bundles/Java.tmbundle@11291 dfb7d73b-c2ec-0310-8fea-fb051d288c6d","date":"2009-02-11T23:26:56+00:00","commit":"3b3a3bbb43dff251edbd3b0ae4d450a37842ad76","author":"Luke Daley","summary":"• Support ‘implements’ declarations over multiple lines."},{"body":"git-svn-id: http://svn.textmate.org/trunk/Bundles/Java.tmbundle@11210 dfb7d73b-c2ec-0310-8fea-fb051d288c6d","date":"2009-02-01T00:16:22+00:00","commit":"5a81274f89789aee3273e565972eba38293c37ba","author":"Luke Daley","summary":"• Support for enums."},{"body":"git-svn-id: http://svn.textmate.org/trunk/Bundles/Java.tmbundle@11209 dfb7d73b-c2ec-0310-8fea-fb051d288c6d","date":"2009-01-30T01:57:54+00:00","commit":"472d48ed4e4640182f0571612a97440ad1f12fe7","author":"Luke Daley","summary":"• Compile time error output now contains links to the point in the source that produced the error."},{"body":"<kbd class='tabTrigger'>p⇥</kbd> - System.out.print(‸);\n<kbd class='tabTrigger'>pl⇥</kbd> - System.out.println(‸);\n\ngit-svn-id: http://svn.textmate.org/trunk/Bundles/Java.tmbundle@11208 dfb7d73b-c2ec-0310-8fea-fb051d288c6d","date":"2009-01-30T00:40:38+00:00","commit":"3e2183825a83c5c746ab43679f20b4bb21e02cc5","author":"Luke Daley","summary":"• Snippets for writing to System.out."},{"body":"The net effect of this change is that when the user is at…\n\nvoid method() throws Exception‸\n\nThey need to key a ␣ instead of <kbd class='keyEquivalent'>⇥</kbd> (which is actually better for those that use the 'next line braces' style anyway).\n\n\ngit-svn-id: http://svn.textmate.org/trunk/Bundles/Java.tmbundle@11107 dfb7d73b-c2ec-0310-8fea-fb051d288c6d","date":"2009-01-14T00:31:08+00:00","commit":"8617981c2290240a1cff7e5679bedc5d507c45d9","author":"Luke Daley","summary":"• Simplified method snippet to remove a bug which could cause the closing brace of the method body to be mirrored."},{"body":"git-svn-id: http://svn.textmate.org/trunk/Bundles/Java.tmbundle@11106 dfb7d73b-c2ec-0310-8fea-fb051d288c6d","date":"2009-01-13T23:26:26+00:00","commit":"da72e07e6b3d23f3c7f3fa9f62ab7a63bc0aafb4","author":"Luke Daley","summary":"• Added trivial comment to syntax tests."},{"body":"Previously the rule was looking for a ‘)’ to end on, we now accept ‘]’ as well.\n\ngit-svn-id: http://svn.textmate.org/trunk/Bundles/Java.tmbundle@10994 dfb7d73b-c2ec-0310-8fea-fb051d288c6d","date":"2008-12-10T06:58:08+00:00","commit":"d4c85bb59e1618daa5c4176399de19abf29427fb","author":"Luke Daley","summary":"• Support for empty array declarations (e.g. new Int[10];)"},{"body":"git-svn-id: http://svn.textmate.org/trunk/Bundles/Java.tmbundle@10985 dfb7d73b-c2ec-0310-8fea-fb051d288c6d","date":"2008-12-08T00:23:36+00:00","commit":"dc272f5a6bbf40a1d446ff5c4688b4678bc0befd","author":"Luke Daley","summary":"• The old templates are now explicitly deleted from the bundle."},{"body":"e.g. `new Thing[10]‸;`\n\ngit-svn-id: http://svn.textmate.org/trunk/Bundles/Java.tmbundle@10761 dfb7d73b-c2ec-0310-8fea-fb051d288c6d","date":"2008-11-02T03:05:52+00:00","commit":"0c830898100776ea15add7933c5261054860e8f3","author":"Luke Daley","summary":"• Also end `new` constructs before a ;"},{"body":"git-svn-id: http://svn.textmate.org/trunk/Bundles/Java.tmbundle@10760 dfb7d73b-c2ec-0310-8fea-fb051d288c6d","date":"2008-11-01T10:53:08+00:00","commit":"a94b95fafb9bef2dd5051ac0493e4c320039f756","author":"Allan Odgaard","summary":"• add snippet for the ‘main’ Java method"},{"body":"git-svn-id: http://svn.textmate.org/trunk/Bundles/Java.tmbundle@10756 dfb7d73b-c2ec-0310-8fea-fb051d288c6d","date":"2008-10-30T22:12:06+00:00","commit":"e05c4be1510e1166008826d8d4b95b52b3123f5c","author":"Alex Ross","summary":"• Add support for TM_JAVA_FILEGLOB.  Any files matched by this glob pattern will be compiled along with the current TextMate document when using either of Java's Compile and Run commands."},{"body":"git-svn-id: http://svn.textmate.org/trunk/Bundles/Java.tmbundle@10755 dfb7d73b-c2ec-0310-8fea-fb051d288c6d","date":"2008-10-30T22:10:14+00:00","commit":"8eeca68331e53a24820742db009151afc1c8c9c1","author":"Alex Ross","summary":"• Add support for TM_PROJECT_MASTER to Java's Run commands (<kbd class='keyEquivalent'>⌘R</kbd>/<kbd class='keyEquivalent'>⌥⌘R</kbd>)."},{"body":"The previous version was causing an infinite recursion. This version is more restrictive and conceptually more correct.\n\ngit-svn-id: http://svn.textmate.org/trunk/Bundles/Java.tmbundle@10753 dfb7d73b-c2ec-0310-8fea-fb051d288c6d","date":"2008-10-30T06:27:45+00:00","commit":"1f18798760f49effd6f7d6e475f1cf6c33a64d87","author":"Luke Daley","summary":"• Improved end matching on ‘new …’ constructs (ticket 3D1E429A)"},{"body":"git-svn-id: http://svn.textmate.org/trunk/Bundles/Java.tmbundle@10752 dfb7d73b-c2ec-0310-8fea-fb051d288c6d","date":"2008-10-30T06:20:31+00:00","commit":"39582a345131f1fbb732acb5fb0cae38d616122a","author":"Luke Daley","summary":"• Test case for anonymous classes."},{"body":"Inner classes are now indented in the symbol list up to 2 levels. Methods are also indented under the class they are defined in.\n\ngit-svn-id: http://svn.textmate.org/trunk/Bundles/Java.tmbundle@10705 dfb7d73b-c2ec-0310-8fea-fb051d288c6d","date":"2008-10-11T03:00:44+00:00","commit":"97b42c4855c4a57a3c335f4331f763c6da834279","author":"Luke Daley","summary":"• Improve the symbol list."},{"body":"git-svn-id: http://svn.textmate.org/trunk/Bundles/Java.tmbundle@10704 dfb7d73b-c2ec-0310-8fea-fb051d288c6d","date":"2008-10-11T02:45:23+00:00","commit":"a1d1641800d331cd1b7380e1a90aa7fa33e643b8","author":"Luke Daley","summary":"• Removed some redundant scoping."},{"body":"git-svn-id: http://svn.textmate.org/trunk/Bundles/Java.tmbundle@10647 dfb7d73b-c2ec-0310-8fea-fb051d288c6d","date":"2008-09-28T01:32:29+00:00","commit":"204213f279b763480b429c7112781be5026d467d","author":"Luke Daley","summary":"• give a rogue snippet a home in the bundle menu."},{"body":"e.g. someMethod(new SomeClass())\n\ngit-svn-id: http://svn.textmate.org/trunk/Bundles/Java.tmbundle@10612 dfb7d73b-c2ec-0310-8fea-fb051d288c6d","date":"2008-09-21T07:48:32+00:00","commit":"7c38390fe73631417a99d8532f36f50a7549a8ce","author":"Luke Daley","summary":"• Terminate the matching of 'new' statements at ')' as well"},{"body":"git-svn-id: http://svn.textmate.org/trunk/Bundles/Java.tmbundle@10611 dfb7d73b-c2ec-0310-8fea-fb051d288c6d","date":"2008-09-21T07:47:04+00:00","commit":"ad24129113c8df4af35f6dfc741513c2e19eae6d","author":"Luke Daley","summary":"• Fallback to 'untitled' for the class name if the current file is not saved anywhere"},{"body":"git-svn-id: http://svn.textmate.org/trunk/Bundles/Java.tmbundle@10549 dfb7d73b-c2ec-0310-8fea-fb051d288c6d","date":"2008-09-11T01:01:03+00:00","commit":"7d8ebe815814512726f22f2db916d9e8728b2fbc","author":"Luke Daley","summary":"• Allow comments in class declarations where a subclass or interface compliance is declared."},{"body":"git-svn-id: http://svn.textmate.org/trunk/Bundles/Java.tmbundle@10548 dfb7d73b-c2ec-0310-8fea-fb051d288c6d","date":"2008-09-10T23:36:43+00:00","commit":"f85c087ed62dbd77ec6ec21f43ca642d00bf0599","author":"Luke Daley","summary":"• Add support for assertions (syntactically and with a new snippet)"},{"body":"git-svn-id: http://svn.textmate.org/trunk/Bundles/Java.tmbundle@10543 dfb7d73b-c2ec-0310-8fea-fb051d288c6d","date":"2008-09-10T04:20:21+00:00","commit":"043f5f8e93f660511d033267adebe8160f117f10","author":"Luke Daley","summary":"• Collection of syntax bugs found so far (but are fixed)."},{"body":"e.g. `ID id = new ID();`\n\nThe first ID should be matched as a type, not a constant, and now is.\n\ngit-svn-id: http://svn.textmate.org/trunk/Bundles/Java.tmbundle@10542 dfb7d73b-c2ec-0310-8fea-fb051d288c6d","date":"2008-09-10T04:16:24+00:00","commit":"580de51d7b27bd40dc6ba1efd8e9e5ef0acaef1d","author":"Luke Daley","summary":"• Allow for type specifications of variables where the type looks like a constant to be matched as a type."},{"body":"git-svn-id: http://svn.textmate.org/trunk/Bundles/Java.tmbundle@10541 dfb7d73b-c2ec-0310-8fea-fb051d288c6d","date":"2008-09-10T04:10:41+00:00","commit":"09907014cc80cf87b254ff9db15673f91071721f","author":"Luke Daley","summary":"• End a 'constant' match if the thing ends in .class • Don't require lowercase characters in class names • Only look for primitive and object types in parameter declarations (for one, don't look for constants)"},{"body":"e.g. class Foo /* bar */ {}\n\ngit-svn-id: http://svn.textmate.org/trunk/Bundles/Java.tmbundle@10540 dfb7d73b-c2ec-0310-8fea-fb051d288c6d","date":"2008-09-09T08:29:32+00:00","commit":"873d5a905a918bbd8d85733fb025f2d183764de5","author":"Luke Daley","summary":"• Match comments as part of a class specification."},{"body":"git-svn-id: http://svn.textmate.org/trunk/Bundles/Java.tmbundle@10517 dfb7d73b-c2ec-0310-8fea-fb051d288c6d","date":"2008-09-04T23:39:39+00:00","commit":"9f1af146a7e20cde619ca009fb3f3860739d65ff","author":"Luke Daley","summary":"• Fixed regression introduced in r10507 that broke package level classes (i.e. classes without a storage modifier like public or private)."},{"body":"git-svn-id: http://svn.textmate.org/trunk/Bundles/Java.tmbundle@10509 dfb7d73b-c2ec-0310-8fea-fb051d288c6d","date":"2008-09-02T00:07:36+00:00","commit":"44fc06710451f412d1947ebb3a039c2d01dced15","author":"Luke Daley","summary":"• Don't match the whole line that 'package' and 'import' declarations are on, i.e. stop at the terminating ;"},{"body":"Some patterns are looking for and end ')', when a method was being called in one of these patterns, the closing ')' of the method call was terminating the pattern. \n\ngit-svn-id: http://svn.textmate.org/trunk/Bundles/Java.tmbundle@10508 dfb7d73b-c2ec-0310-8fea-fb051d288c6d","date":"2008-08-31T04:00:46+00:00","commit":"2ddce8b20ec34ceef840be7ea0ecdf901b030bd3","author":"Luke Daley","summary":"• Include a new repository element #parens which is simply a begin of ')' and end of ')' with #code included in the middle."},{"body":"git-svn-id: http://svn.textmate.org/trunk/Bundles/Java.tmbundle@10507 dfb7d73b-c2ec-0310-8fea-fb051d288c6d","date":"2008-08-31T03:53:00+00:00","commit":"2df87fecaa31b733577f7e913867a8ad6299756f","author":"Luke Daley","summary":"• Start class matches from the first word character, instead of anything."},{"body":"git-svn-id: http://svn.textmate.org/trunk/Bundles/Java.tmbundle@10474 dfb7d73b-c2ec-0310-8fea-fb051d288c6d","date":"2008-08-19T23:50:16+00:00","commit":"2e0e3edc6336ad5d6491d4e77562ad452bd7d5a7","author":"Luke Daley","summary":"• In a class body, try to match comments before anything else."},{"body":"git-svn-id: http://svn.textmate.org/trunk/Bundles/Java.tmbundle@10341 dfb7d73b-c2ec-0310-8fea-fb051d288c6d","date":"2008-07-26T02:24:54+00:00","commit":"43947fa6fa62803f5ce3848ffa790debcbe67674","author":"Luke Daley","summary":"• Abort a method match if it starts with 'new'"},{"body":"Classes with generic information where not being picked up by the previous pattern.\n\ngit-svn-id: http://svn.textmate.org/trunk/Bundles/Java.tmbundle@10340 dfb7d73b-c2ec-0310-8fea-fb051d288c6d","date":"2008-07-26T02:23:55+00:00","commit":"77347dbb1da4880de45cd0e6586044f75b890ca8","author":"Luke Daley","summary":"Re-use the '#object-type' definition when matching the class in `new` calls."},{"body":"git-svn-id: http://svn.textmate.org/trunk/Bundles/Java.tmbundle@10212 dfb7d73b-c2ec-0310-8fea-fb051d288c6d","date":"2008-07-09T09:23:38+00:00","commit":"96db5d9643f1c28f6e9555f77064f4cbdbd0c5dc","author":"Luke Daley","summary":"• Snippet for `return`"},{"body":"git-svn-id: http://svn.textmate.org/trunk/Bundles/Java.tmbundle@10193 dfb7d73b-c2ec-0310-8fea-fb051d288c6d","date":"2008-07-08T11:14:33+00:00","commit":"e61825600ecc1c0867aacdfcdb1edbb77065571a","author":"Luke Daley","summary":"• Snippet for an interface declaration."},{"body":"This allows `public void method() { return null; }` (a one line method and body), where previously the semicolon would break the match.\n\ngit-svn-id: http://svn.textmate.org/trunk/Bundles/Java.tmbundle@10192 dfb7d73b-c2ec-0310-8fea-fb051d288c6d","date":"2008-07-08T11:13:49+00:00","commit":"865a43c4599ad42b58151df8d0034bd6c03865e0","author":"Luke Daley","summary":"• In method signatures, lookahead up to a ‘{’ for a ; instead of all the way to the end of the line."},{"body":"git-svn-id: http://svn.textmate.org/trunk/Bundles/Java.tmbundle@10165 dfb7d73b-c2ec-0310-8fea-fb051d288c6d","date":"2008-07-05T07:49:26+00:00","commit":"d65b0baae5293da64fc872360c23e4381cd903b7","author":"Michael Sheets","summary":"Promoting bundle out of review."},{"body":"(missed some in previous attempt to fix this)\n\ngit-svn-id: http://svn.textmate.org/trunk/Review/Bundles/Java.tmbundle@10161 dfb7d73b-c2ec-0310-8fea-fb051d288c6d","date":"2008-07-05T07:40:25+00:00","commit":"811b2ec5fead90489fa15242e9c56d18dfed84f0","author":"Luke Daley","summary":"• Renamed 'keyword.operator.terminator.java' to 'punctuation.terminator.java'"},{"body":"git-svn-id: http://svn.textmate.org/trunk/Review/Bundles/Java.tmbundle@10160 dfb7d73b-c2ec-0310-8fea-fb051d288c6d","date":"2008-07-05T07:36:37+00:00","commit":"9cfcb9f1fc597640c732a2936caa12b70365694b","author":"Luke Daley","summary":"keyword.operator.new.java → keyword.control.new.java"},{"body":"git-svn-id: http://svn.textmate.org/trunk/Review/Bundles/Java.tmbundle@10153 dfb7d73b-c2ec-0310-8fea-fb051d288c6d","date":"2008-07-05T05:50:35+00:00","commit":"78ecf451a306d4380e261ced437843f1026990e4","author":"Luke Daley","summary":"• punctuation.definition.seperator.property.java → punctuation.seperator.property.java"},{"body":"git-svn-id: http://svn.textmate.org/trunk/Review/Bundles/Java.tmbundle@10152 dfb7d73b-c2ec-0310-8fea-fb051d288c6d","date":"2008-07-05T05:49:28+00:00","commit":"9e7395b7a03bc3bedcc4092c323dec777c6bacfa","author":"Luke Daley","summary":"• punctuation.definition.class.end.java → punctuation.section.class.end.java"},{"body":"git-svn-id: http://svn.textmate.org/trunk/Review/Bundles/Java.tmbundle@10151 dfb7d73b-c2ec-0310-8fea-fb051d288c6d","date":"2008-07-05T05:47:30+00:00","commit":"93d782ad48eb000bff56ef7be12915d9f07d2af3","author":"Luke Daley","summary":"• punctuation.definition.seperator.java → punctuation.definition.seperator.property.java"},{"body":"git-svn-id: http://svn.textmate.org/trunk/Review/Bundles/Java.tmbundle@10150 dfb7d73b-c2ec-0310-8fea-fb051d288c6d","date":"2008-07-05T05:45:54+00:00","commit":"ac61409f410a6550ff69c76687a686d345a9f751","author":"Luke Daley","summary":"• Renamed 'keyword.operator.terminator.java' to 'punctuation.terminator.java'"},{"body":"git-svn-id: http://svn.textmate.org/trunk/Review/Bundles/Java.tmbundle@10004 dfb7d73b-c2ec-0310-8fea-fb051d288c6d","date":"2008-06-21T04:40:15+00:00","commit":"fae6a8467e4dea22bc6928fe00c8ca7eb593a52d","author":"Luke Daley","summary":"• Adding missing quotes around TMP var."},{"body":"git-svn-id: http://svn.textmate.org/trunk/Review/Bundles/Java.tmbundle@10003 dfb7d73b-c2ec-0310-8fea-fb051d288c6d","date":"2008-06-21T04:37:32+00:00","commit":"ffdfd0bfad234e2b2fb43611a78b9a0201da5709","author":"Luke Daley","summary":"• Update java compile and run to use TextMate::Executor.run()."},{"body":"git-svn-id: http://svn.textmate.org/trunk/Review/Bundles/Java.tmbundle@9999 dfb7d73b-c2ec-0310-8fea-fb051d288c6d","date":"2008-06-21T02:33:12+00:00","commit":"d6e97f42084adfc8d100e71d298c36e2b054be84","author":"Luke Daley","summary":"• Fix typos in require_cmd output."},{"body":"This is probably a bit heavy handed, but it is probably preferable in that it doesn't introduce yet another special case into this grammar.\n\ngit-svn-id: http://svn.textmate.org/trunk/Review/Bundles/Java.tmbundle@9580 dfb7d73b-c2ec-0310-8fea-fb051d288c6d","date":"2008-05-16T06:25:16+00:00","commit":"ca5fdb794de97e3b4e051fb960ff8f53d042cd48","author":"Luke Daley","summary":"• Fix scoping of annotation array values by including all Java grammar as possible values."},{"body":"git-svn-id: http://svn.textmate.org/trunk/Review/Bundles/Java.tmbundle@9548 dfb7d73b-c2ec-0310-8fea-fb051d288c6d","date":"2008-05-10T05:11:54+00:00","commit":"7bb7bcb8a23185bef9a5ddbbec1e989bdf9d0d52","author":"Luke Daley","summary":"• Parens in constructor arguments were prematurely ending match for constructor args. Solution is to match nested parens in args."},{"body":"git-svn-id: http://svn.textmate.org/trunk/Bundles/Java.tmbundle@9502 dfb7d73b-c2ec-0310-8fea-fb051d288c6d","date":"2008-05-03T22:48:39+00:00","commit":"091ffcaf72ed0faf7a1544afa6237c3abe3a10ef","author":"Michael Sheets","summary":"Switch from the directory name Test to Tests."},{"body":"git-svn-id: http://svn.textmate.org/trunk/Bundles/Java.tmbundle@9498 dfb7d73b-c2ec-0310-8fea-fb051d288c6d","date":"2008-05-03T22:05:41+00:00","commit":"4d9151ead11139131fa3c53085a659990f474f0d","author":"Michael Sheets","summary":"Moving test files to their own directory."},{"body":"git-svn-id: http://svn.textmate.org/trunk/Review/Bundles/Java.tmbundle@9449 dfb7d73b-c2ec-0310-8fea-fb051d288c6d","date":"2008-04-25T04:14:42+00:00","commit":"53d1726d6eb828c94593b4863316411b3a86f04c","author":"Luke Daley","summary":"• End ‘package’ and ‘import’ matches at the ; (instead of trying to grab the whole line)"},{"body":"git-svn-id: http://svn.textmate.org/trunk/Review/Bundles/Java.tmbundle@9425 dfb7d73b-c2ec-0310-8fea-fb051d288c6d","date":"2008-04-18T02:01:53+00:00","commit":"2224187c8e3b093b2c9ed14a7668b5d2a726f073","author":"Luke Daley","summary":"• Constants snippets."},{"body":"git-svn-id: http://svn.textmate.org/trunk/Review/Bundles/Java.tmbundle@9424 dfb7d73b-c2ec-0310-8fea-fb051d288c6d","date":"2008-04-18T01:58:26+00:00","commit":"f8cbe35541ae8f7b21c2da94c24cbb616db243c5","author":"Luke Daley","summary":"• throw snippet"},{"body":"git-svn-id: http://svn.textmate.org/trunk/Review/Bundles/Java.tmbundle@9423 dfb7d73b-c2ec-0310-8fea-fb051d288c6d","date":"2008-04-18T01:54:44+00:00","commit":"0ce95a7120ae44c99c68751063f571332d0800d0","author":"Luke Daley","summary":"• Remove () from else snippet."},{"body":"git-svn-id: http://svn.textmate.org/trunk/Review/Bundles/Java.tmbundle@9422 dfb7d73b-c2ec-0310-8fea-fb051d288c6d","date":"2008-04-17T23:49:16+00:00","commit":"ca27710f9fadb1c869a1c6000b05f2a15845cd9c","author":"Luke Daley","summary":"• Support annotations with no body."},{"body":"git-svn-id: http://svn.textmate.org/trunk/Review/Bundles/Java.tmbundle@9418 dfb7d73b-c2ec-0310-8fea-fb051d288c6d","date":"2008-04-16T11:35:02+00:00","commit":"11fd09f017f9938cb2abe5f63937c906a36b20b1","author":"Luke Daley","summary":"Menu structure."},{"body":"May prove to be problematic as it stores compiled class files in a dir in /tmp.\n\ngit-svn-id: http://svn.textmate.org/trunk/Review/Bundles/Java.tmbundle@9417 dfb7d73b-c2ec-0310-8fea-fb051d288c6d","date":"2008-04-16T11:33:07+00:00","commit":"af3db0df06c68fa71389f67213e86429745f53cc","author":"Luke Daley","summary":"• First cut at a scriptmate for single java files."},{"body":"git-svn-id: http://svn.textmate.org/trunk/Review/Bundles/Java.tmbundle@9414 dfb7d73b-c2ec-0310-8fea-fb051d288c6d","date":"2008-04-16T10:42:44+00:00","commit":"d480c5d012ed35e420c35bbc01d9b945d10f6985","author":"Luke Daley","summary":"Menu structure"},{"body":"git-svn-id: http://svn.textmate.org/trunk/Review/Bundles/Java.tmbundle@9413 dfb7d73b-c2ec-0310-8fea-fb051d288c6d","date":"2008-04-16T10:40:40+00:00","commit":"cfb3056a68ee826d16ff5ba5f3ae03716ba9563b","author":"Luke Daley","summary":"• Don't scope blocks."},{"body":"git-svn-id: http://svn.textmate.org/trunk/Review/Bundles/Java.tmbundle@9412 dfb7d73b-c2ec-0310-8fea-fb051d288c6d","date":"2008-04-16T10:38:44+00:00","commit":"8241d735a9a1c96cec9a579ef139a4211610360a","author":"Luke Daley","summary":"Oops, was supposed to go with the last commit."},{"body":"Since the snippets don't mandate a brace style, provide other snippets two insert braces in the two different styles.\n\ngit-svn-id: http://svn.textmate.org/trunk/Review/Bundles/Java.tmbundle@9411 dfb7d73b-c2ec-0310-8fea-fb051d288c6d","date":"2008-04-16T10:38:21+00:00","commit":"15c99c00ae3de118644c59317a762ff3029cb06f","author":"Luke Daley","summary":"• Provide snippets for braces."},{"body":"git-svn-id: http://svn.textmate.org/trunk/Review/Bundles/Java.tmbundle@9410 dfb7d73b-c2ec-0310-8fea-fb051d288c6d","date":"2008-04-16T10:37:24+00:00","commit":"8ba477156263ebaf94120fe28b84823616dbd8c5","author":"Luke Daley","summary":"• Testing snippets"},{"body":"git-svn-id: http://svn.textmate.org/trunk/Review/Bundles/Java.tmbundle@9409 dfb7d73b-c2ec-0310-8fea-fb051d288c6d","date":"2008-04-16T10:36:45+00:00","commit":"5be6a059f70d66966374594c7d14cc60261a7a0e","author":"Luke Daley","summary":"• More package snippets"},{"body":"git-svn-id: http://svn.textmate.org/trunk/Review/Bundles/Java.tmbundle@9408 dfb7d73b-c2ec-0310-8fea-fb051d288c6d","date":"2008-04-16T10:10:32+00:00","commit":"55af6faeb0204615e23c8dcd32359fcbce6c2ef5","author":"Luke Daley","summary":"• Scope method return types properly"},{"body":"git-svn-id: http://svn.textmate.org/trunk/Review/Bundles/Java.tmbundle@9407 dfb7d73b-c2ec-0310-8fea-fb051d288c6d","date":"2008-04-15T22:07:02+00:00","commit":"41b7781054157f204885f5476f57ddffad28c7e3","author":"Luke Daley","summary":"• Menu structure."},{"body":"git-svn-id: http://svn.textmate.org/trunk/Review/Bundles/Java.tmbundle@9406 dfb7d73b-c2ec-0310-8fea-fb051d288c6d","date":"2008-04-15T22:06:41+00:00","commit":"0f64cb1c996e502619f78fc4a96d146ab976856d","author":"Luke Daley","summary":"• Snippets for common package prefixes."},{"body":"git-svn-id: http://svn.textmate.org/trunk/Review/Bundles/Java.tmbundle@9405 dfb7d73b-c2ec-0310-8fea-fb051d288c6d","date":"2008-04-15T22:06:15+00:00","commit":"2e855eee47b1ad0dbd96305d325f97a125630807","author":"Luke Daley","summary":"• Control and other keywords snippets"},{"body":"git-svn-id: http://svn.textmate.org/trunk/Review/Bundles/Java.tmbundle@9404 dfb7d73b-c2ec-0310-8fea-fb051d288c6d","date":"2008-04-15T22:04:28+00:00","commit":"c43acaf319f3c1f0008373638693f6244992730b","author":"Luke Daley","summary":"• Don't eat space before modifiers • Include modifiers in method bodies • Start a method at the first word character, instead of including all the whitespace on the line before the def/dec starts."},{"body":"So the bundle doesn't mandate a particular coding format, none of the snippets will include {}. Sure it's less convenient for some, but it makes the snippets useful for everyone.\n\ngit-svn-id: http://svn.textmate.org/trunk/Review/Bundles/Java.tmbundle@9399 dfb7d73b-c2ec-0310-8fea-fb051d288c6d","date":"2008-04-15T10:55:17+00:00","commit":"58d6cb049423560e4e691b220b6efd14f762875a","author":"Luke Daley","summary":"• Removed the {}"},{"body":"git-svn-id: http://svn.textmate.org/trunk/Review/Bundles/Java.tmbundle@9398 dfb7d73b-c2ec-0310-8fea-fb051d288c6d","date":"2008-04-15T10:44:46+00:00","commit":"b7a2dedef3d686614553d5602f924baf50c5d7e9","author":"Luke Daley","summary":"• Smarten package and import matches so they give better feedback while still typing the statement."},{"body":"git-svn-id: http://svn.textmate.org/trunk/Review/Bundles/Java.tmbundle@9392 dfb7d73b-c2ec-0310-8fea-fb051d288c6d","date":"2008-04-14T13:12:09+00:00","commit":"f941cd2caec78934dba72d55a924c2ffe6afec1b","author":"Luke Daley","summary":"• Simplification of the class dec/def matching."},{"body":"Instead of trying to make super flexible snippets that cover all modifiers for given constructs, we separate modifers from the constructs to enable sequences like the following…\n\n<kbd class='tabTrigger'>fi⇥ab⇥pu⇥m⇥</kbd>\n\nWhich becomes…\n\nfinal abstract public void method() throws … {}\n\ngit-svn-id: http://svn.textmate.org/trunk/Review/Bundles/Java.tmbundle@9391 dfb7d73b-c2ec-0310-8fea-fb051d288c6d","date":"2008-04-14T13:09:53+00:00","commit":"b21abbdc2b87e64fe76558a1136ddbde53f00cd0","author":"Luke Daley","summary":"• Added snippets for common modifiers and constructs."},{"body":"git-svn-id: http://svn.textmate.org/trunk/Review/Bundles/Java.tmbundle@9390 dfb7d73b-c2ec-0310-8fea-fb051d288c6d","date":"2008-04-14T12:49:32+00:00","commit":"ed36ffe521f9cdbcbf84cb46697b2ad14ef11240","author":"Luke Daley","summary":"• Support classes with no modifer (e.g. package scope)"},{"body":"git-svn-id: http://svn.textmate.org/trunk/Review/Bundles/Java.tmbundle@9389 dfb7d73b-c2ec-0310-8fea-fb051d288c6d","date":"2008-04-14T12:26:16+00:00","commit":"4f283f71df58ef3ac32d97efdd793e152f5b3b2f","author":"Luke Daley","summary":"Rename."},{"body":"Because the grammar uses lookahead so extensively, we have to eat up most of the space in the line before any construct. Therefore, we have to be careful about leading whitespace in matches.\n\ngit-svn-id: http://svn.textmate.org/trunk/Review/Bundles/Java.tmbundle@9388 dfb7d73b-c2ec-0310-8fea-fb051d288c6d","date":"2008-04-14T12:25:42+00:00","commit":"a0a477830c05c5587a358660db2e52ec03581fb7","author":"Luke Daley","summary":"• Fixed several bugs with partially commented lines."},{"body":"git-svn-id: http://svn.textmate.org/trunk/Review/Bundles/Java.tmbundle@9387 dfb7d73b-c2ec-0310-8fea-fb051d288c6d","date":"2008-04-14T12:23:48+00:00","commit":"4a087ead0d4c36ddaa84322052f093bdb918bbca","author":"Luke Daley","summary":"Cleaned out old stuff and changed maintainer details to mine."},{"body":"git-svn-id: http://svn.textmate.org/trunk/Review/Bundles/Java.tmbundle@9386 dfb7d73b-c2ec-0310-8fea-fb051d288c6d","date":"2008-04-14T11:19:26+00:00","commit":"71886ca4e8148c1f3ef333db221899f7c27c067c","author":"Luke Daley","summary":"Removing more stuff."},{"body":"git-svn-id: http://svn.textmate.org/trunk/Review/Bundles/Java.tmbundle@9385 dfb7d73b-c2ec-0310-8fea-fb051d288c6d","date":"2008-04-14T11:18:32+00:00","commit":"5b7f297ac27009c65ba81abefcda8558a7875e4f","author":"Luke Daley","summary":"Moving to javadoc bundle"},{"body":"git-svn-id: http://svn.textmate.org/trunk/Review/Bundles/Java.tmbundle@9384 dfb7d73b-c2ec-0310-8fea-fb051d288c6d","date":"2008-04-14T11:01:55+00:00","commit":"d0a694b46086a8a105b32bfff806d60c91968fa7","author":"Luke Daley","summary":"Moving javadoc to separate bundle."},{"body":"git-svn-id: http://svn.textmate.org/trunk/Review/Bundles/Java.tmbundle@9376 dfb7d73b-c2ec-0310-8fea-fb051d288c6d","date":"2008-04-13T11:31:26+00:00","commit":"9fd40285bf73d0baececb88636eabae3350e5b69","author":"Luke Daley","summary":"• Removing more less than optimal stuff"},{"body":"git-svn-id: http://svn.textmate.org/trunk/Review/Bundles/Java.tmbundle@9375 dfb7d73b-c2ec-0310-8fea-fb051d288c6d","date":"2008-04-13T11:23:41+00:00","commit":"4380bd933bdb92f99ff40498a84fda7eec7b213f","author":"Luke Daley","summary":"• Removing templates"},{"body":"With the previous grammar, it was more or less impossible to properly support anonymous inner classes and runtime created object arrays. To try and support these things and other advanced constructs, we try and scope more context.\n\nThis is probably about 95% useable. It supports more than the previous grammar, but may have some bugs.\n\n\n\ngit-svn-id: http://svn.textmate.org/trunk/Review/Bundles/Java.tmbundle@9374 dfb7d73b-c2ec-0310-8fea-fb051d288c6d","date":"2008-04-13T11:18:27+00:00","commit":"c6e8fd2964fc63f319c62ccf1b9bac011cc827cd","author":"Luke Daley","summary":"• Complete rewrite from scratch."},{"body":"git-svn-id: http://svn.textmate.org/trunk/Review/Bundles/Java.tmbundle@9373 dfb7d73b-c2ec-0310-8fea-fb051d288c6d","date":"2008-04-13T11:14:24+00:00","commit":"6d4f648e12ee178739c9b5cefb37b3abc61e42c6","author":"Luke Daley","summary":"Going to refine this in review because there is a quite a bit of work to do and it will be done in stages."},{"body":"The reference (http://java.sun.com/j2se/1.4.2/docs/api/java/util/Properties.html#load(java.io.InputStream)) doesn't mention these style of comments but they parse ok and are widely used.\n\ngit-svn-id: http://svn.textmate.org/trunk/Bundles/Java.tmbundle@9287 dfb7d73b-c2ec-0310-8fea-fb051d288c6d","date":"2008-04-04T02:09:12+00:00","commit":"71c37969408ee3886cd16ee044d5ebd0e182fa96","author":"Luke Daley","summary":"• Added support for /* */ block comments."},{"body":"Reported by Thomas Krajacic — http://lists.macromates.com/pipermail/textmate/2008-March/024782.html\n\n\ngit-svn-id: http://svn.textmate.org/trunk/Bundles/Java.tmbundle@9156 dfb7d73b-c2ec-0310-8fea-fb051d288c6d","date":"2008-03-19T03:13:40+00:00","commit":"d47cf2fd321e1e3acb0c0bb1273414f32a40e3d4","author":"Allan Odgaard","summary":"• first letter in a JavaDoc comment wasn’t scoped as text.html (but the rest of the paragraph was) giving a problem with e.g. “select current scope”."},{"body":"git-svn-id: http://svn.textmate.org/trunk/Bundles/Java.tmbundle@9063 dfb7d73b-c2ec-0310-8fea-fb051d288c6d","date":"2008-03-08T01:51:22+00:00","commit":"58fe254a4edda5008b40746164c90a53a8337888","author":"Michael Sheets","summary":"Add comment preferences for Java, sent in by Bryan Duxbury."},{"body":"git-svn-id: http://svn.textmate.org/trunk/Bundles/Java.tmbundle@8770 dfb7d73b-c2ec-0310-8fea-fb051d288c6d","date":"2008-01-07T00:40:28+00:00","commit":"22d1157446ad487460ee018d19a734dc0d9c286c","author":"Luke Daley","summary":"Fixed invalid scopes"},{"body":"git-svn-id: http://svn.textmate.org/trunk/Bundles/Java.tmbundle@8768 dfb7d73b-c2ec-0310-8fea-fb051d288c6d","date":"2008-01-06T08:53:30+00:00","commit":"e9a9718b567f8044af5964bd397a53ddc0cf10f1","author":"Luke Daley","summary":"Improved help command to use gotapi.com Added doc block snippet"},{"body":"git-svn-id: http://svn.textmate.org/trunk/Bundles/Java.tmbundle@8680 dfb7d73b-c2ec-0310-8fea-fb051d288c6d","date":"2007-12-17T07:41:06+00:00","commit":"90417019af933ea22ba5eba28e88459be67c7086","author":"Luke Daley","summary":"Stopped some inline tags from eating too much"},{"body":"git-svn-id: http://svn.textmate.org/trunk/Bundles/Java.tmbundle@8678 dfb7d73b-c2ec-0310-8fea-fb051d288c6d","date":"2007-12-17T03:35:43+00:00","commit":"df81e621b7a740a9585bbda7d5caa32eae23a5f8","author":"Luke Daley","summary":"Gave javadoc some love. It now has it's own syntax and includes html so all the snippets and scoping work in the javadoc comments. Modified Java syntax to include javadoc"},{"body":"git-svn-id: http://svn.textmate.org/trunk/Bundles/Java.tmbundle@8501 dfb7d73b-c2ec-0310-8fea-fb051d288c6d","date":"2007-11-21T10:29:49+00:00","commit":"b528e3ba588b2238e4920fb1991856e564b8844e","author":"Michael Sheets","summary":"Improve matching of method definitions. Patch from Luke Daley."},{"body":"git-svn-id: http://svn.textmate.org/trunk/Bundles/Java.tmbundle@8309 dfb7d73b-c2ec-0310-8fea-fb051d288c6d","date":"2007-10-19T12:59:42+00:00","commit":"3ea374bb97c1a80668340e4130f9b68a882e46fc","author":"Allan Odgaard","summary":"• update other uses of niutil/dscl to TM_FULLNAME"},{"body":"git-svn-id: http://svn.textmate.org/trunk/Bundles/Java.tmbundle@7865 dfb7d73b-c2ec-0310-8fea-fb051d288c6d","date":"2007-07-30T22:55:11+00:00","commit":"2d52eb60b6c4956a371acc4af52e2143f439ac18","author":"Allan Odgaard","summary":"• set margin for &lt;pre> to zero since each error line gets wrapped in its own &lt;pre>"},{"body":"git-svn-id: http://svn.textmate.org/trunk/Bundles/Java.tmbundle@7852 dfb7d73b-c2ec-0310-8fea-fb051d288c6d","date":"2007-07-30T00:22:20+00:00","commit":"813c6a8d54676c266ed2455eb4cb6c5ab71d4909","author":"Allan Odgaard","summary":"• wrap errors in &lt;pre> — ticket 15E76A28"},{"body":"git-svn-id: http://svn.textmate.org/trunk/Bundles/Java.tmbundle@6776 dfb7d73b-c2ec-0310-8fea-fb051d288c6d","date":"2007-03-11T01:39:50+00:00","commit":"ddf4812947af82ec95aca52e21789fa4c88329b6","author":"Allan Odgaard","summary":"• add ‘for’ to list of reserved words not usable as a function/method name — ticket 2EB65196"},{"body":"contactName:\n   The full name of the contact for this bundle.\ncontactEmailRot13:\n   A ROT13 encoded email address for the bundle contact (we obfuscate it to avoid spammers from picking up the files, seeing how bundles will often be available via anonymous svn over http).\ndescription:\n   A short description for this bundle. Do link to more info about the language (or whatever) the bundle is about. I decided on using HTML for this (but leave out the initial paragraph tag) since it seemed like overkill to run a single line of text through Markdown.pl, just to convert [foo](link) into &lt;a href=\"link\">foo&lt;/a>\n\nMany of the current descriptions could use some improvements, I just wanted to get the ball rolling :)\n\n\ngit-svn-id: http://svn.textmate.org/trunk/Bundles/Java.tmbundle@6718 dfb7d73b-c2ec-0310-8fea-fb051d288c6d","date":"2007-03-04T20:11:31+00:00","commit":"b33ee58e81d06ab0b3cc9e96fa4cac92390eebbe","author":"Allan Odgaard","summary":"Add the following keys to the bundle’s info.plist:"},{"body":"git-svn-id: http://svn.textmate.org/trunk/Bundles/Java.tmbundle@6121 dfb7d73b-c2ec-0310-8fea-fb051d288c6d","date":"2006-11-14T09:02:20+00:00","commit":"6206a55a17528595bf364ed5f81dd55c6977c41f","author":"Allan Odgaard","summary":"• update menu structure to accompany removal of items"},{"body":"git-svn-id: http://svn.textmate.org/trunk/Bundles/Java.tmbundle@6120 dfb7d73b-c2ec-0310-8fea-fb051d288c6d","date":"2006-11-14T09:01:17+00:00","commit":"ef045b2e4640639b322ff1bdf744668c626a2c36","author":"Allan Odgaard","summary":"• remove these commands, as their output option no longer exists"},{"body":"git-svn-id: http://svn.textmate.org/trunk/Bundles/Java.tmbundle@5749 dfb7d73b-c2ec-0310-8fea-fb051d288c6d","date":"2006-10-29T23:56:01+00:00","commit":"6ade15d114d593918c246cef1b44cf9659c4ad2a","author":"Michael Sheets","summary":"Add optional newline match to comment.line to improve it's caret scoping."},{"body":"git-svn-id: http://svn.textmate.org/trunk/Bundles/Java.tmbundle@5706 dfb7d73b-c2ec-0310-8fea-fb051d288c6d","date":"2006-10-29T10:19:36+00:00","commit":"5dc68eeb9efe109196300010ef8afd997ccd8e64","author":"Michael Sheets","summary":"Global change from comment.documentation to comment.block.documentation"},{"body":"git-svn-id: http://svn.textmate.org/trunk/Bundles/Java.tmbundle@5519 dfb7d73b-c2ec-0310-8fea-fb051d288c6d","date":"2006-10-19T13:07:10+00:00","commit":"aa2305110850ed98b5e2f5bbcc30bf531a1de0cd","author":"Allan Odgaard","summary":"• also fold when braces are followed by a line comment: “{ // example” (patch from Spanko)"},{"body":"git-svn-id: http://svn.textmate.org/trunk/Bundles/Java.tmbundle@5504 dfb7d73b-c2ec-0310-8fea-fb051d288c6d","date":"2006-10-17T10:28:37+00:00","commit":"e627c41bfd47386e1b278cda7231e0458c095751","author":"Michael Sheets","summary":"• Adding new punctuation scopes to various rules. • Optimize the new winner for the \"Most alternations in a single regex\" award. (2388 alternations)"},{"body":"git-svn-id: http://svn.textmate.org/trunk/Bundles/Java.tmbundle@5488 dfb7d73b-c2ec-0310-8fea-fb051d288c6d","date":"2006-10-16T10:24:28+00:00","commit":"74edd2b284a7a1db3bb737665d194259bf720b2b","author":"Allan Odgaard","summary":"• use standard webpreview.sh theme"},{"body":"git-svn-id: http://svn.textmate.org/trunk/Bundles/Java.tmbundle@5376 dfb7d73b-c2ec-0310-8fea-fb051d288c6d","date":"2006-10-05T12:07:06+00:00","commit":"c31f91804916253579602615958aad6aca5ad941","author":"Allan Odgaard","summary":"• add support for single-quoted strings (patch from Ted Lin)"},{"body":"git-svn-id: http://svn.textmate.org/trunk/Bundles/Java.tmbundle@5339 dfb7d73b-c2ec-0310-8fea-fb051d288c6d","date":"2006-09-29T17:31:51+00:00","commit":"5596c3e1f948b258409aa8880ccc7e4dd4dc197d","author":"Allan Odgaard","summary":"• allow comments between the method/constructor name and the opening brace (starting the method/constructor body)"},{"body":"[1] http://lists.macromates.com/pipermail/textmate/2006-September/013181.html\n\n\ngit-svn-id: http://svn.textmate.org/trunk/Bundles/Java.tmbundle@5338 dfb7d73b-c2ec-0310-8fea-fb051d288c6d","date":"2006-09-29T17:24:15+00:00","commit":"ea225aa41a0c1eb55da86ce6b3d20411d1af3323","author":"Allan Odgaard","summary":"• add indentation rules to Java (copied from the C bundle) to address the problems reported on the mailing list [1]"},{"body":"git-svn-id: http://svn.textmate.org/trunk/Bundles/Java.tmbundle@5266 dfb7d73b-c2ec-0310-8fea-fb051d288c6d","date":"2006-09-18T20:40:32+00:00","commit":"addf7fc21c0d68bcd5edf9c2e6ea70dd74ceec73","author":"Brad Miller","summary":"Add Command to run junit test cases using junit4 (junit-4 not included)"},{"body":"git-svn-id: http://svn.textmate.org/trunk/Bundles/Java.tmbundle@5059 dfb7d73b-c2ec-0310-8fea-fb051d288c6d","date":"2006-09-02T23:11:19+00:00","commit":"279fa8cc117f7bab9c6cc840a6449320e6fe581f","author":"Brian Lalor","summary":"updated to support incremental rendering with WebKit (removed &lt;pre/>)"},{"body":"git-svn-id: http://svn.textmate.org/trunk/Bundles/Java.tmbundle@4902 dfb7d73b-c2ec-0310-8fea-fb051d288c6d","date":"2006-08-23T19:50:27+00:00","commit":"634818aa6c378597c2795d49ee1f1ffa4c3d2e69","author":"Brian Lalor","summary":"couple of minor tweaks"},{"body":"[1] http://java.sun.com/j2se/javadoc/writingdoccomments/\n\n\ngit-svn-id: http://svn.textmate.org/trunk/Bundles/Java.tmbundle@4889 dfb7d73b-c2ec-0310-8fea-fb051d288c6d","date":"2006-08-22T11:03:38+00:00","commit":"266d0d5bb6efb2ab994307e63bbd26e36c0a3b7e","author":"Allan Odgaard","summary":"• change javadoc markup to just match the 12 keywords defined here [1] plus {@link …}’s — in response to ticket 59F02688"},{"body":"git-svn-id: http://svn.textmate.org/trunk/Bundles/Java.tmbundle@4831 dfb7d73b-c2ec-0310-8fea-fb051d288c6d","date":"2006-08-18T03:38:12+00:00","commit":"7b08298d405ce34c4108e4f40aef9cf429e00576","author":"Allan Odgaard","summary":"• support @return «type» in comments — ticket 9A13E56A"},{"body":"git-svn-id: http://svn.textmate.org/trunk/Bundles/Java.tmbundle@4820 dfb7d73b-c2ec-0310-8fea-fb051d288c6d","date":"2006-08-16T21:29:34+00:00","commit":"a00d13c96efa268e7c7c1552ba75609a9c357eb2","author":"Allan Odgaard","summary":"• allow embedded documentation parameters and exceptions to start with uppercase characters — ticket 8649F92C"},{"body":"git-svn-id: http://svn.textmate.org/trunk/Bundles/Java.tmbundle@4808 dfb7d73b-c2ec-0310-8fea-fb051d288c6d","date":"2006-08-16T05:34:42+00:00","commit":"18c78a6280346ce79a871311a88a0ed7e420fb3b","author":"Michael Sheets","summary":"Rename comment.block.java.empty to comment.block.empty.java"},{"body":"Rename entity.name.class to entity.name.type.import and entity.name.type.class\n\n\ngit-svn-id: http://svn.textmate.org/trunk/Bundles/Java.tmbundle@4746 dfb7d73b-c2ec-0310-8fea-fb051d288c6d","date":"2006-08-15T07:57:59+00:00","commit":"59158a89dd254187eabd7bd13814ee8d88bc9298","author":"Michael Sheets","summary":"(Part of the global rename of entity.name.class to entity.name.type)"},{"body":"git-svn-id: http://svn.textmate.org/trunk/Bundles/Java.tmbundle@4644 dfb7d73b-c2ec-0310-8fea-fb051d288c6d","date":"2006-08-10T05:02:55+00:00","commit":"cf8f252757c79e0f83109b9c0fdf51bbc5bd9fc8","author":"Michael Sheets","summary":"Remove swallow use in favor of a constant.character.escape pattern."},{"body":"git-svn-id: http://svn.textmate.org/trunk/Bundles/Java.tmbundle@4424 dfb7d73b-c2ec-0310-8fea-fb051d288c6d","date":"2006-07-19T06:44:31+00:00","commit":"2ddecc33ead8442a96d4bd79add8d3f4f7e7c377","author":"Michael Sheets","summary":"Change entity.name.constructor to entity.name.function.constructor"},{"body":"git-svn-id: http://svn.textmate.org/trunk/Bundles/Java.tmbundle@4307 dfb7d73b-c2ec-0310-8fea-fb051d288c6d","date":"2006-07-17T03:03:05+00:00","commit":"9d2afe10f6783acedf4ae0e713b69e6c132659bc","author":"Michael Sheets","summary":"Added \"source.js.prototype\" to the scope of these; they were too broadly scoped."},{"body":"git-svn-id: http://svn.textmate.org/trunk/Bundles/Java.tmbundle@4282 dfb7d73b-c2ec-0310-8fea-fb051d288c6d","date":"2006-07-16T22:31:19+00:00","commit":"abdfc33ead72057af48d071d3dbf7e76c66a90b5","author":"Allan Odgaard","summary":"• change keyword.embedded-docs.params to variable.parameter.documentation (since this seems to be documenting a parameter variable, but I might be wrong here) • give Java a key equivalent of <kbd class='keyEquivalent'>⌃⌥⇧J</kbd>"},{"body":"git-svn-id: http://svn.textmate.org/trunk/Bundles/Java.tmbundle@4267 dfb7d73b-c2ec-0310-8fea-fb051d288c6d","date":"2006-07-16T18:26:12+00:00","commit":"bca21078708f25f9d56f9f230cb266f0b11ff966","author":"Allan Odgaard","summary":"• load style sheet from TM_BUNDLE_SUPPORT"},{"body":"git-svn-id: http://svn.textmate.org/trunk/Bundles/Java.tmbundle@4266 dfb7d73b-c2ec-0310-8fea-fb051d288c6d","date":"2006-07-16T18:23:47+00:00","commit":"7937e6903c0d6f437f264cbd9a249e6b3086cdc1","author":"Allan Odgaard","summary":"• move htmlize_ant to Support/bin and make the command use TM_BUNDLE_SUPPORT instead of TM_BUNDLE_PATH"},{"body":"git-svn-id: http://svn.textmate.org/trunk/Bundles/Java.tmbundle@4205 dfb7d73b-c2ec-0310-8fea-fb051d288c6d","date":"2006-07-14T10:22:33+00:00","commit":"df72e7fc8d597cbbf2d87ba3e249faf57e2c6779","author":"Michael Sheets","summary":"Converted to the new XML format to avoid an escaping issue."},{"body":"git-svn-id: http://svn.textmate.org/trunk/Bundles/Java.tmbundle@4191 dfb7d73b-c2ec-0310-8fea-fb051d288c6d","date":"2006-07-14T04:47:58+00:00","commit":"82257e0c14d6e00fd5468348c8f100b3e7e605aa","author":"Michael Sheets","summary":"Change constant.java to constant.other.java"},{"body":"git-svn-id: http://svn.textmate.org/trunk/Bundles/Java.tmbundle@4064 dfb7d73b-c2ec-0310-8fea-fb051d288c6d","date":"2006-07-07T19:44:50+00:00","commit":"50f8e95b119127ed2c7b2ca7ba72e1fdd2aa402a","author":"Allan Odgaard","summary":"• also match generics when used as the return type of a method"},{"body":"git-svn-id: http://svn.textmate.org/trunk/Bundles/Java.tmbundle@3648 dfb7d73b-c2ec-0310-8fea-fb051d288c6d","date":"2006-06-14T02:52:10+00:00","commit":"e50ccc73aa5d7eb35b7009919d520e6dcec8a64a","author":"Allan Odgaard","summary":"• remove mention of tab trigger from the name"},{"body":"git-svn-id: http://svn.textmate.org/trunk/Bundles/Java.tmbundle@3615 dfb7d73b-c2ec-0310-8fea-fb051d288c6d","date":"2006-06-12T14:49:13+00:00","commit":"89c2b869a8a2d21caa44cf8fdae2c142dfd3eb0f","author":"Allan Odgaard","summary":"• make output encoding utf-8"},{"body":"git-svn-id: http://svn.textmate.org/trunk/Bundles/Java.tmbundle@3539 dfb7d73b-c2ec-0310-8fea-fb051d288c6d","date":"2006-06-05T09:53:45+00:00","commit":"41c187f8f9c973c522eb41f5869d67525076ec93","author":"Allan Odgaard","summary":"• doc comment improvements from domenico"},{"body":"git-svn-id: http://svn.textmate.org/trunk/Bundles/Java.tmbundle@3394 dfb7d73b-c2ec-0310-8fea-fb051d288c6d","date":"2006-05-23T19:55:12+00:00","commit":"f81d78bd5cce6723a45f6d80892599e7f64e7680","author":"Allan Odgaard","summary":"• restructure to use the Support folder for template helpers (this will likely require a newer than release 989 build, due to TM_BUNDLE_SUPPORT)"},{"body":"git-svn-id: http://svn.textmate.org/trunk/Bundles/Java.tmbundle@2977 dfb7d73b-c2ec-0310-8fea-fb051d288c6d","date":"2006-04-09T21:31:30+00:00","commit":"21cd481340e5b7ea407e0440cc547b263eb71218","author":"Allan Odgaard","summary":"• all single line comments, bullet points (plain text), and quoted lines (mail) now optionally match the newline character — this is so that when the caret is at the end of the line, the scope is still that of “the line.” This is so key equivalents bound to a given scope (like the ‘enter’ key) also work when typing at the end of the line, which would be expected."},{"body":"git-svn-id: http://svn.textmate.org/trunk/Bundles/Java.tmbundle@2972 dfb7d73b-c2ec-0310-8fea-fb051d288c6d","date":"2006-04-09T02:15:39+00:00","commit":"f00e2babb1bff71e933fd7534d5d21205480ca89","author":"Allan Odgaard","summary":"• escape HTML characters in script output"},{"body":"git-svn-id: http://svn.textmate.org/trunk/Bundles/Java.tmbundle@2934 dfb7d73b-c2ec-0310-8fea-fb051d288c6d","date":"2006-04-01T13:31:09+00:00","commit":"e480bc8b20e21083239a6999f00ac5bf0932397a","author":"Allan Odgaard","summary":"• change Documentation key equivalent to ctrl-H (and name it just Documentation) • remove Soryu’s Java grammar (the main Java grammar should incorporate the stuff) • made input of the Word / Selection commands be “Selection or Word” to get the dynamic menu titles (even though the commands use environment variables instead of stdin)"},{"body":"git-svn-id: http://svn.textmate.org/trunk/Bundles/Java.tmbundle@2930 dfb7d73b-c2ec-0310-8fea-fb051d288c6d","date":"2006-04-01T13:18:01+00:00","commit":"71170338bec5d90b771345a5ce90cf2248427576","author":"Brian Lalor","summary":"fix for abstract method declarations in interfaces, and an update to the folding change.  Also merged conflict related to constructors."},{"body":"Sorry to people who used them in the current form, they may not like the changes. But I think this is better for the new user. You can always checkout the revision before this one if you want to stick with the old snippets.\n\n\ngit-svn-id: http://svn.textmate.org/trunk/Bundles/Java.tmbundle@2928 dfb7d73b-c2ec-0310-8fea-fb051d288c6d","date":"2006-04-01T02:46:15+00:00","commit":"34c25105db2054be3fcd1d6b860248aa58f7836e","author":"Allan Odgaard","summary":"• capitalize all snippet names • remove the j-prefix from tab triggers • try to harmonize, simplify, and fix the snippets"},{"body":"git-svn-id: http://svn.textmate.org/trunk/Bundles/Java.tmbundle@2927 dfb7d73b-c2ec-0310-8fea-fb051d288c6d","date":"2006-04-01T02:07:16+00:00","commit":"2d4f2cec0fc6010e476acc08944a796c1c87fc9c","author":"Allan Odgaard","summary":"• specify -encoding UTF8 for javac — this is required for the class and variable names, but seems to break utf-8 strings (there is a native2ascii shell command which purpose seems to be to convert non-ASCII characters to their unicode escape sequence) • remove -verbose switch of javac • use the new ruby parser function for (clickable) errors • provide the programs exit code after it has launched"},{"body":"git-svn-id: http://svn.textmate.org/trunk/Bundles/Java.tmbundle@2900 dfb7d73b-c2ec-0310-8fea-fb051d288c6d","date":"2006-03-27T13:01:22+00:00","commit":"161f5f16a5034a0ad8467177dae77ba2f4583d4e","author":"Allan Odgaard","summary":"• add switch to the list of words not allowed for constructors (so switch() isn’t matched as a constructor)"},{"body":"git-svn-id: http://svn.textmate.org/trunk/Bundles/Java.tmbundle@2285 dfb7d73b-c2ec-0310-8fea-fb051d288c6d","date":"2005-11-24T21:09:51+00:00","commit":"56b394e937a4656e772b42cb5154aa044afc5b94","author":"Brad Miller","summary":"Provide a build.xml template, for a project with a src and build directory.  Default targets are provided for init, clean, build, and run"},{"body":"git-svn-id: http://svn.textmate.org/trunk/Bundles/Java.tmbundle@2281 dfb7d73b-c2ec-0310-8fea-fb051d288c6d","date":"2005-11-24T18:55:59+00:00","commit":"653d473df5a8bcfe227fa4493a689e0ddbb9da40","author":"Brad Miller","summary":"Modify ant command to check TM_JAVA_HOME to make it easy to configure your environment to use Java5.  Defaults to the system JAVA_HOME if TM_JAVA_HOME is not set."},{"body":"git-svn-id: http://svn.textmate.org/trunk/Bundles/Java.tmbundle@2256 dfb7d73b-c2ec-0310-8fea-fb051d288c6d","date":"2005-11-24T03:20:24+00:00","commit":"0879ab5f97c7910bb7b4429e703d0827edb9b4ed","author":"Allan Odgaard","summary":"Partial cleanup (I dare not remove too much here, but I'd like to remove/improve lots of the snippets) I removed the fileTypes array from Soryu's Java language grammar, so that it's always the stock one that gets chosen by default -- what is the status on the two grammars? I removed several of the “Find j-*” commands. It seems like cmd-E (copy selection to the find clipboard), shift-cmd-F (Find in Project), and return, would amount to almost the same."},{"body":"git-svn-id: http://svn.textmate.org/trunk/Bundles/Java.tmbundle@2179 dfb7d73b-c2ec-0310-8fea-fb051d288c6d","date":"2005-11-17T23:15:41+00:00","commit":"a27a7aa81a736c1ad6ab4dad4f7248acf6b55b28","author":"Brad Miller","summary":"Three new snippets: 1.  Surround the selected text with try/catch 2.  create public static void main... 3.  System.out.println(..."},{"body":"git-svn-id: http://svn.textmate.org/trunk/Bundles/Java.tmbundle@2135 dfb7d73b-c2ec-0310-8fea-fb051d288c6d","date":"2005-11-13T06:08:16+00:00","commit":"4c47dfd23e9468ffc61ba4fad0c0e3b833492a08","author":"Allan Odgaard","summary":"• entity.name.class is now always included in the symbol list • now there's proper regexp subst. to handle indent/pretty print of method declaration for Java, Python, and Ruby"},{"body":"git-svn-id: http://svn.textmate.org/trunk/Bundles/Java.tmbundle@2114 dfb7d73b-c2ec-0310-8fea-fb051d288c6d","date":"2005-11-09T20:20:21+00:00","commit":"76a9fa64190c904f5124d92981e7d1081b90959f","author":"Brad Miller","summary":"Add catch to the list of  exceptions in the meta.definition.constructor rule. Otherwise in the following example: try {   foo } catch (Exception e) {    bar } catch was classified as as a definition.constructor."},{"body":"git-svn-id: http://svn.textmate.org/trunk/Bundles/Java.tmbundle@2111 dfb7d73b-c2ec-0310-8fea-fb051d288c6d","date":"2005-11-09T18:45:34+00:00","commit":"803d70ad909a0d9d63d6d08bb5e5a62b14293213","author":"Brian Lalor","summary":"fixed captures for a couple of different scopes"},{"body":"git-svn-id: http://svn.textmate.org/trunk/Bundles/Java.tmbundle@2110 dfb7d73b-c2ec-0310-8fea-fb051d288c6d","date":"2005-11-09T18:32:17+00:00","commit":"edb574f148af5477ae6cfe6c49ba984580b22beb","author":"Brian Lalor","summary":"• Added macro for wrapping a selection in an if block • Update bean snippet to require less typing on the part of the user • Various updates to the syntax for correctness.     -- now sets scope properly for classes     -- less greedy (but only slightly) scope for constructors     -- excessively-modified methods, classes and constructors now have scope set properly for all modifiers Thanks to Eridius for the modifier regexp help."},{"body":"git-svn-id: http://svn.textmate.org/trunk/Bundles/Java.tmbundle@2109 dfb7d73b-c2ec-0310-8fea-fb051d288c6d","date":"2005-11-09T15:45:19+00:00","commit":"adddbf1007d448550430d2fa741f5a1a8a2d92b1","author":"Brian Lalor","summary":"fixed overly-greedy constructor pattern.  Will no longer match forever on something like     super(foo);"},{"body":"git-svn-id: http://svn.textmate.org/trunk/Bundles/Java.tmbundle@2108 dfb7d73b-c2ec-0310-8fea-fb051d288c6d","date":"2005-11-09T15:25:29+00:00","commit":"a06422bf153320d77e057f868a6fe75dd75b6aa1","author":"Brian Lalor","summary":"• fixed Hibernate template to use properly nested XML • Implemented capture of method and constructor names for use in symbol pop-up"},{"body":"git-svn-id: http://svn.textmate.org/trunk/Bundles/Java.tmbundle@2107 dfb7d73b-c2ec-0310-8fea-fb051d288c6d","date":"2005-11-08T21:47:33+00:00","commit":"a0e0a52472758dc693bae74ea442862b7b582711","author":"Brian Lalor","summary":"• Added Hibernate template • modified templatize script and other templates; just \"package\" vs. \"project\", I think... • minor tweaks to the Java syntax, with some input from Soryu."},{"body":"git-svn-id: http://svn.textmate.org/trunk/Bundles/Java.tmbundle@2106 dfb7d73b-c2ec-0310-8fea-fb051d288c6d","date":"2005-11-08T19:29:00+00:00","commit":"9b7386fc90e3bbe37db7d34cea2d8f4fbe25d9b0","author":"Brian Lalor","summary":"re-adding Java.plist from revision 2088"},{"body":"git-svn-id: http://svn.textmate.org/trunk/Bundles/Java.tmbundle@2105 dfb7d73b-c2ec-0310-8fea-fb051d288c6d","date":"2005-11-08T19:24:06+00:00","commit":"4fbef00397fa592b81d8a5fd5517d2e12d373fb3","author":"Brian Lalor","summary":"moved Soryu's modified Java syntax to a new file, so that we can work on merging the two while I still use the original."},{"body":"git-svn-id: http://svn.textmate.org/trunk/Bundles/Java.tmbundle@2089 dfb7d73b-c2ec-0310-8fea-fb051d288c6d","date":"2005-11-04T14:42:20+00:00","commit":"38308646d024d2be1a9b02cf8ba3d9c6dd8d8576","author":"Allan Odgaard","summary":"• new and improved Java language grammar by Soryu"},{"body":"git-svn-id: http://svn.textmate.org/trunk/Bundles/Java.tmbundle@2014 dfb7d73b-c2ec-0310-8fea-fb051d288c6d","date":"2005-10-26T02:40:58+00:00","commit":"22df15f152f3d08ff48cc7ef4f3cd6c3d8390607","author":"Allan Odgaard","summary":"• added a file-exists check and outputs error if the file is not there (I didn't have it)"},{"body":"git-svn-id: http://svn.textmate.org/trunk/Bundles/Java.tmbundle@2011 dfb7d73b-c2ec-0310-8fea-fb051d288c6d","date":"2005-10-26T02:14:45+00:00","commit":"e3ce12908959217b33618e5fea1566fd1837ffea","author":"Brad Miller","summary":"A simple command to bring up a local copy of the Javadoc in TextMate's HTML window. Right now it uses the doc installed in CurrentJDK, but this can be modified by setting the environment variable TM_JAVADOC (Useful if you have both Java 1.4 and 5 installed).  The command is bound to F3 in the source.java scope. I miss Textmate when I try to do Java coding in Idea or netbeans, so I'd like to improve on this to bring up javadoc for the selected word.  This seems like a challenge.  It would probably be easy to construct links to likely candidates, if someone knows of a pre-existing script to do something like this let me know.  What other Java IDE features would people like to see?"},{"body":"git-svn-id: http://svn.textmate.org/trunk/Bundles/Java.tmbundle@1996 dfb7d73b-c2ec-0310-8fea-fb051d288c6d","date":"2005-10-24T15:02:08+00:00","commit":"ad603ad2ea0a895ac66daaa800e4b5bdde4b295b","author":"Allan Odgaard","summary":"• give ant a scope of source.java, text.xml (does other need it?) • title case compile &amp; run"},{"body":"git-svn-id: http://svn.textmate.org/trunk/Bundles/Java.tmbundle@1541 dfb7d73b-c2ec-0310-8fea-fb051d288c6d","date":"2005-08-13T17:07:30+00:00","commit":"9b472ceb1349e96dd65ec759e5573303c12f9c67","author":"Allan Odgaard","summary":"• changed this|super from variable.other to variable,language"},{"body":"git-svn-id: http://svn.textmate.org/trunk/Bundles/Java.tmbundle@1408 dfb7d73b-c2ec-0310-8fea-fb051d288c6d","date":"2005-08-02T17:22:37+00:00","commit":"fa51d7701a08da9668da63a6616c1539b66657a2","author":"Allan Odgaard","summary":"• removed shift-cmd-B as key equivalent, since this is used for Select Block"},{"body":"Themes haven't been updated to this yet, so you may want to wait doing svn up until everything is updated.\n\nFeel free to make corrections -- most important thing is, things that should be styled equally, should share top-name, things which shouldn't be styled equally, should not share top name. So a language should not have half a dozen keyword sub-groups but instead have storage.*, variable.*, support.*, and keyword.*.\n\ngit-svn-id: http://svn.textmate.org/trunk/Bundles/Java.tmbundle@1176 dfb7d73b-c2ec-0310-8fea-fb051d288c6d","date":"2005-06-11T00:32:32+00:00","commit":"39b477b013255b61e589bf6af0dc7598c6176e74","author":"Allan Odgaard","summary":"First set of files updated to latest naming trend."},{"body":"git-svn-id: http://svn.textmate.org/trunk/Bundles/Java.tmbundle@1165 dfb7d73b-c2ec-0310-8fea-fb051d288c6d","date":"2005-06-07T20:36:37+00:00","commit":"f1412aa668f7303e8d1befa33c4db774eb4f6f92","author":"Brian Lalor","summary":"*wow* have these been kicking around for a long time... • better HTMLization of ant output; no longer buffers the entire result   before filtering it • (slightly) prettier HTML output via ant.css • Made Java syntax more themes-compliant • preliminary (and commented-out) work on providing symbols in Java files"},{"body":"git-svn-id: http://svn.textmate.org/trunk/Bundles/Java.tmbundle@1074 dfb7d73b-c2ec-0310-8fea-fb051d288c6d","date":"2005-05-26T05:46:27+00:00","commit":"a8c61255f9139a2d30b73d7a1798c7aeb03da59f","author":"Allan Odgaard","summary":"• Fixed potential zero width match in constant.number pattern"},{"body":"The latter should probably be removed, but for people new to Java (thus just experimenting), this behavior is probably preferable.\n\n\n\ngit-svn-id: http://svn.textmate.org/trunk/Bundles/Java.tmbundle@1047 dfb7d73b-c2ec-0310-8fea-fb051d288c6d","date":"2005-05-21T21:47:21+00:00","commit":"69e81b0442c425efe7bd7f5f72c20f495474d66b","author":"Allan Odgaard","summary":"Someone needed to compile &amp; run files, and while I'm sure everyone doing Java for real work has a complex system of XML files and Java classes participating in the build process, here's a simple version which runs javac on current file, shows clickable errors in the HTML output, and runs the resulting class file if there were no errors."},{"body":"git-svn-id: http://svn.textmate.org/trunk/Bundles/Java.tmbundle@995 dfb7d73b-c2ec-0310-8fea-fb051d288c6d","date":"2005-05-20T19:06:12+00:00","commit":"73c74f1a71d8a221450a387d006e9a4643046c8a","author":"Allan Odgaard","summary":"Changed all line comments to be named (if it made sense) like this:  comment.line.double-slash  comment.line.double-dash  comment.line.number-sign  comment.line.percentage"},{"body":"git-svn-id: http://svn.textmate.org/trunk/Bundles/Java.tmbundle@916 dfb7d73b-c2ec-0310-8fea-fb051d288c6d","date":"2005-05-15T02:18:40+00:00","commit":"b49650d61b030c51e47b85ca61534ac11e56017a","author":"Allan Odgaard","summary":"Changed all uses of \\&lt; and \\> to \\b. Beta 9 uses oniguruma as regular expression library and doesn't have the former. Other than that, and lack of conditions (?(n)&lt;true>:&lt;false>) (and different syntax for (?R)) then there shouldn't be any compatibility problems. On the positive side, oniguruma has recursive sub-groups, look-behind, is faster, and gives proper error codes for bad regular expressions!"},{"body":"git-svn-id: http://svn.textmate.org/trunk/Bundles/Java.tmbundle@835 dfb7d73b-c2ec-0310-8fea-fb051d288c6d","date":"2005-05-04T01:18:00+00:00","commit":"575c5f23ac336eea4a2474863b3d36cfd243ca35","author":"Allan Odgaard","summary":"Minor changes made to rule names."},{"body":"Java:\n• Added scope to the most snippets, because it didn't happen till now.\n\nNOTE: The most snippets are prefixed with a j, I didn't changed this to not break any coding habbits, but i wanted to note that thits could be changed now because wo have scopes.\n\nQuake:\n• Just some basic ready making for some upcoming stuff. :)\n\nRuby:\n• Simplified the syntax checker.\n• Removed the scope from 'Execute Line with Ruby' and 'Start up IRB' because this is stuff, I usually use from every scope and want to do this futher.\n• Reworked the declaration.function pattern to catch all possible method names and also to include source.ruby in the arguments to color numbers and regex, etc corretly.  This just has 2 problems:\na) Cant find function-arguments, because i dont know how to name whats between begin and end\nb) if you enter a ) in the arguments the match gets aborted to early, one could prewent this with a recursive swallow, but this doesn't perform very well on my machine so I left it to now slow down everything.\n\nSubversion:\n• Imported a basic Revert, more to come in the next days.\n\n\n\ngit-svn-id: http://svn.textmate.org/trunk/Bundles/Java.tmbundle@763 dfb7d73b-c2ec-0310-8fea-fb051d288c6d","date":"2005-04-27T18:07:13+00:00","commit":"3f56681744166db6de2e4e192c65b71e79626cff","author":"Torsten Becker","summary":"Rails: • Added source.ruby.rails scope the the snippets were it made sense. • Removed a duplicated snippet. (logging) • Changed the names of the Rails methods to keyword.function.rails.*.ruby instead of keyword.function.(actionpack|activerecord).rails.ruby"},{"body":"git-svn-id: http://svn.textmate.org/trunk/Bundles/Java.tmbundle@728 dfb7d73b-c2ec-0310-8fea-fb051d288c6d","date":"2005-04-25T21:26:17+00:00","commit":"476342cba75346e9958e95fd1c035b101ac720e3","author":"Brian Lalor","summary":"• update Java and XML bundles to take advantage of new syntax/scope system • added theme settings for same"},{"body":"git-svn-id: http://svn.textmate.org/trunk/Bundles/Java.tmbundle@649 dfb7d73b-c2ec-0310-8fea-fb051d288c6d","date":"2005-04-22T08:47:20+00:00","commit":"bd83717b91de5aada70d6de62e3d95e17a1e9955","author":"Allan Odgaard","summary":"Changed all names to singular form."},{"body":"git-svn-id: http://svn.textmate.org/trunk/Bundles/Java.tmbundle@622 dfb7d73b-c2ec-0310-8fea-fb051d288c6d","date":"2005-04-21T07:41:17+00:00","commit":"6764f2fbbb57808b459532723b3b1aa3021ef6c3","author":"Allan Odgaard","summary":"Moved all bundles. I'm not sure what happens if you do “svn up” and you have modified stuff inside one of the bundles."},{"body":"git-svn-id: http://svn.textmate.org/trunk/Java.tmbundle@612 dfb7d73b-c2ec-0310-8fea-fb051d288c6d","date":"2005-04-21T07:08:56+00:00","commit":"d195eed5db219eef86b2e3ddaae0948f3c5aaab3","author":"Allan Odgaard","summary":"• Added scopeName key to all languages. Most of them as source.&lt;filename>. • Added a language for plain text files, currently just markups bullet points (so I can continue these on 'enter' using a scoped snippet). • Added a new “firstLineMatch” key to Perl, Ruby, and Shell languages. • The C/Objective-C languages use the scopeName in their include directives, this doesn't work for beta 5. • Ruby now includes “source.ruby” when using #{ ... } in strings. • Added capture names to a few languages (objective-c methods, though it's not very consistant, we'll need to discuss how to split up functions and name the various parts). • Removed plist filetype from XML, assuming that people loading a plist into a text editor would generally use the old-style format."},{"body":"git-svn-id: http://svn.textmate.org/trunk/Java.tmbundle@238 dfb7d73b-c2ec-0310-8fea-fb051d288c6d","date":"2005-02-11T13:32:47+00:00","commit":"6140dd4bf3ee8d3f05e1cb254bf5fb08dc778bc3","author":"Brian Lalor","summary":"• added command to HTMLify ant output; needs to be improved to not buffer   entire output before regurgitating. • updated bean snippet to be a little more friendly • modified JCL field to be \"log\" instead of \"logger\" • renamed java syntax to \"Java\""},{"body":"git-svn-id: http://svn.textmate.org/trunk/Java.tmbundle@174 dfb7d73b-c2ec-0310-8fea-fb051d288c6d","date":"2005-02-01T14:07:27+00:00","commit":"d5fb16a4046abb10bfb5d621b6a18573fb42c300","author":"Brian Lalor","summary":"reworked syntax highlighting in Java bundle, primarily to get the full complement of reserved words.  I'm not done with the colors, but I wanted to get these changes in..."},{"body":"git-svn-id: http://svn.textmate.org/trunk/Java.tmbundle@131 dfb7d73b-c2ec-0310-8fea-fb051d288c6d","date":"2005-01-24T20:41:15+00:00","commit":"bdafe14a512e5f4351d9ec7e893beeee953b5565","author":"Allan Odgaard","summary":"Removed key equiv. from method snippet."},{"body":"git-svn-id: http://svn.textmate.org/trunk/Java.tmbundle@123 dfb7d73b-c2ec-0310-8fea-fb051d288c6d","date":"2005-01-24T12:25:01+00:00","commit":"ba9bdcf0bcfb302f774d590e054d40ef013f1485","author":"Allan Odgaard","summary":"Added as lowercase."},{"body":"git-svn-id: http://svn.textmate.org/trunk/Java.tmbundle@121 dfb7d73b-c2ec-0310-8fea-fb051d288c6d","date":"2005-01-24T12:19:58+00:00","commit":"354385fdb69a1a8ca4dfb4a089117ea7aab01459","author":"Allan Odgaard","summary":"Adding them in lowercase."},{"body":"git-svn-id: http://svn.textmate.org/trunk/Java.tmbundle@110 dfb7d73b-c2ec-0310-8fea-fb051d288c6d","date":"2005-01-21T01:21:47+00:00","commit":"378a376a60fdb661c8ca4bd68ccbff0af49aee3f","author":"Brian Lalor","summary":"removed crumbs from previous template cleanup."},{"body":"git-svn-id: http://svn.textmate.org/trunk/Java.tmbundle@108 dfb7d73b-c2ec-0310-8fea-fb051d288c6d","date":"2005-01-20T22:10:41+00:00","commit":"bb2c9e2f5c4809c066657955250ce90092660651","author":"Chris Thomas","summary":"Missed the JavaDoc keywords. To align this with the other languages with embedded docs, the syntax can now distinguish between normal and JavaDoc comments. Brian, you may want to review this."},{"body":"git-svn-id: http://svn.textmate.org/trunk/Java.tmbundle@105 dfb7d73b-c2ec-0310-8fea-fb051d288c6d","date":"2005-01-20T20:01:52+00:00","commit":"43f3a246e4eefca7a0858cbe4618a0257de7a3f1","author":"Allan Odgaard","summary":"Added UUID to all syntaxes."},{"body":"git-svn-id: http://svn.textmate.org/trunk/Java.tmbundle@98 dfb7d73b-c2ec-0310-8fea-fb051d288c6d","date":"2005-01-20T05:56:45+00:00","commit":"c756acc7355f38a0f3fa1c5987a0a5726f146bd2","author":"Chris Thomas","summary":"Update everything else (except, I think the Invisibles bundle) to the new naming scheme. This completes your journey through the haunted mansion; flash photography is now permitted. The classifications probably need some additional refinement, but it should now be possible to automate most color and style changes."},{"body":"git-svn-id: http://svn.textmate.org/trunk/Java.tmbundle@70 dfb7d73b-c2ec-0310-8fea-fb051d288c6d","date":"2005-01-09T10:36:22+00:00","commit":"b4e7f3f1df87a4665ed1bfe5d64dfd7dc1f44f5b","author":"Allan Odgaard","summary":"Added UUID to each bundle."},{"body":"git-svn-id: http://svn.textmate.org/trunk/Java.tmbundle@61 dfb7d73b-c2ec-0310-8fea-fb051d288c6d","date":"2005-01-05T12:44:27+00:00","commit":"da41f4c1dbbccb861635b037d22329d480e26e61","author":"Allan Odgaard","summary":"Each macro, snippet, and command now has a UUID. Also removed the bundlePath property in those items which had one."},{"body":"git-svn-id: http://svn.textmate.org/trunk/Java.tmbundle@56 dfb7d73b-c2ec-0310-8fea-fb051d288c6d","date":"2005-01-04T13:32:35+00:00","commit":"d8e2e6afc5f04038c99be6d58a9f2212e58b1426","author":"Brian Lalor","summary":"updated Java template script to properly generate package name."},{"body":"git-svn-id: http://svn.textmate.org/trunk/Java.tmbundle@55 dfb7d73b-c2ec-0310-8fea-fb051d288c6d","date":"2005-01-02T14:36:58+00:00","commit":"0d994befe568b0e5e687417e08acae3493b9c7ef","author":"Brian Lalor","summary":"updated Java bundle with snippets, commands and ideas from lang@langriley.com."},{"body":"git-svn-id: http://svn.textmate.org/trunk/Java.tmbundle@54 dfb7d73b-c2ec-0310-8fea-fb051d288c6d","date":"2005-01-02T14:22:03+00:00","commit":"acd407b90f8d69ea98892495409e8a8cf1a1ebc3","author":"Brian Lalor","summary":"fixed up templates to work properly with their new directory structure."},{"body":"git-svn-id: http://svn.textmate.org/trunk/Java.tmbundle@53 dfb7d73b-c2ec-0310-8fea-fb051d288c6d","date":"2005-01-02T14:10:08+00:00","commit":"88b5ad7be6185206be335a91340cc33bfb95c224","author":"Brian Lalor","summary":"Added \"Java Interface\" template and renamed \"Java Source\" to \"Java Class\"."},{"body":"git-svn-id: http://svn.textmate.org/trunk/Java.tmbundle@52 dfb7d73b-c2ec-0310-8fea-fb051d288c6d","date":"2005-01-02T14:07:24+00:00","commit":"09ddf7114396c4facae54ef20a39c068a1d000fa","author":"Brian Lalor","summary":"reorganizing Java Source template"},{"body":"git-svn-id: http://svn.textmate.org/trunk/Java.tmbundle@51 dfb7d73b-c2ec-0310-8fea-fb051d288c6d","date":"2005-01-02T14:04:18+00:00","commit":"46c708c6ca0404e0d5ca724b3b94021911e5257d","author":"Brian Lalor","summary":"renamed java-insert.java to class-insert.java"},{"body":"git-svn-id: http://svn.textmate.org/trunk/Java.tmbundle@50 dfb7d73b-c2ec-0310-8fea-fb051d288c6d","date":"2005-01-02T13:32:20+00:00","commit":"7eaebe51fd63594f56aa68e36d751cf2e9979eed","author":"Brian Lalor","summary":"made snippets mode-restricted"},{"body":"git-svn-id: http://svn.textmate.org/trunk/Java.tmbundle@49 dfb7d73b-c2ec-0310-8fea-fb051d288c6d","date":"2005-01-02T02:43:42+00:00","commit":"28e30d905bfa792d43b83fdafaf6092991db1bce","author":"Brian Lalor","summary":"misc. updates to Java and XML bundles."},{"body":"git-svn-id: http://svn.textmate.org/trunk/Java.tmbundle@48 dfb7d73b-c2ec-0310-8fea-fb051d288c6d","date":"2004-12-09T14:57:38+00:00","commit":"963a7b98a89e8d78ff05a9fb06fbefc0f6a4f776","author":"Brian Lalor","summary":"added keywords to identify files"},{"body":"git-svn-id: http://svn.textmate.org/trunk/Java.tmbundle@47 dfb7d73b-c2ec-0310-8fea-fb051d288c6d","date":"2004-12-08T20:18:37+00:00","commit":"5e669f78909506e7d1e911805278c72f4fac54da","author":"Brian Lalor","summary":"updated XML bundle for proper folding and indenting, and tweaked colors slightly"},{"body":"git-svn-id: http://svn.textmate.org/trunk/Java.tmbundle@46 dfb7d73b-c2ec-0310-8fea-fb051d288c6d","date":"2004-12-01T22:22:23+00:00","commit":"0d3e3e58a0c23f0bea25455ec5bd1ddb866b8e5f","author":"Brian Lalor","summary":"moved highlighting of whitespace into its own bundle"},{"body":"git-svn-id: http://svn.textmate.org/trunk/Java.tmbundle@44 dfb7d73b-c2ec-0310-8fea-fb051d288c6d","date":"2004-12-01T14:20:22+00:00","commit":"55f8edaf26b11b59043f72e0e52256b2852c78bf","author":"Brian Lalor","summary":"* cleaned up the XML syntax file, providing support for JSP syntax (by   embedding the Java Source syntax), fixing the increaseIndentPattern,   adding &lt;> as highlight pairs, and highlighting trailing spaces and   evil tabs. * added test files for xml and properties syntaxes * added highlighting for trailing spaces and evil tabs to java source   syntax * removed support for JSP from HTML bundle"},{"body":"git-svn-id: http://svn.textmate.org/trunk/Java.tmbundle@43 dfb7d73b-c2ec-0310-8fea-fb051d288c6d","date":"2004-12-01T00:47:55+00:00","commit":"5739f8f8da936d5f12bb995ddabce51a361dff19","author":"Brian Lalor","summary":"added README files for the various bundles"},{"body":"git-svn-id: http://svn.textmate.org/trunk/Java.tmbundle@42 dfb7d73b-c2ec-0310-8fea-fb051d288c6d","date":"2004-11-30T23:48:52+00:00","commit":"dae02a74eccbf801a176cb0247304eb2b22d478a","author":"Brian Lalor","summary":"re-importing from bunsen"}],"web":"https://github.com/textmate/java.tmbundle/commit/"}