{"id":"support@lastpass.com","version":"3.0.8","type":"extension","internalName":null,"updateURL":"https://lastpass.com/upgrade.php?getrdf=1&version=%ITEM_VERSION%","updateKey":null,"optionsURL":"chrome://lastpass/content/prefs.xul","optionsType":null,"aboutURL":null,"iconURL":"chrome://lastpass/skin/icon_big.gif","icon64URL":null,"unpack":true,"strictCompatibility":false,"bootstrap":false,"defaultLocale":{"name":"LastPass","description":"Last Password you will ever need","creator":"LastPass Dev Team","homepageURL":"http://lastpass.com/","developers":[],"translators":[],"contributors":[]},"locales":[],"targetApplications":[{"id":"{ec8030f7-c20a-464f-9b0e-13a3a9e97384}","minVersion":"2.0","maxVersion":"99999998.0"},{"id":"{aa3c5121-dab2-40e2-81ca-7ea25febc110}","minVersion":"10.0a1","maxVersion":"99999998.0"},{"id":"{a23983c0-fd0e-11dc-95ff-0800200c9a66}","minVersion":"0.7","maxVersion":"99999998.0"},{"id":"{92650c4d-4b8e-4d2a-b7eb-24ecf4f6b63a}","minVersion":"1.1a","maxVersion":"9999999.25"},{"id":"songbird@songbirdnest.com","minVersion":"1.0.0","maxVersion":"9999999.3.0a"},{"id":"{a463f10c-3994-11da-9945-000d60ca027b}","minVersion":"0.7","maxVersion":"9999999.6.*"},{"id":"prism@developer.mozilla.org","minVersion":"0.8","maxVersion":"9999999.0.0.*"},{"id":"{aa5ca914-c309-495d-91cf-3141bbb04115}","minVersion":"0.2","maxVersion":"9999999.1.*"},{"id":"dlm@emusic.com","minVersion":"1.0a4","maxVersion":"9999999.0.0.*"},{"id":"toolkit@mozilla.org","minVersion":"1.9a2","maxVersion":"9999999.9.6"}],"targetPlatforms":[],"userDisabled":false,"softDisabled":false,"applyBackgroundUpdates":1,"syncGUID":"XQ5VapyHNzmV","size":6426539,"hasBinaryComponents":false,"appDisabled":false,"sourceURI":"https://lastpass.com/lp.php","releaseNotesURI":"http://lastpass.com/upgrade.php?updateInfoURL=1","compatibilityOverrides":null,"updateDate":1384188713646,"existingAddonID":"support@lastpass.com","installDate":1383594678000,"active":false,"visible":false,"foreignInstall":false}