{"web":"https://github.com/textmate/TextMate-Tomorrow-Theme.git/commit/","commits":[{"summary":"Add semanticClass to theme.","body":"","author":"Michael Sheets","date":"2012-09-11T02:11:40-05:00","commit":"63466a8229ed8032695ac5fdd7bb939bfce1f184"},{"summary":"modified readme to show the theme names in a table","body":"","author":"tbates","date":"2012-01-07T15:06:11-07:00","commit":"e467bc0ba6966a33c891254ce831a7ac33840b70"},{"summary":"Convert to bundle format.","body":"","author":"Michael Sheets","date":"2011-11-13T17:22:50-06:00","commit":"f9e52bb75069f4e8f33a3efa9f6de16882538587"},{"summary":"Initial Commit","body":"New repository for TextMate submodule.","author":"Chris Kempson","date":"2011-11-13T10:16:50+00:00","commit":"d89f6f5c55b10443fc54d5918b1ea4d9d12f2290"}],"name":"Tomorrow"}