{"web":"https://github.com/textmate/make.tmbundle/commit/","name":"Make","commits":[{"body":"We now search from current file’s directory and up to the project directory, if TM_MAKE_FILE is unset, and there is no Makefile in the project folder.\n\nAlso show better error when no Makefile is found.","date":"2013-08-10T00:44:51+02:00","author":"Allan Odgaard","commit":"e8f21c25d3e012be2a5acb2f0c8d1a410f61f7ef","summary":"Do a better job at locating Makefile"},{"body":"Due to a recent change in TextMate.executor it would always change the working directory to the project directory, which would fail if TM_MAKE_FILE was set to build/Makefile (and that file used relative paths).","date":"2013-07-04T13:35:57+02:00","author":"Allan Odgaard","commit":"adb5c416a3199f716badf9d34ceef90aa8de27df","summary":"Fix working directory when calling make"},{"body":"Closes #4.","date":"2013-03-08T10:29:21+01:00","author":"Allan Odgaard","commit":"6c4bfa5cd39c17050503e79cae60dd21f208d0a6","summary":"Show tool tip when Build Target… can’t find any phony targets"},{"body":"We now show the line as it appeared in the original output, except shortening the path. Only the leading file component of the line is a link and its tooltip show the full path (but not potential line and column info, as that should now be in the visible output).","date":"2013-01-13T02:44:15+01:00","author":"Allan Odgaard","commit":"9f10c2c40ff8f8a88d8af6a3478776e3d6ef749a","summary":"Change how we format warnings/errors"},{"body":"We now also use the ‘:noun’ parameter with TextMate.executor instead of overwriting TM_DISPLAYNAME.","date":"2013-01-13T02:43:12+01:00","author":"Allan Odgaard","commit":"9a2f0efbfc90485b1730481b8d749f9f9b1f7482","summary":"Simplify make script setup"},{"body":"","date":"2012-09-15T05:43:26-05:00","author":"Michael Sheets","commit":"73356c8730d1edd65c8e01e1a76a5be0926f2193","summary":"Improve indentation preferences."},{"body":"","date":"2012-09-08T02:01:51-05:00","author":"Michael Sheets","commit":"46832ea16892c2560998a51aaf2e4d47b09b40f1","summary":"Add initial semantic classes."},{"body":"","date":"2012-08-23T01:51:04-07:00","author":"Adam Lickel","commit":"6fa60e3d3514ec2ff3e23c0ce1babf3b01d7e330","summary":"Make: Support SMCS (C#) compiler errors"},{"body":"","date":"2012-08-23T01:38:56-07:00","author":"Adam Lickel","commit":"7df29b02620f8126aca4e1e74b9e57608927c817","summary":"Make: move txmt: links into a method"},{"body":"This lets us have consistent variables and regex handling.\nIt also makes it very easy to add new commands (see: Build vs Run).","date":"2012-08-23T01:26:15-07:00","author":"Adam Lickel","commit":"f909b3ad0bdcaff07f205c30cc05b0ffc99d1c43","summary":"Make: Encapsulate make commands into /lib/make.rb"},{"body":"Previously, it would only work for ./Makefile","date":"2012-02-23T17:31:17-08:00","author":"Adam Lickel","commit":"284ce768a69471baaca2b911261111f439fa6a06","summary":"Fix build target for any makefile"},{"body":"","date":"2011-11-13T02:55:53-06:00","author":"Michael Sheets","commit":"a6882e5db79ab1d847d679f18cc850e852594683","summary":"Improve comment.line match."},{"body":"","date":"2011-11-12T00:13:41-06:00","author":"Michael Sheets","commit":"f8f9e87e1ccc99a7129ffe888ec73253905b9557","summary":"Add meta.embedded scopes."},{"body":"","date":"2011-11-11T23:55:48-06:00","author":"Michael Sheets","commit":"cd2dc54259a25dcccab75bdf190e3c596989bb21","summary":"Move folding settings."},{"body":"","date":"2011-11-11T23:51:30-06:00","author":"Michael Sheets","commit":"9ba9c64d24c2f502c5eb2880c055067fcd58ebc8","summary":"Add readme."},{"body":"- Reordered file extensions\n- Added folding markers","date":"2011-09-24T01:05:38-05:00","author":"Michael Sheets","commit":"52955e1b372165a72d67180f2dc5d0b2918651cd","summary":"Rewritten grammar."},{"body":"","date":"2011-07-01T16:53:26+02:00","author":"Allan Odgaard","commit":"7d411ddd64d7d55df8512467e2984965b5fc2363","summary":"Extract optional column info from Makefile output."},{"body":"","date":"2011-04-01T12:18:05-04:00","author":"Zach Riggle","commit":"f21be09240006534c4b2a323a4ec9feffbdae1d3","summary":"Added += operator to highlighting"},{"body":"The argument to make is the target we want to build and should not affect which interpreter is used.","date":"2011-01-24T00:04:56+01:00","author":"Allan Odgaard","commit":"ef31b5c8c09154515d927f666b2a1c6b0f5e277d","summary":"Disable shebang check."},{"body":"This is to allow using a newer version of make.\n\nAdditionally the patterns matching make output will now accept ‘gmake:’ as alternative to ‘make:’ as line prefix.","date":"2010-11-11T10:54:57+01:00","author":"Allan Odgaard","commit":"3139199b7efc9e21d357ce4a5239cd197376b296","summary":"Use TM_MAKE instead of ‘make’ (when set)."},{"body":"Also match \\\\ so that sequences like \\\\` are handled properly.","date":"2010-05-05T11:49:53+02:00","author":"Allan Odgaard","commit":"9f6f8970ae7a40278c51e1b4c0fcb6635280a859","summary":"Give a name to maching of \\`."},{"body":"See http://manual.macromates.com/en/language_grammars#naming_conventions","date":"2010-05-05T11:47:06+02:00","author":"Allan Odgaard","commit":"35fc442531996aefcac4c5a24588f93da8149d46","summary":"Follow naming conventions for scopes."},{"body":"","date":"2009-08-26T15:48:37-07:00","author":"Adam Vandenberg","commit":"b12d14bc42b282d24ffa177ead48c68f4e7d5052","summary":"Add rule for $(VARIABLE) references."},{"body":"A \\` pattern is likely part of a string, and does not signal the start\nof an interpolated shell script.","date":"2009-08-26T15:51:35-07:00","author":"Adam Vandenberg","commit":"ffd02c5fce7b07165502f64f32af55dd449d837d","summary":"Don't capture escaped backtick."},{"body":"For unknown reasons I get all the goals doubled roughly 10-20% of the time when using “Build Target…”. The way we obtain the list is hacky, so I added the unique option rather than debug the issue.","date":"2010-04-11T18:57:46+02:00","author":"Allan Odgaard","commit":"d34ef72f2ae5c2cbf8dfee36a904c185a1bea92d","summary":"Ensure list of goals is unique."},{"body":"","date":"2010-03-12T19:00:43+01:00","author":"Torsten Becker","commit":"816acb7c650b5d4a324a4e12549784a09c204aae","summary":"Minor fix in the Makefile syntax, make actually allows spaces between a rule name and the colon."},{"body":"","date":"2010-02-02T19:12:52-08:00","author":"Alex Ross","commit":"6d6f60deb873088a169b209b69d95c77c7d2b741","summary":"Instead of “ENV[\"key\"].nil? ? \"default\" : ENV[\"key\"]” use the far clearer alternative “ENV[\"key\"] || \"default\"”."},{"body":"","date":"2010-02-02T19:11:21-08:00","author":"Alex Ross","commit":"d7c9c1204eb67b1cfe5df46506833224699e4c01","summary":"Default TM_PROJECT_DIRECTORY to the directory component of TM_FILEPATH."},{"body":"","date":"2009-11-11T16:17:17-08:00","author":"Alex Ross","commit":"83815ab06e38bf950c63c4af04e85c188dcb06fc","summary":"Add a new command “Build Target…” which shows a menu allowing a specific target to be chosen."},{"body":"We already have the pre-run hook set to “Save Project”.\n\n\ngit-svn-id: http://svn.textmate.org/trunk/Bundles/Make.tmbundle@11598 dfb7d73b-c2ec-0310-8fea-fb051d288c6d","date":"2009-06-05T19:43:07+00:00","author":"Allan Odgaard","commit":"c1e1a8883cec2d0f5b1693ac210351c6dca33f35","summary":"• do not save current file via Executor"},{"body":"git-svn-id: http://svn.textmate.org/trunk/Bundles/Make.tmbundle@11506 dfb7d73b-c2ec-0310-8fea-fb051d288c6d","date":"2009-05-03T15:33:33+00:00","author":"Allan Odgaard","commit":"6fc3e6cb605906e961e0ea02b7c5adc4029dc41d","summary":"• rename (display) name of bundle"},{"body":"git-svn-id: http://svn.textmate.org/trunk/Bundles/Make.tmbundle@11504 dfb7d73b-c2ec-0310-8fea-fb051d288c6d","date":"2009-05-01T20:17:06+00:00","author":"Allan Odgaard","commit":"5e8177ea2cea6daf831e2661539617f40eb4dfb9","summary":"• correct r11503 (where bundle was moved to wrong dst.)"},{"body":"The reasoning is not overly convincing, but the bundle is about the ‘make’ tool, where a Makefile can be named differently, and with the bundle named ‘Make’ the variable convention with TM_«bundle»_«whatever» then better fits the actual variables we define in this bundle.\n\n\ngit-svn-id: http://svn.textmate.org/trunk/Make.tmbundle@11503 dfb7d73b-c2ec-0310-8fea-fb051d288c6d","date":"2009-05-01T20:15:17+00:00","author":"Allan Odgaard","commit":"096937db977864e74e9a850497b967908920c088","summary":"• rename ‘Makefile’ bundle to just ‘Make’."},{"body":"git-svn-id: http://svn.textmate.org/trunk/Bundles/Makefile.tmbundle@11502 dfb7d73b-c2ec-0310-8fea-fb051d288c6d","date":"2009-05-01T20:02:13+00:00","author":"Allan Odgaard","commit":"c1e1de57a98c6290021954ff34e8a00c4df2c425","summary":"• change TM_MAKEFILE_MASTER to TM_MAKE_FILE • save modified files in project before building"},{"body":"Patch from Anthony Collins.\n\n\ngit-svn-id: http://svn.textmate.org/trunk/Bundles/Makefile.tmbundle@11500 dfb7d73b-c2ec-0310-8fea-fb051d288c6d","date":"2009-04-30T19:38:56+00:00","author":"Allan Odgaard","commit":"10410c5527a15c6cedeaf69eb3f89af1d6fc31af","summary":"• TM_MAKEFILE_MASTER can be set to change the default Makefile • Relative warning/error lines are now resolved against make’s working directory"},{"body":"git-svn-id: http://svn.textmate.org/trunk/Bundles/Makefile.tmbundle@11498 dfb7d73b-c2ec-0310-8fea-fb051d288c6d","date":"2009-04-29T05:36:08+00:00","author":"Allan Odgaard","commit":"4133b9005e428e3a33d6cceee573cc5fa0ee9d24","summary":"• remove hardcoded path."},{"body":"git-svn-id: http://svn.textmate.org/trunk/Bundles/Makefile.tmbundle@11472 dfb7d73b-c2ec-0310-8fea-fb051d288c6d","date":"2009-04-14T09:40:16+00:00","author":"Allan Odgaard","commit":"f8038c64937b8e0c15571359c44dc73100febc12","summary":"• enable auto-scroll for make output"},{"body":"git-svn-id: http://svn.textmate.org/trunk/Bundles/Makefile.tmbundle@11140 dfb7d73b-c2ec-0310-8fea-fb051d288c6d","date":"2009-01-23T13:28:06+00:00","author":"Allan Odgaard","commit":"36c9e524f565405f3700e677d60ce813323c46a5","summary":"Scope lines that only contain whitespace as ‘invalid.deprecated.opaque-rule-continuation.makefile’."},{"body":"git-svn-id: http://svn.textmate.org/trunk/Bundles/Makefile.tmbundle@10873 dfb7d73b-c2ec-0310-8fea-fb051d288c6d","date":"2008-11-26T00:59:10+00:00","author":"Alex Ross","commit":"139cd4355c76efbbb8840427d8513e73a9174d6c","summary":"Change directory to TM_PROJECT_DIRECTORY when called in the context of a textmate project."},{"body":"git-svn-id: http://svn.textmate.org/trunk/Bundles/Makefile.tmbundle@10871 dfb7d73b-c2ec-0310-8fea-fb051d288c6d","date":"2008-11-26T00:18:28+00:00","author":"Alex Ross","commit":"d661efaba6995213bbf42e3caafc184705080420","summary":"Updating various executor commands to call TextMate::Executor.make_project_master_current_document."},{"body":"git-svn-id: http://svn.textmate.org/trunk/Bundles/Makefile.tmbundle@10764 dfb7d73b-c2ec-0310-8fea-fb051d288c6d","date":"2008-11-03T15:04:00+00:00","author":"Alex Ross","commit":"7e34a5f06b544577a69fbfa907da159950f31ab0","summary":"• Run the “blank” default target when TM_MAKE_TARGET is unset."},{"body":"git-svn-id: http://svn.textmate.org/trunk/Bundles/Makefile.tmbundle@10762 dfb7d73b-c2ec-0310-8fea-fb051d288c6d","date":"2008-11-03T13:58:45+00:00","author":"Alex Ross","commit":"66b46b8c8b9cc3d5e9f6b1385ddcf77b2f30a70c","summary":"[CHANGED] The “Make” bundle's run commmand is now far more general: No longer scope targeted to makefiles, so it can be invoked from any context. The key equivalent is moved to <kbd class='keyEquivalent'>⌘B</kbd>. Set make flags with the environment variable TM_MAKE_FLAGS. Set the target with TM_MAKE_TARGET.  If no such variable exists, the target defaults to the current file."},{"body":"git-svn-id: http://svn.textmate.org/trunk/Bundles/Makefile.tmbundle@8398 dfb7d73b-c2ec-0310-8fea-fb051d288c6d","date":"2007-11-04T00:58:40+00:00","author":"Allan Odgaard","commit":"45e47d2cce34983182c5d354b588de27cab34bd1","summary":"• update my email address (from a throw-away address to something a little more permanent)"},{"body":"git-svn-id: http://svn.textmate.org/trunk/Bundles/Makefile.tmbundle@7072 dfb7d73b-c2ec-0310-8fea-fb051d288c6d","date":"2007-04-28T16:01:53+00:00","author":"David Powers","commit":"575190843169fdac27a0fbf7f3c3407c5a762425","summary":"add function label snippet and add OCamlMakefile to Makefile syntax"},{"body":"contactName:\n   The full name of the contact for this bundle.\ncontactEmailRot13:\n   A ROT13 encoded email address for the bundle contact (we obfuscate it to avoid spammers from picking up the files, seeing how bundles will often be available via anonymous svn over http).\ndescription:\n   A short description for this bundle. Do link to more info about the language (or whatever) the bundle is about. I decided on using HTML for this (but leave out the initial paragraph tag) since it seemed like overkill to run a single line of text through Markdown.pl, just to convert [foo](link) into &lt;a href=\"link\">foo&lt;/a>\n\nMany of the current descriptions could use some improvements, I just wanted to get the ball rolling :)\n\n\ngit-svn-id: http://svn.textmate.org/trunk/Bundles/Makefile.tmbundle@6718 dfb7d73b-c2ec-0310-8fea-fb051d288c6d","date":"2007-03-04T20:11:31+00:00","author":"Allan Odgaard","commit":"1d32c74085e2682b2e6d8c68bc095841e4c0f979","summary":"Add the following keys to the bundle’s info.plist:"},{"body":"git-svn-id: http://svn.textmate.org/trunk/Bundles/Makefile.tmbundle@6303 dfb7d73b-c2ec-0310-8fea-fb051d288c6d","date":"2006-12-06T20:27:28+00:00","author":"Kevin Ballard","commit":"28062f6eb2d999903343bc5169a8b8e1bdd51f52","summary":"Support backtick-escapes in Make"},{"body":"git-svn-id: http://svn.textmate.org/trunk/Bundles/Makefile.tmbundle@5752 dfb7d73b-c2ec-0310-8fea-fb051d288c6d","date":"2006-10-30T01:38:28+00:00","author":"Michael Sheets","commit":"302fb4e563b98bc0b023a69d4c85484bce1d89f5","summary":"• Change constant.character.escape to punctuation.separator.continuation • Add optional newline match to comment.line to improve it's caret scoping."},{"body":"git-svn-id: http://svn.textmate.org/trunk/Bundles/Makefile.tmbundle@5489 dfb7d73b-c2ec-0310-8fea-fb051d288c6d","date":"2006-10-16T11:04:05+00:00","author":"Allan Odgaard","commit":"ecef75b511fbdb226b9889505faa721389254cb9","summary":"• save current file before running the make action • support the ?= operator (patch from Jan Lehnardt)"},{"body":"git-svn-id: http://svn.textmate.org/trunk/Bundles/Makefile.tmbundle@5462 dfb7d73b-c2ec-0310-8fea-fb051d288c6d","date":"2006-10-13T23:30:58+00:00","author":"Allan Odgaard","commit":"437de806758c362fbe0ca203c26ad16c46459e31","summary":"• improve comment rule (comments need not be at the start of a line and can continue on next line if ended with an escape)"},{"body":"git-svn-id: http://svn.textmate.org/trunk/Bundles/Makefile.tmbundle@5457 dfb7d73b-c2ec-0310-8fea-fb051d288c6d","date":"2006-10-13T23:12:27+00:00","author":"Michael Sheets","commit":"99d683ecde87ac466fe6808793572d5335d46cf0","summary":"Adding new punctuation scopes to various rules."},{"body":"git-svn-id: http://svn.textmate.org/trunk/Bundles/Makefile.tmbundle@4921 dfb7d73b-c2ec-0310-8fea-fb051d288c6d","date":"2006-08-24T05:21:42+00:00","author":"Allan Odgaard","commit":"569e06d9888802e117033f873b9f4fbbdf53db4c","summary":"• add ${TM_MAKE_FLAGS} as argument to make • update command to use the new webpreview.sh header/footer commands"},{"body":"git-svn-id: http://svn.textmate.org/trunk/Bundles/Makefile.tmbundle@4115 dfb7d73b-c2ec-0310-8fea-fb051d288c6d","date":"2006-07-11T08:55:21+00:00","author":"Michael Sheets","commit":"1ea4c4664c493fca530fdce49645c60e4e24c617","summary":"Change declaration.function.makefile to meta.function.makefile"},{"body":"git-svn-id: http://svn.textmate.org/trunk/Bundles/Makefile.tmbundle@3044 dfb7d73b-c2ec-0310-8fea-fb051d288c6d","date":"2006-04-15T13:46:06+00:00","author":"Allan Odgaard","commit":"11648e73ce9773ea207cde90855efb49e22f3b80","summary":"• when a TM_COMMENT_STOP character is given, the default value of TM_COMMENT_MODE is block (instead of line) • strip all comment preferences to minimal number of variables (by relying on the smart default values)"},{"body":"git-svn-id: http://svn.textmate.org/trunk/Bundles/Makefile.tmbundle@2926 dfb7d73b-c2ec-0310-8fea-fb051d288c6d","date":"2006-04-01T01:59:58+00:00","author":"Allan Odgaard","commit":"73e7816076c62287bb762d8f5f0de342ba0bee93","summary":"• use the new error parser (ruby) function and send output to the HTML window"},{"body":"git-svn-id: http://svn.textmate.org/trunk/Bundles/Makefile.tmbundle@2697 dfb7d73b-c2ec-0310-8fea-fb051d288c6d","date":"2006-02-13T22:27:48+00:00","author":"David Powers","commit":"9b48c87fbc368c4a6ccebd4779a016e50c4c5523","summary":"Add a basic run command for Makefiles"},{"body":"git-svn-id: http://svn.textmate.org/trunk/Bundles/Makefile.tmbundle@2058 dfb7d73b-c2ec-0310-8fea-fb051d288c6d","date":"2005-11-02T00:26:54+00:00","author":"Allan Odgaard","commit":"a80c7c5a3bf5207dad8b13543bdae8b3d473140d","summary":"• remove tabSize + softTab settings (since next build remembers this per scope)"},{"body":"git-svn-id: http://svn.textmate.org/trunk/Bundles/Makefile.tmbundle@1710 dfb7d73b-c2ec-0310-8fea-fb051d288c6d","date":"2005-09-07T16:01:55+00:00","author":"Allan Odgaard","commit":"5d35e24579752f3122bc0ada93f54640aecac8e4","summary":"• fixed broken regexp pattern"},{"body":"git-svn-id: http://svn.textmate.org/trunk/Bundles/Makefile.tmbundle@1706 dfb7d73b-c2ec-0310-8fea-fb051d288c6d","date":"2005-09-07T15:47:17+00:00","author":"Allan Odgaard","commit":"5c3d1035f80fc521060fc700c61f6528268fe4f4","summary":"• add comment character definition • increase indent after action names (or whatever they are called)"},{"body":"git-svn-id: http://svn.textmate.org/trunk/Bundles/Makefile.tmbundle@1332 dfb7d73b-c2ec-0310-8fea-fb051d288c6d","date":"2005-07-14T00:47:09+00:00","author":"Allan Odgaard","commit":"1f49d5cdca2bfda59bb5c6de3fbed7af6fec86f4","summary":"• most of this was previously set in the theme editor (these files are ignored in 1.1b14)"},{"body":"git-svn-id: http://svn.textmate.org/trunk/Bundles/Makefile.tmbundle@1321 dfb7d73b-c2ec-0310-8fea-fb051d288c6d","date":"2005-07-11T04:01:57+00:00","author":"Allan Odgaard","commit":"9a42279fd04f0bce10252c4bb366cbbb92c6437f","summary":"• variable declarations now include next line, when a line ends with a back-slash"},{"body":"git-svn-id: http://svn.textmate.org/trunk/Bundles/Makefile.tmbundle@1177 dfb7d73b-c2ec-0310-8fea-fb051d288c6d","date":"2005-06-11T15:25:41+00:00","author":"Allan Odgaard","commit":"039e1846c1a1308d9a1a14201b69b54bed6cb1a6","summary":"More languages updated to new naming scheme."},{"body":"git-svn-id: http://svn.textmate.org/trunk/Bundles/Makefile.tmbundle@995 dfb7d73b-c2ec-0310-8fea-fb051d288c6d","date":"2005-05-20T19:06:12+00:00","author":"Allan Odgaard","commit":"8c777de092b8c441f68fb0080a04f7d437e2fd97","summary":"Changed all line comments to be named (if it made sense) like this:  comment.line.double-slash  comment.line.double-dash  comment.line.number-sign  comment.line.percentage"},{"body":"git-svn-id: http://svn.textmate.org/trunk/Bundles/Makefile.tmbundle@916 dfb7d73b-c2ec-0310-8fea-fb051d288c6d","date":"2005-05-15T02:18:40+00:00","author":"Allan Odgaard","commit":"c04cedc37ce35038f0347f6bb2a6a34f41abe66b","summary":"Changed all uses of \\&lt; and \\> to \\b. Beta 9 uses oniguruma as regular expression library and doesn't have the former. Other than that, and lack of conditions (?(n)&lt;true>:&lt;false>) (and different syntax for (?R)) then there shouldn't be any compatibility problems. On the positive side, oniguruma has recursive sub-groups, look-behind, is faster, and gives proper error codes for bad regular expressions!"},{"body":"git-svn-id: http://svn.textmate.org/trunk/Bundles/Makefile.tmbundle@835 dfb7d73b-c2ec-0310-8fea-fb051d288c6d","date":"2005-05-04T01:18:00+00:00","author":"Allan Odgaard","commit":"71a123229698444165155cb4b666bcf76796d0c1","summary":"Minor changes made to rule names."},{"body":"git-svn-id: http://svn.textmate.org/trunk/Bundles/Makefile.tmbundle@829 dfb7d73b-c2ec-0310-8fea-fb051d288c6d","date":"2005-05-03T22:36:01+00:00","author":"Allan Odgaard","commit":"3f5001cc958abfdca9b2c932f45e35118569b082","summary":"Using the new entity.* hierarchy for functions, classes, and tags."},{"body":"git-svn-id: http://svn.textmate.org/trunk/Bundles/Makefile.tmbundle@699 dfb7d73b-c2ec-0310-8fea-fb051d288c6d","date":"2005-04-24T04:28:51+00:00","author":"Chris Thomas","commit":"30c7e713647036ae07e223ba401362ffdf6a80c1","summary":"First pass beta 6-ing these languages."},{"body":"git-svn-id: http://svn.textmate.org/trunk/Bundles/Makefile.tmbundle@649 dfb7d73b-c2ec-0310-8fea-fb051d288c6d","date":"2005-04-22T08:47:20+00:00","author":"Allan Odgaard","commit":"7054d91ba42cd1090d2f1745dd8621982fd7eb1b","summary":"Changed all names to singular form."},{"body":"git-svn-id: http://svn.textmate.org/trunk/Bundles/Makefile.tmbundle@622 dfb7d73b-c2ec-0310-8fea-fb051d288c6d","date":"2005-04-21T07:41:17+00:00","author":"Allan Odgaard","commit":"d16408d0f004ec26138cb4d7320c68f96bc2de8a","summary":"Moved all bundles. I'm not sure what happens if you do “svn up” and you have modified stuff inside one of the bundles."},{"body":"git-svn-id: http://svn.textmate.org/trunk/Makefile.tmbundle@612 dfb7d73b-c2ec-0310-8fea-fb051d288c6d","date":"2005-04-21T07:08:56+00:00","author":"Allan Odgaard","commit":"60547740024bc58f1c47d9b9d1e1812c2eb98f84","summary":"• Added scopeName key to all languages. Most of them as source.&lt;filename>. • Added a language for plain text files, currently just markups bullet points (so I can continue these on 'enter' using a scoped snippet). • Added a new “firstLineMatch” key to Perl, Ruby, and Shell languages. • The C/Objective-C languages use the scopeName in their include directives, this doesn't work for beta 5. • Ruby now includes “source.ruby” when using #{ ... } in strings. • Added capture names to a few languages (objective-c methods, though it's not very consistant, we'll need to discuss how to split up functions and name the various parts). • Removed plist filetype from XML, assuming that people loading a plist into a text editor would generally use the old-style format."},{"body":"git-svn-id: http://svn.textmate.org/trunk/Makefile.tmbundle@105 dfb7d73b-c2ec-0310-8fea-fb051d288c6d","date":"2005-01-20T20:01:52+00:00","author":"Allan Odgaard","commit":"594354a8cc90068c20e9a8838f1df2ac38e836a6","summary":"Added UUID to all syntaxes."},{"body":"git-svn-id: http://svn.textmate.org/trunk/Makefile.tmbundle@96 dfb7d73b-c2ec-0310-8fea-fb051d288c6d","date":"2005-01-19T18:31:47+00:00","author":"Chris Thomas","commit":"c74b3053f6a522519b155f5dbff8ac70cc1b3b14","summary":"update Makefile and HTML with standardized language element names"},{"body":"git-svn-id: http://svn.textmate.org/trunk/Makefile.tmbundle@70 dfb7d73b-c2ec-0310-8fea-fb051d288c6d","date":"2005-01-09T10:36:22+00:00","author":"Allan Odgaard","commit":"91342028c21661570d9a691665ae65de359408d6","summary":"Added UUID to each bundle."},{"body":"git-svn-id: http://svn.textmate.org/trunk/Makefile.tmbundle@63 dfb7d73b-c2ec-0310-8fea-fb051d288c6d","date":"2005-01-05T13:50:58+00:00","author":"Allan Odgaard","commit":"9f6e0fb84f51c37dd1452ed3867b2620206b2867","summary":"Changed [^\\s] to [^\\t ] in regex, since TM currently doesn't support the former (classes in character groups)."},{"body":"git-svn-id: http://svn.textmate.org/trunk/Makefile.tmbundle@21 dfb7d73b-c2ec-0310-8fea-fb051d288c6d","date":"2005-01-04T02:51:54+00:00","author":"Chris Thomas","commit":"7e67d409cd50d5de58b4b2dd275381b09b1d0879","summary":"Add Objective-C, Fortran, UnixShell, Makefile, PropertyList, Pascal, Ada bundles to the repository."}]}