{"commits":[{"body":"Use the parsed version of the document from TextMate to remove all comment types and exclude all string types from the condensing. Fixes #4.","date":"2013-03-01T01:53:04-06:00","commit":"1e047e07ad45d67ee7e747fae17bee896eef638f","author":"Michael Sheets","summary":"Improve matching of excluded items during condensing"},{"body":"","date":"2012-12-21T19:18:48-06:00","commit":"c978af8f8e8c37758817bca19093d0f856a93abf","author":"Michael Sheets","summary":"Support \"CREATE OR REPLACE\" syntax."},{"body":"","date":"2011-06-27T18:03:00+08:00","commit":"22b10356b9be24742ddc53d5ff1fe329fae09482","author":"Samson Wu","summary":"add some symbol list for SQL file."},{"body":"","date":"2012-09-19T04:37:44-05:00","commit":"2110d288fe160054243673768156b6a17ebab39d","author":"Michael Sheets","summary":"Use TM_APP_IDENTIFIER to find the preference file."},{"body":"","date":"2012-09-10T03:28:04-05:00","commit":"27018287e92d5de5ea4a4582ce497bc7ebd3c055","author":"Michael Sheets","summary":"Add initial semantic classes."},{"body":"","date":"2012-04-25T18:41:41-03:00","commit":"b231f6cea693e74ee22c5e167d8c8061916d1f5d","author":"Lawrence Velázquez","summary":"Add syntax highlighting for DECIMAL type."},{"body":"","date":"2011-11-21T04:28:13-06:00","commit":"a41852414da1359f1885b858da4f8fa4ebcd9f54","author":"Michael Sheets","summary":"Improve comment.line match."},{"body":"","date":"2011-11-21T04:20:23-06:00","commit":"1915a5bf331a13fdd2597b3dfd03ea477aad203e","author":"Michael Sheets","summary":"Move folding settings."},{"body":"","date":"2011-11-21T04:19:39-06:00","commit":"3af2c81d9d6440049283b20fa44932cf6f02ba29","author":"Michael Sheets","summary":"Add readme."},{"body":"git-svn-id: http://svn.textmate.org/trunk/Bundles/SQL.tmbundle@11973 dfb7d73b-c2ec-0310-8fea-fb051d288c6d","date":"2010-11-19T11:29:51+00:00","commit":"899f344779b3a5c540ccad8da55e689841d1d636","author":"Michael Sheets","summary":"Remove usage of TM_RUBY."},{"body":"git-svn-id: http://svn.textmate.org/trunk/Bundles/SQL.tmbundle@11387 dfb7d73b-c2ec-0310-8fea-fb051d288c6d","date":"2009-03-20T14:35:10+00:00","commit":"92ae996286053eb5f376f37b9f96f1f86338b415","author":"Ciarán Walsh","summary":"Sort the list of tables and databases so they are displayed in alphabetical order."},{"body":"git-svn-id: http://svn.textmate.org/trunk/Bundles/SQL.tmbundle@11088 dfb7d73b-c2ec-0310-8fea-fb051d288c6d","date":"2009-01-07T21:55:31+00:00","commit":"3f0c100af5d036c14e3b7e34c56b771042a083e8","author":"Ciarán Walsh","summary":"Highlight JOINs without a join type"},{"body":"git-svn-id: http://svn.textmate.org/trunk/Bundles/SQL.tmbundle@11072 dfb7d73b-c2ec-0310-8fea-fb051d288c6d","date":"2009-01-04T19:27:02+00:00","commit":"6f439d1ee9e46010baf830c81eae3e17413dd02d","author":"James Edward Gray II","summary":"Adding encoding comments to the Bundles directory where needed.  Patch from Dave Thomas."},{"body":"git-svn-id: http://svn.textmate.org/trunk/Bundles/SQL.tmbundle@10979 dfb7d73b-c2ec-0310-8fea-fb051d288c6d","date":"2008-12-06T18:30:09+00:00","commit":"afaa2e6a316d8b401d91a89ff4964ec0f23164f9","author":"Ciarán Walsh","summary":"Handle the error message the native postgre library gives when it needs a password."},{"body":"git-svn-id: http://svn.textmate.org/trunk/Bundles/SQL.tmbundle@10978 dfb7d73b-c2ec-0310-8fea-fb051d288c6d","date":"2008-12-06T18:06:35+00:00","commit":"f32a810ea3ae8b3e0c79e1d674f4664f713d01fa","author":"Ciarán Walsh","summary":"Since we are now invoking ruby directly, we must give the full path to the script files"},{"body":"git-svn-id: http://svn.textmate.org/trunk/Bundles/SQL.tmbundle@10972 dfb7d73b-c2ec-0310-8fea-fb051d288c6d","date":"2008-12-05T14:10:10+00:00","commit":"ac3bc348d8b56c13cf02cd0138c99b667d2c3597","author":"Ciarán Walsh","summary":"Attempt to load the native PostgreSQL driver via gems, and fall back to the bundled pure ruby version if it’s not available."},{"body":"git-svn-id: http://svn.textmate.org/trunk/Bundles/SQL.tmbundle@8375 dfb7d73b-c2ec-0310-8fea-fb051d288c6d","date":"2007-10-30T16:19:27+00:00","commit":"f7d790a7244189b87d03378cefa7e164edc345f4","author":"Ciarán Walsh","summary":"Copying fix to trunk"},{"body":"git-svn-id: http://svn.textmate.org/trunk/Bundles/SQL.tmbundle@8234 dfb7d73b-c2ec-0310-8fea-fb051d288c6d","date":"2007-09-30T01:42:05+00:00","commit":"8d9fb7d6f08fb663f4818d4d237fd36da7299ae5","author":"Ciarán Walsh","summary":"Copying changes to trunk"},{"body":"git-svn-id: http://svn.textmate.org/trunk/Bundles/SQL.tmbundle@8190 dfb7d73b-c2ec-0310-8fea-fb051d288c6d","date":"2007-09-21T22:13:20+00:00","commit":"2ce6d1bccd6b322737ad11b172f21340e72d7230","author":"James Edward Gray II","summary":"This is a workaround for an old bug in the OptionParser library that ships with Ruby 1.8.2.  The library can't seem to cope with newlines in parameters, causing this command to misread multiline SQL statements."},{"body":"git-svn-id: http://svn.textmate.org/trunk/Bundles/SQL.tmbundle@7951 dfb7d73b-c2ec-0310-8fea-fb051d288c6d","date":"2007-08-12T13:42:31+00:00","commit":"95ee86c3d27e9e2e133da8bbad116cd6cc474a6a","author":"Ciarán Walsh","summary":"Database listings are now fetched using the Ruby connectors, removing the dependancy on the mysql/psql binaries"},{"body":"git-svn-id: http://svn.textmate.org/trunk/Bundles/SQL.tmbundle@7901 dfb7d73b-c2ec-0310-8fea-fb051d288c6d","date":"2007-08-05T12:50:54+00:00","commit":"c3fe8489c23a11b9f92c14126bba7d23f653a039","author":"Ciarán Walsh","summary":"Updated to replace usage of Usage: security [-h] [-i] [-l] [-p prompt] [-q] [-v] [command] [opt ...]     -i    Run in interactive mode.     -l    Run /usr/bin/leaks -nocontext before exiting.     -p    Set the prompt to \"prompt\" (implies -i).     -q    Be less verbose.     -v    Be more verbose about what's going on. security commands are:     help              Show all commands. Or show usage for a command.     list-keychains    Display or manipulate the keychain search list.     default-keychain  Display or set the default keychain.     login-keychain    Display or set the login keychain.     create-keychain   Create keychains and add them to the search list.     delete-keychain   Delete keychains and remove them from the search list.     lock-keychain     Lock the specified keychain.     unlock-keychain   Unlock the specified keychain.     set-keychain-settings Set settings for a keychain.     show-keychain-info Show the settings for keychain.     dump-keychain     Dump the contents of one or more keychains.     create-keypair    Create an assymetric keypair.     create-csr        Create an assymetric keypair.     add-internet-password Add an internet password item.     add-generic-password Add a generic password item.     add-certificates  Add certificates to a keychain.     find-internet-password Find an internet password item.     find-generic-password Find a generic password item.     find-certificate  Find a certificate item.     create-db         Create an db using the DL.     export            Export an item into a keychain.     import            Import an item into a keychain.     cms               Manipulate cms messages.     install-mds       Install (or re-install) the MDS database.     leaks             Run /usr/bin/leaks on this proccess. with new keychain extension"},{"body":"git-svn-id: http://svn.textmate.org/trunk/Bundles/SQL.tmbundle@7880 dfb7d73b-c2ec-0310-8fea-fb051d288c6d","date":"2007-08-01T11:43:31+00:00","commit":"870f6948532305b7c37cd0b4477a9cdeaa7f46d1","author":"Ciarán Walsh","summary":"Removed a couple of TextMate.log()s from the search code"},{"body":"git-svn-id: http://svn.textmate.org/trunk/Bundles/SQL.tmbundle@7879 dfb7d73b-c2ec-0310-8fea-fb051d288c6d","date":"2007-08-01T11:39:01+00:00","commit":"b07e2e1c0a33fbcc645cf7f0a830a9d9791ca279","author":"Ciarán Walsh","summary":"• Moved the JSON libraries into the bundle support • Cleaned out some unnecessary items in the Ruby JSON library"},{"body":"git-svn-id: http://svn.textmate.org/trunk/Bundles/SQL.tmbundle@7878 dfb7d73b-c2ec-0310-8fea-fb051d288c6d","date":"2007-08-01T09:56:32+00:00","commit":"75d30561cfbd91996794abb2eb647db680d970e4","author":"Ciarán Walsh","summary":"Adding a search functionality from the table view"},{"body":"git-svn-id: http://svn.textmate.org/trunk/Bundles/SQL.tmbundle@7876 dfb7d73b-c2ec-0310-8fea-fb051d288c6d","date":"2007-08-01T08:47:47+00:00","commit":"0c78f3637f62acccfe7d6b7c3d86c61c806e4784","author":"Ciarán Walsh","summary":"• Support an environment variable TM_SQL_CONNECTION to specify the title of the desired connection. • Updated help with above info."},{"body":"git-svn-id: http://svn.textmate.org/trunk/Bundles/SQL.tmbundle@7875 dfb7d73b-c2ec-0310-8fea-fb051d288c6d","date":"2007-08-01T08:37:42+00:00","commit":"e5c06983c3ede8170de1c73c875002b1c3460668","author":"Ciarán Walsh","summary":"Modifications to the MySQL connector to remove an error token for version 4.1 servers"},{"body":"git-svn-id: http://svn.textmate.org/trunk/Bundles/SQL.tmbundle@7874 dfb7d73b-c2ec-0310-8fea-fb051d288c6d","date":"2007-08-01T07:41:17+00:00","commit":"3e52ed01145f900d0f1dc3e6a8bf7ee8c0642eae","author":"Ciarán Walsh","summary":"Reverting previous commit which removes ^#\\d+ from error messages. (It seems there are other variants of prefixes)"},{"body":"git-svn-id: http://svn.textmate.org/trunk/Bundles/SQL.tmbundle@7870 dfb7d73b-c2ec-0310-8fea-fb051d288c6d","date":"2007-07-31T10:04:17+00:00","commit":"5338d8243c99dff702a5e2b674c21a6d9396b93a","author":"Ciarán Walsh","summary":"Remove an error number which may prefix exception messages with some mysql configurations/versions"},{"body":"git-svn-id: http://svn.textmate.org/trunk/Bundles/SQL.tmbundle@7868 dfb7d73b-c2ec-0310-8fea-fb051d288c6d","date":"2007-07-31T07:40:57+00:00","commit":"dfc9c7c3c147cb3deca30cead31dcf786a59d551","author":"Ciarán Walsh","summary":"shell_escape() was not backslash-escaping newlines, which could cause a multiline query to fail when re-executed through JS"},{"body":"git-svn-id: http://svn.textmate.org/trunk/Bundles/SQL.tmbundle@7821 dfb7d73b-c2ec-0310-8fea-fb051d288c6d","date":"2007-07-26T17:25:57+00:00","commit":"d2d0b00d7e8ad188863ff8040f950553e9a1b8d0","author":"Ciarán Walsh","summary":"Rename Configure command to “Preferences…” and assign a key equivalent of <kbd class='keyEquivalent'>⌥⌘,</kbd> (to parallel the standard OS X shortcut <kbd class='keyEquivalent'>⌘,</kbd>)"},{"body":"git-svn-id: http://svn.textmate.org/trunk/Bundles/SQL.tmbundle@7801 dfb7d73b-c2ec-0310-8fea-fb051d288c6d","date":"2007-07-24T18:47:00+00:00","commit":"1a4bb87ebcf597d5d0ca15b810b2698420d31b55","author":"Ciarán Walsh","summary":"Fix indentation regex"},{"body":"Should fix encoding issues for some users manifesting as a table view returning “undefined”, e.g.\nhttp://lists.macromates.com/pipermail/textmate/2007-July/020950.html\n\n\ngit-svn-id: http://svn.textmate.org/trunk/Bundles/SQL.tmbundle@7768 dfb7d73b-c2ec-0310-8fea-fb051d288c6d","date":"2007-07-19T13:25:12+00:00","commit":"a2aae417cc50ad874e9af84899f17bd20f57662a","author":"Ciarán Walsh","summary":"For Mysql: Issue 'SET NAMES utf8;' to the server if the user's @@character_set_database has been changed from the default of latin1."},{"body":"git-svn-id: http://svn.textmate.org/trunk/Bundles/SQL.tmbundle@7767 dfb7d73b-c2ec-0310-8fea-fb051d288c6d","date":"2007-07-19T12:13:24+00:00","commit":"6a0e0667c7a572fcfa48652cee7da6d14eef0ebd","author":"Ciarán Walsh","summary":"Use inspect when printing the query into a JavaScript call. This should inline \"\\n\"s and fix the second part of http://www.nabble.com/Re%3A-sql-bundle-and-the-keychain--p11521931.html"},{"body":"git-svn-id: http://svn.textmate.org/trunk/Bundles/SQL.tmbundle@7766 dfb7d73b-c2ec-0310-8fea-fb051d288c6d","date":"2007-07-19T11:24:20+00:00","commit":"6a5d83a765389b6253899074222f433e56a25636","author":"Ciarán Walsh","summary":"Don't convert newlines to &lt;br>s for the full content (which is used in the tooltips)"},{"body":"git-svn-id: http://svn.textmate.org/trunk/Bundles/SQL.tmbundle@7758 dfb7d73b-c2ec-0310-8fea-fb051d288c6d","date":"2007-07-17T21:26:22+00:00","commit":"09a163c56b56be79099dd15496c7434e598a5339","author":"Allan Odgaard","summary":"• if a cell value is not valid UTF-8, replace all characters > 127 with a question mark (rather than have the entire page just show “undefined”)"},{"body":"git-svn-id: http://svn.textmate.org/trunk/Bundles/SQL.tmbundle@7751 dfb7d73b-c2ec-0310-8fea-fb051d288c6d","date":"2007-07-17T08:42:41+00:00","commit":"fe999ba7583a8d6c6f321fba91f717196898ce48","author":"Ciarán Walsh","summary":"Scroll the database/table list and result window separately, so results are always in view."},{"body":"git-svn-id: http://svn.textmate.org/trunk/Bundles/SQL.tmbundle@7730 dfb7d73b-c2ec-0310-8fea-fb051d288c6d","date":"2007-07-10T13:41:54+00:00","commit":"d25dcc8f2a632072c8ebb5b492648730738252a1","author":"Ciarán Walsh","summary":"PostgreSQL lookup improvements from cubiq in ##textmate"},{"body":"git-svn-id: http://svn.textmate.org/trunk/Bundles/SQL.tmbundle@7729 dfb7d73b-c2ec-0310-8fea-fb051d288c6d","date":"2007-07-10T12:56:18+00:00","commit":"995c03fc8ea81573752c1a4f2b79a73bafa044a1","author":"Ciarán Walsh","summary":"Fixes for postgresql lookup: • Fix an incorrect variable • Downcase search term"},{"body":"git-svn-id: http://svn.textmate.org/trunk/Bundles/SQL.tmbundle@7728 dfb7d73b-c2ec-0310-8fea-fb051d288c6d","date":"2007-07-10T08:39:01+00:00","commit":"377120bd91f73af335001608f705a078577908c9","author":"Ciarán Walsh","summary":"Disable warnings as the PostgreSQL connector generates a method redefinition warning"},{"body":"git-svn-id: http://svn.textmate.org/trunk/Bundles/SQL.tmbundle@7721 dfb7d73b-c2ec-0310-8fea-fb051d288c6d","date":"2007-07-08T17:09:44+00:00","commit":"1d13ac2b7becbdab3f14b7298e2a833175833c7a","author":"Ciarán Walsh","summary":"Later versions of Postgresql have a different password prompt. Thanks to John-Paul Bader for debugging."},{"body":"git-svn-id: http://svn.textmate.org/trunk/Bundles/SQL.tmbundle@7717 dfb7d73b-c2ec-0310-8fea-fb051d288c6d","date":"2007-07-08T06:15:56+00:00","commit":"e8591c2fc00cbe203a3bd8e7c9ca9ff6216a6171","author":"Ciarán Walsh","summary":"tm_dialog plist output was being sent to console"},{"body":"git-svn-id: http://svn.textmate.org/trunk/Bundles/SQL.tmbundle@7714 dfb7d73b-c2ec-0310-8fea-fb051d288c6d","date":"2007-07-08T05:26:29+00:00","commit":"d57634d4d6034a7d3a495a90cb0042a7bf248537","author":"Ciarán Walsh","summary":"Show a message “No tables to show” when an empty database is expanded"},{"body":"git-svn-id: http://svn.textmate.org/trunk/Bundles/SQL.tmbundle@7713 dfb7d73b-c2ec-0310-8fea-fb051d288c6d","date":"2007-07-08T05:23:28+00:00","commit":"385eb64788dfeaf10ddfc002c41b274b4a3a4afd","author":"Ciarán Walsh","summary":"• Added a “Configuration” section • Added js links to the configuration dialog • Other minor changes"},{"body":"git-svn-id: http://svn.textmate.org/trunk/Bundles/SQL.tmbundle@7712 dfb7d73b-c2ec-0310-8fea-fb051d288c6d","date":"2007-07-08T04:54:45+00:00","commit":"2dbf0bdc6defe9ec5104f3ab8ba324333cb19c7f","author":"Ciarán Walsh","summary":"Support TM_MYSQL and TM_PSQL environment variables to override the location of the binaries (currently used for fetching the db list)"},{"body":"git-svn-id: http://svn.textmate.org/trunk/Bundles/SQL.tmbundle@7711 dfb7d73b-c2ec-0310-8fea-fb051d288c6d","date":"2007-07-08T04:52:26+00:00","commit":"892cf3df08f77e10fe0c578fc6438e64ba651fff","author":"Ciarán Walsh","summary":"Passwords were being stored into the Keychain as ‘security’ which meant TM had to request access for the next use"},{"body":"git-svn-id: http://svn.textmate.org/trunk/Bundles/SQL.tmbundle@7710 dfb7d73b-c2ec-0310-8fea-fb051d288c6d","date":"2007-07-08T02:15:29+00:00","commit":"316f2277d361de1bd726d6f59e8c48c96541f125","author":"Ciarán Walsh","summary":"This isn't used any more"},{"body":"git-svn-id: http://svn.textmate.org/trunk/Bundles/SQL.tmbundle@7709 dfb7d73b-c2ec-0310-8fea-fb051d288c6d","date":"2007-07-08T02:14:31+00:00","commit":"f5b2fc614eaa8c28d9cb3e14965382f3c5d23b0e","author":"Ciarán Walsh","summary":"Fixed a string check which could prevent the user being given a password prompt"},{"body":"git-svn-id: http://svn.textmate.org/trunk/Bundles/SQL.tmbundle@7706 dfb7d73b-c2ec-0310-8fea-fb051d288c6d","date":"2007-07-07T18:01:06+00:00","commit":"76fa14c82a7e5beb1a34eff52b4cfa566c09a9a0","author":"Allan Odgaard","summary":"• update help (basically remove most of the stuff about variables) — could need a proper update, but this will do for now."},{"body":"git-svn-id: http://svn.textmate.org/trunk/Bundles/SQL.tmbundle@7698 dfb7d73b-c2ec-0310-8fea-fb051d288c6d","date":"2007-07-07T17:17:45+00:00","commit":"3105a5bdbe128f0df3fc0657ad9ad218687eb832","author":"Ciarán Walsh","summary":"Switching in new SQL bundle from WIP branch"},{"body":"git-svn-id: http://svn.textmate.org/branches/WIP/Bundles/SQL.tmbundle@7696 dfb7d73b-c2ec-0310-8fea-fb051d288c6d","date":"2007-07-07T17:01:39+00:00","commit":"b87832572c7ba3c870055e651b6e911a10a1be07","author":"Ciarán Walsh","summary":"Fixes to shell_run() to work with latest WebKit"},{"body":"git-svn-id: http://svn.textmate.org/branches/WIP/Bundles/SQL.tmbundle@7695 dfb7d73b-c2ec-0310-8fea-fb051d288c6d","date":"2007-07-07T15:37:37+00:00","commit":"7e3ef2df41696e4107d294aa4cdcc2391e7a6ca3","author":"Ciarán Walsh","summary":"Only show Next » link if the current page is full"},{"body":"git-svn-id: http://svn.textmate.org/branches/WIP/Bundles/SQL.tmbundle@7684 dfb7d73b-c2ec-0310-8fea-fb051d288c6d","date":"2007-07-06T13:36:32+00:00","commit":"e6711abbb59c63f83bd9763dc7b3005cad781600","author":"Ciarán Walsh","summary":"Capitalisation fix (Postgresql → PostgreSQL)"},{"body":"git-svn-id: http://svn.textmate.org/branches/WIP/Bundles/SQL.tmbundle@7683 dfb7d73b-c2ec-0310-8fea-fb051d288c6d","date":"2007-07-06T13:24:45+00:00","commit":"56dc6485485df8994afeafece0d2d6a7151b18d5","author":"Ciarán Walsh","summary":"• Show an ellipsis (…) when truncating text fields, and make the full text available as a tooltip."},{"body":"git-svn-id: http://svn.textmate.org/branches/WIP/Bundles/SQL.tmbundle@7682 dfb7d73b-c2ec-0310-8fea-fb051d288c6d","date":"2007-07-06T13:20:43+00:00","commit":"da29c3dc8561885f45458d78cfa9cef8373f78d7","author":"Ciarán Walsh","summary":"Catch all exceptions and throw a MissingConfiguration exception, so the install help is shown."},{"body":"git-svn-id: http://svn.textmate.org/branches/WIP/Bundles/SQL.tmbundle@7678 dfb7d73b-c2ec-0310-8fea-fb051d288c6d","date":"2007-07-05T13:44:34+00:00","commit":"ee264d03fe5b673cc66b4aed01df1ee93123c905","author":"Ciarán Walsh","summary":"Allow double clicking a profile name in the list to switch and close the dialog"},{"body":"git-svn-id: http://svn.textmate.org/branches/WIP/Bundles/SQL.tmbundle@7677 dfb7d73b-c2ec-0310-8fea-fb051d288c6d","date":"2007-07-05T13:04:38+00:00","commit":"25a81cbb93a039b29711689510d4b539cf267cb8","author":"Ciarán Walsh","summary":"More postgresql compatibility"},{"body":"git-svn-id: http://svn.textmate.org/branches/WIP/Bundles/SQL.tmbundle@7676 dfb7d73b-c2ec-0310-8fea-fb051d288c6d","date":"2007-07-05T12:25:25+00:00","commit":"a89897f853c26a93ee7afe5df96f8d005f243239","author":"Ciarán Walsh","summary":"Misc. fixes for Postgresql compatibility from testing"},{"body":"git-svn-id: http://svn.textmate.org/branches/WIP/Bundles/SQL.tmbundle@7675 dfb7d73b-c2ec-0310-8fea-fb051d288c6d","date":"2007-07-05T12:04:45+00:00","commit":"a02d10cde44f08d5ed7d155c98da7f85e3bdd4cc","author":"Ciarán Walsh","summary":"Fix a logic bug when no port was set"},{"body":"git-svn-id: http://svn.textmate.org/branches/WIP/Bundles/SQL.tmbundle@7673 dfb7d73b-c2ec-0310-8fea-fb051d288c6d","date":"2007-07-05T11:51:56+00:00","commit":"25526f4a7d9571e4424d56920c18505dffe007ca","author":"Ciarán Walsh","summary":"• If no password is stored, attempt a connection with a blank password before prompting the user. This fixes an issue which would prompt the user for a password with invalid connections (e.g. non-existent hosts). • When attempting to store a password which already has an entry in Keychain, give an informative explanation to the user on how to fix the problem. • For connection errors, print the error and give a link to open the configuration dialog."},{"body":"git-svn-id: http://svn.textmate.org/branches/WIP/Bundles/SQL.tmbundle@7639 dfb7d73b-c2ec-0310-8fea-fb051d288c6d","date":"2007-06-30T07:42:36+00:00","commit":"5db012e8dc93f8e35833a1a158d5e5cde1764e00","author":"Allan Odgaard","summary":"• update UUIDs so that these items are seen as replacements for the old items • rename bundle (in info.plist) to just SQL"},{"body":"git-svn-id: http://svn.textmate.org/branches/WIP/Bundles/SQL.tmbundle@7626 dfb7d73b-c2ec-0310-8fea-fb051d288c6d","date":"2007-06-28T08:04:36+00:00","commit":"d04e373e2adf0dede348febbff2e0ea44ba15cc2","author":"Allan Odgaard","summary":"• move Experimental SQL to WIP branch"},{"body":"git-svn-id: http://svn.textmate.org/trunk/Review/Bundles/Experimental SQL.tmbundle@7600 dfb7d73b-c2ec-0310-8fea-fb051d288c6d","date":"2007-06-27T09:30:56+00:00","commit":"5ff9e6d76bf7ad2acd6f803fd432ab7f934c727f","author":"Ciarán Walsh","summary":"The default port was being used due to a logic binding error"},{"body":"git-svn-id: http://svn.textmate.org/trunk/Review/Bundles/Experimental SQL.tmbundle@7599 dfb7d73b-c2ec-0310-8fea-fb051d288c6d","date":"2007-06-27T08:42:04+00:00","commit":"eddf08ab52ccda8703e68c10bebcc6cb06bbee2e","author":"Ciarán Walsh","summary":"Move defaults to have nicer names, and prefixed with “SQL ”"},{"body":"git-svn-id: http://svn.textmate.org/trunk/Review/Bundles/Experimental SQL.tmbundle@7598 dfb7d73b-c2ec-0310-8fea-fb051d288c6d","date":"2007-06-27T08:35:56+00:00","commit":"07d21cd9f4d0d854c6db31f888d590f40e055f54","author":"Ciarán Walsh","summary":"Decide default port (when field was left empty) according to serverType"},{"body":"git-svn-id: http://svn.textmate.org/trunk/Review/Bundles/Experimental SQL.tmbundle@7594 dfb7d73b-c2ec-0310-8fea-fb051d288c6d","date":"2007-06-27T04:32:09+00:00","commit":"a9b9b07fa2a76ee987717cf808f5150fabbf6ad0","author":"Allan Odgaard","summary":"• be clever and put $LOGNAME in the user name field"},{"body":"Note: the keys used for accessing user defaults MUST all be prefixed with “SQL ” to make it more clear which part of TM’s config belongs to what — this will be changed later (so be prepared to re-enter your connections or edit your config when it is updated — though with this new spiffy UI, it should only be a minor inconvenience :) )\n\n\ngit-svn-id: http://svn.textmate.org/trunk/Review/Bundles/Experimental SQL.tmbundle@7593 dfb7d73b-c2ec-0310-8fea-fb051d288c6d","date":"2007-06-27T04:20:44+00:00","commit":"a86d63b775eaaefb78ab7bae50237a918931f7b0","author":"Allan Odgaard","summary":"• connect Done to performClose: rather than orderOut: — the latter closes the window, but did not make tm_dialog exit (and thus did not flush settings to disk) • bind the port number field to the array controller • do not provide activeConnection since a) the value type was wrong (a string was given, an array with integers is expected), and b) there seemed to be a immutability problem when fixing the type • change “New connection” label to “untitled” (I think that is more fitting)"},{"body":"git-svn-id: http://svn.textmate.org/trunk/Review/Bundles/Experimental SQL.tmbundle@7590 dfb7d73b-c2ec-0310-8fea-fb051d288c6d","date":"2007-06-26T15:23:41+00:00","commit":"621729fe8cff9795f111c9f6542391ba4452bc29","author":"Ciarán Walsh","summary":"Added a user-friendly tm_dialog based system for connection configuration. Users can now store multiple connection profiles and switch between them."},{"body":"git-svn-id: http://svn.textmate.org/trunk/Review/Bundles/Experimental SQL.tmbundle@7572 dfb7d73b-c2ec-0310-8fea-fb051d288c6d","date":"2007-06-25T10:21:31+00:00","commit":"25fc10c7dff270c4b4c08c262f6b8356902bfa0f","author":"Ciarán Walsh","summary":"Request connection passwords through TextMate.call_with_password (to use Keychain). This will automatically store the correct password once entered. The password environment variables are no longer used."},{"body":"git-svn-id: http://svn.textmate.org/trunk/Review/Bundles/Experimental SQL.tmbundle@7557 dfb7d73b-c2ec-0310-8fea-fb051d288c6d","date":"2007-06-20T19:24:18+00:00","commit":"9fa11a5949e7f09a90ac02cfcdaa5f40fab32d89","author":"Ciarán Walsh","summary":"Left some test code in"},{"body":"git-svn-id: http://svn.textmate.org/trunk/Review/Bundles/Experimental SQL.tmbundle@7552 dfb7d73b-c2ec-0310-8fea-fb051d288c6d","date":"2007-06-19T15:12:45+00:00","commit":"533f8847cfbad3d8880c6491c7bd5620879d0315","author":"Ciarán Walsh","summary":"Added error handling when fetching database list by checking the exit code of the client"},{"body":"git-svn-id: http://svn.textmate.org/trunk/Review/Bundles/Experimental SQL.tmbundle@7551 dfb7d73b-c2ec-0310-8fea-fb051d288c6d","date":"2007-06-19T15:00:32+00:00","commit":"1f58882b52ae7ab842c8806981dc2122f00f1203","author":"Ciarán Walsh","summary":"A database connector was being created twice, once for the table list and once for the query"},{"body":"git-svn-id: http://svn.textmate.org/trunk/Review/Bundles/Experimental SQL.tmbundle@7550 dfb7d73b-c2ec-0310-8fea-fb051d288c6d","date":"2007-06-19T14:40:15+00:00","commit":"92379af9758f251504ba495156a5b6ac1232ed0a","author":"Ciarán Walsh","summary":"• Completion on <kbd class='keyEquivalent'>⌥⎋</kbd>: completes field names when used in a table.field context, and table names otherwise."},{"body":"git-svn-id: http://svn.textmate.org/trunk/Review/Bundles/Experimental SQL.tmbundle@7549 dfb7d73b-c2ec-0310-8fea-fb051d288c6d","date":"2007-06-19T14:34:28+00:00","commit":"c35462eca8374059c3b85531e1bf8c991b5be194","author":"Ciarán Walsh","summary":"Require an opening bracket after an aggregate function (to remove false positives on fields like 'count')"},{"body":"git-svn-id: http://svn.textmate.org/trunk/Review/Bundles/Experimental SQL.tmbundle@7548 dfb7d73b-c2ec-0310-8fea-fb051d288c6d","date":"2007-06-19T13:36:28+00:00","commit":"4469ac301544e12aec8d59ce716cf1236f90a360","author":"Ciarán Walsh","summary":"The test for a LIMIT clause was case sensitive"},{"body":"git-svn-id: http://svn.textmate.org/trunk/Review/Bundles/Experimental SQL.tmbundle@7542 dfb7d73b-c2ec-0310-8fea-fb051d288c6d","date":"2007-06-18T14:45:12+00:00","commit":"9cad695111919ada6dd2d7414008791c1bda1ff0","author":"Ciarán Walsh","summary":"Correct pluralisation for “x rows affected”"},{"body":"git-svn-id: http://svn.textmate.org/trunk/Review/Bundles/Experimental SQL.tmbundle@7537 dfb7d73b-c2ec-0310-8fea-fb051d288c6d","date":"2007-06-17T00:16:05+00:00","commit":"89edfe28e2ec49f41a42f6e491f2633b23097c1a","author":"Allan Odgaard","summary":"• next/previous links did not work when the query contained quotes"},{"body":"git-svn-id: http://svn.textmate.org/trunk/Review/Bundles/Experimental SQL.tmbundle@7514 dfb7d73b-c2ec-0310-8fea-fb051d288c6d","date":"2007-06-13T09:36:33+00:00","commit":"5df9f2182793474da9b1e9a790839222c6382878","author":"Ciarán Walsh","summary":"Remove a throw that I accidentally left in from testing"},{"body":"git-svn-id: http://svn.textmate.org/trunk/Review/Bundles/Experimental SQL.tmbundle@7513 dfb7d73b-c2ec-0310-8fea-fb051d288c6d","date":"2007-06-13T09:02:27+00:00","commit":"6e46179a9bd12719901b0869cdfe4920efe0a1f2","author":"Ciarán Walsh","summary":"Missed a method call '.' to carry to next line"},{"body":"git-svn-id: http://svn.textmate.org/trunk/Review/Bundles/Experimental SQL.tmbundle@7491 dfb7d73b-c2ec-0310-8fea-fb051d288c6d","date":"2007-06-10T20:39:39+00:00","commit":"e9bafcf78561ca4278d17397de15fe958f5f4df9","author":"Ciarán Walsh","summary":"Exception handling was throwing an exception by calling a string handling method on the exception without using exception.message"},{"body":"git-svn-id: http://svn.textmate.org/trunk/Review/Bundles/Experimental SQL.tmbundle@7490 dfb7d73b-c2ec-0310-8fea-fb051d288c6d","date":"2007-06-10T20:17:59+00:00","commit":"ac93e3ce20cf8cc69aca78a0426f8394fba537f4","author":"Ciarán Walsh","summary":"DESC/ASC at the beginning/end of words where being highlighted due to missing parentheses"},{"body":"git-svn-id: http://svn.textmate.org/trunk/Review/Bundles/Experimental SQL.tmbundle@7489 dfb7d73b-c2ec-0310-8fea-fb051d288c6d","date":"2007-06-10T20:09:11+00:00","commit":"7b24074e8999bb309d4af44f644a3524aac28bee","author":"Ciarán Walsh","summary":"Right-align numeric results I lost my PostgreSQL testing environment so this is just for MySQL currently."},{"body":"git-svn-id: http://svn.textmate.org/trunk/Review/Bundles/Experimental SQL.tmbundle@7479 dfb7d73b-c2ec-0310-8fea-fb051d288c6d","date":"2007-06-10T12:38:30+00:00","commit":"7a36ae57f42b7a63eb7ccb8aa29dbb1b88399d2a","author":"Stanley Rost","summary":"• Common WebPreview output • Run queries that have have a delimiter at the end (;)"},{"body":"git-svn-id: http://svn.textmate.org/trunk/Review/Bundles/Experimental SQL.tmbundle@7416 dfb7d73b-c2ec-0310-8fea-fb051d288c6d","date":"2007-05-31T01:30:19+00:00","commit":"9788cf07caa33926d6e152ce1b21137304bff603","author":"Allan Odgaard","summary":"• last commit broke the file — now fixed"},{"body":"git-svn-id: http://svn.textmate.org/trunk/Review/Bundles/Experimental SQL.tmbundle@7404 dfb7d73b-c2ec-0310-8fea-fb051d288c6d","date":"2007-05-29T08:54:39+00:00","commit":"c5d9b1fb235eb394983c32c83ad88313100194f8","author":"Ciarán Walsh","summary":"Change to SHA1 usage to make it compatible with the 1.8.6 API changes"},{"body":"git-svn-id: http://svn.textmate.org/trunk/Review/Bundles/Experimental SQL.tmbundle@7402 dfb7d73b-c2ec-0310-8fea-fb051d288c6d","date":"2007-05-29T08:43:38+00:00","commit":"f2506601640822ca0299bab7e9b370e7bb51cf4c","author":"Ciarán Walsh","summary":"Check if the resultset is_a? Result, to cope with updates"},{"body":"git-svn-id: http://svn.textmate.org/trunk/Review/Bundles/Experimental SQL.tmbundle@7396 dfb7d73b-c2ec-0310-8fea-fb051d288c6d","date":"2007-05-28T18:01:44+00:00","commit":"81789eba3bc094f5c29e89b8c0220479d3ebc557","author":"Ciarán Walsh","summary":"• Removed the underlining of table header sorting links • Automatically expand the database tree to show the tables under the database specified in environment"},{"body":"git-svn-id: http://svn.textmate.org/trunk/Review/Bundles/Experimental SQL.tmbundle@7395 dfb7d73b-c2ec-0310-8fea-fb051d288c6d","date":"2007-05-28T16:25:07+00:00","commit":"32ac0c3700def7d4dfc37399f56ff36303fe0357","author":"Ciarán Walsh","summary":"Recognise MySQL 5's different XML output for the result of “SHOW DATABASES”"},{"body":"git-svn-id: http://svn.textmate.org/trunk/Review/Bundles/Experimental SQL.tmbundle@7392 dfb7d73b-c2ec-0310-8fea-fb051d288c6d","date":"2007-05-28T15:28:04+00:00","commit":"dce8b18cff91ed58c7532c0ce9edde6833c7b8a2","author":"Ciarán Walsh","summary":"Minor templating changes"},{"body":"git-svn-id: http://svn.textmate.org/trunk/Review/Bundles/Experimental SQL.tmbundle@7391 dfb7d73b-c2ec-0310-8fea-fb051d288c6d","date":"2007-05-28T15:17:43+00:00","commit":"8a84851e28116bab14f4f600b55a441a4c7a3d24","author":"Ciarán Walsh","summary":"• Major refactoring, mostly to separate HTML printing into ERB template files, to ease styling efforts • When catching an exception, show just the message if it was a Mysql::Error"},{"body":"git-svn-id: http://svn.textmate.org/trunk/Review/Bundles/Experimental SQL.tmbundle@7390 dfb7d73b-c2ec-0310-8fea-fb051d288c6d","date":"2007-05-28T14:38:52+00:00","commit":"dde17d0fc5406bc716faca13a4f74ddb2b8237f8","author":"Ciarán Walsh","summary":"Refactored a bash script"},{"body":"git-svn-id: http://svn.textmate.org/trunk/Review/Bundles/Experimental SQL.tmbundle@7388 dfb7d73b-c2ec-0310-8fea-fb051d288c6d","date":"2007-05-28T14:18:48+00:00","commit":"099d2171db41c60c93e64d431765457380755fba","author":"Ciarán Walsh","summary":"Remove some old debugging calls to TextMate.log"},{"body":"git-svn-id: http://svn.textmate.org/trunk/Review/Bundles/Experimental SQL.tmbundle@7378 dfb7d73b-c2ec-0310-8fea-fb051d288c6d","date":"2007-05-28T00:12:52+00:00","commit":"b14452a0cb0f9bff2b60e57274434e3e27a3b03b","author":"Allan Odgaard","summary":"• print actual exception (and stack dump) instead of just “Invalid Query”"},{"body":"git-svn-id: http://svn.textmate.org/trunk/Review/Bundles/Experimental SQL.tmbundle@7340 dfb7d73b-c2ec-0310-8fea-fb051d288c6d","date":"2007-05-26T00:08:13+00:00","commit":"d628b24735d0d936a790dfd4c8e5634b64114213","author":"Ciarán Walsh","summary":"The flag to indicate whether to show the “Next”/“Prev” buttons was set incorrectly"},{"body":"git-svn-id: http://svn.textmate.org/trunk/Review/Bundles/Experimental SQL.tmbundle@7312 dfb7d73b-c2ec-0310-8fea-fb051d288c6d","date":"2007-05-22T09:52:04+00:00","commit":"2d2c0e11b6a4de23cec9ed3482c4e848001080a4","author":"Ciarán Walsh","summary":"Add missing word boundary anchors to some patterns"},{"body":"git-svn-id: http://svn.textmate.org/trunk/Review/Bundles/Experimental SQL.tmbundle@7310 dfb7d73b-c2ec-0310-8fea-fb051d288c6d","date":"2007-05-22T09:49:21+00:00","commit":"751cf8cd67663c202a31c3781dbf3acc2b19c58d","author":"Ciarán Walsh","summary":"Add contactName and contactEmailRot13"},{"body":"git-svn-id: http://svn.textmate.org/trunk/Review/Bundles/Experimental SQL.tmbundle@7283 dfb7d73b-c2ec-0310-8fea-fb051d288c6d","date":"2007-05-17T18:06:54+00:00","commit":"3390ad1b00dac1d69fdcda875e1daef56fa8faa0","author":"Ciarán Walsh","summary":"Made the result table sortable using the previously checked in JS lib"},{"body":"git-svn-id: http://svn.textmate.org/trunk/Review/Bundles/Experimental SQL.tmbundle@7260 dfb7d73b-c2ec-0310-8fea-fb051d288c6d","date":"2007-05-15T11:23:03+00:00","commit":"af3e493df6a72ed99181088a6b1382d48887350c","author":"Ciarán Walsh","summary":"Support queries that don't return a resultset (display the affected row count)"},{"body":"git-svn-id: http://svn.textmate.org/trunk/Review/Bundles/Experimental SQL.tmbundle@7253 dfb7d73b-c2ec-0310-8fea-fb051d288c6d","date":"2007-05-14T11:59:34+00:00","commit":"92f535d3953d1c1f750be57e75f5d00e573a9ae6","author":"Ciarán Walsh","summary":"A (hopefully) more intelligent version that preserves whitespace in quoted strings"},{"body":"git-svn-id: http://svn.textmate.org/trunk/Review/Bundles/Experimental SQL.tmbundle@7189 dfb7d73b-c2ec-0310-8fea-fb051d288c6d","date":"2007-05-09T15:13:31+00:00","commit":"327cf486888034956b2d7879e22d994f529b1f56","author":"Ciarán Walsh","summary":"A new SQL bundle. This bundle is written in Ruby (as opposed to the current Python one) and includes pure Ruby bindings for both MySQL and Postgresql. The current bundle includes binary connector modules, which won't work on Intel systems. Other improvements: • A more compact tree-list of databases/tables. • The database browser and “execute query” commands now both use the same HTML views, so you can easily move from a query output to browsing. • Some syntax additions."},{"body":"git-svn-id: http://svn.textmate.org/trunk/Bundles/SQL.tmbundle@7170 dfb7d73b-c2ec-0310-8fea-fb051d288c6d","date":"2007-05-08T16:12:54+00:00","commit":"d41c0308b069b01a4b37bdbdb9d0dcabbf17524d","author":"Michael Sheets","summary":"Adding scope to help command."},{"body":"Patch from armando — ticket B0D5CFF3\n\n\ngit-svn-id: http://svn.textmate.org/trunk/Bundles/SQL.tmbundle@6954 dfb7d73b-c2ec-0310-8fea-fb051d288c6d","date":"2007-04-05T09:37:08+00:00","commit":"44483d0d553b418f0918e5d273560a7c6475d483","author":"Allan Odgaard","summary":"• use TM_PSQL in favor of psql8 (the latter is still the default when TM_PSQL is unset) • provide info about how to use the psql password file (when missing)"},{"body":"git-svn-id: http://svn.textmate.org/trunk/Bundles/SQL.tmbundle@6923 dfb7d73b-c2ec-0310-8fea-fb051d288c6d","date":"2007-03-31T05:01:00+00:00","commit":"c3525ab4452ab02f59b1bcbc2e256f6dcf775142","author":"Allan Odgaard","summary":"• slightly simplified version from Stephen van Egmond."},{"body":"Patch from Matthijs Bomhoff.\n\n\ngit-svn-id: http://svn.textmate.org/trunk/Bundles/SQL.tmbundle@6786 dfb7d73b-c2ec-0310-8fea-fb051d288c6d","date":"2007-03-12T14:32:16+00:00","commit":"a0552f358698983953c9d6f5e19b8051ce6589ad","author":"Allan Odgaard","summary":"• strip trailing comments — technically this will be fooled by placing ‘--’ inside a string or similar. I guess the best approach would be to have the input be formated by TM, so that we can simply strip comment.*"},{"body":"contactName:\n   The full name of the contact for this bundle.\ncontactEmailRot13:\n   A ROT13 encoded email address for the bundle contact (we obfuscate it to avoid spammers from picking up the files, seeing how bundles will often be available via anonymous svn over http).\ndescription:\n   A short description for this bundle. Do link to more info about the language (or whatever) the bundle is about. I decided on using HTML for this (but leave out the initial paragraph tag) since it seemed like overkill to run a single line of text through Markdown.pl, just to convert [foo](link) into &lt;a href=\"link\">foo&lt;/a>\n\nMany of the current descriptions could use some improvements, I just wanted to get the ball rolling :)\n\n\ngit-svn-id: http://svn.textmate.org/trunk/Bundles/SQL.tmbundle@6718 dfb7d73b-c2ec-0310-8fea-fb051d288c6d","date":"2007-03-04T20:11:31+00:00","commit":"0aa85134246ae6a0592b182bf01698b953145d36","author":"Allan Odgaard","summary":"Add the following keys to the bundle’s info.plist:"},{"body":"There would still be a problem if database, tablename, username, etc. contains a single quote — but at least now it should work for the more common case of having a space, plus the previous “escape first space” would actually break the script for users that did not have the SQL bundle in a path with a space\n\ngit-svn-id: http://svn.textmate.org/trunk/Bundles/SQL.tmbundle@6616 dfb7d73b-c2ec-0310-8fea-fb051d288c6d","date":"2007-02-22T13:54:31+00:00","commit":"7b4afb08bcbb9daa339ae6de1b533032d1494e00","author":"Allan Odgaard","summary":"• single-quote database names etc. when we call the tablebrowser.py script from the shell (patch from Ciaran Walsh)"},{"body":"git-svn-id: http://svn.textmate.org/trunk/Bundles/SQL.tmbundle@6014 dfb7d73b-c2ec-0310-8fea-fb051d288c6d","date":"2006-11-08T16:12:15+00:00","commit":"d6bedecadf740191e83ff961c5dd20e022e6d456","author":"Allan Odgaard","summary":"• support for \"INSERT IGNORE\" and \"SET\" keywords (patch from Alessandro Ranellucci)"},{"body":"git-svn-id: http://svn.textmate.org/trunk/Bundles/SQL.tmbundle@5727 dfb7d73b-c2ec-0310-8fea-fb051d288c6d","date":"2006-10-29T20:23:23+00:00","commit":"4d19c51110e437357e46b4d8a761a18d20d1e446","author":"Stanley Rost","summary":"• Move SQL Styles to the Bundle"},{"body":"git-svn-id: http://svn.textmate.org/trunk/Bundles/SQL.tmbundle@5718 dfb7d73b-c2ec-0310-8fea-fb051d288c6d","date":"2006-10-29T18:14:01+00:00","commit":"b5bd983dc42b05e253dfd77b82c55e0c876d96d8","author":"Allan Odgaard","summary":"• use markdown_to_help.rb so we get a table of contents"},{"body":"git-svn-id: http://svn.textmate.org/trunk/Bundles/SQL.tmbundle@5620 dfb7d73b-c2ec-0310-8fea-fb051d288c6d","date":"2006-10-25T01:05:45+00:00","commit":"4190f6d34e4b6ff728524b8d8987c6f6235742d8","author":"Allan Odgaard","summary":"• use lots of captures in storage.type to make the integer part of e.g. float(4) marked up as an integer"},{"body":"git-svn-id: http://svn.textmate.org/trunk/Bundles/SQL.tmbundle@5475 dfb7d73b-c2ec-0310-8fea-fb051d288c6d","date":"2006-10-14T09:50:37+00:00","commit":"0bc9ca3365f3c540f9ae8b88d3ca4ccc51b76638","author":"Michael Sheets","summary":"Adding new punctuation scopes to various rules."},{"body":"git-svn-id: http://svn.textmate.org/trunk/Bundles/SQL.tmbundle@5344 dfb7d73b-c2ec-0310-8fea-fb051d288c6d","date":"2006-09-30T00:02:37+00:00","commit":"6be8375502c1e6d306b7afe9b046a33402b17f33","author":"Stanley Rost","summary":"Use the new and nicer css classes"},{"body":"** Please look over the instructions to see if they look reasonable.  If everything looks OK I'll go ahead and delete the modules that are shipped with TM.\n\ngit-svn-id: http://svn.textmate.org/trunk/Bundles/SQL.tmbundle@5225 dfb7d73b-c2ec-0310-8fea-fb051d288c6d","date":"2006-09-15T13:25:50+00:00","commit":"18ab09c55e04bd223bda68aeba57e786989b009f","author":"Brad Miller","summary":"Add functionality to check for proper installation of python database modules. If the module is not displayed properly instructions are given to do the install."},{"body":"git-svn-id: http://svn.textmate.org/trunk/Bundles/SQL.tmbundle@5126 dfb7d73b-c2ec-0310-8fea-fb051d288c6d","date":"2006-09-09T00:10:07+00:00","commit":"ab664ea9c2a980eb54bf6b898670eb5baa38cc39","author":"Stanley Rost","summary":"Use the new HTML Output Style."},{"body":"git-svn-id: http://svn.textmate.org/trunk/Bundles/SQL.tmbundle@4848 dfb7d73b-c2ec-0310-8fea-fb051d288c6d","date":"2006-08-18T23:13:56+00:00","commit":"5cbffe569988467408297e6febcebd43cc9c9bff","author":"Stanley Rost","summary":"Nicer Help HTML Output"},{"body":"git-svn-id: http://svn.textmate.org/trunk/Bundles/SQL.tmbundle@4232 dfb7d73b-c2ec-0310-8fea-fb051d288c6d","date":"2006-07-16T02:20:50+00:00","commit":"5008eda2efe6f6d131373522463641a8f7c82950","author":"Michael Sheets","summary":"Change string.quoted.brackets.sql to string.other.quoted.brackets.sql"},{"body":"git-svn-id: http://svn.textmate.org/trunk/Bundles/SQL.tmbundle@4230 dfb7d73b-c2ec-0310-8fea-fb051d288c6d","date":"2006-07-16T02:12:25+00:00","commit":"48e8f8a788f76e8a982ff24748181ea9c805e7f8","author":"Michael Sheets","summary":"Change string.interpolation.sql to string.interpolated.sql"},{"body":"git-svn-id: http://svn.textmate.org/trunk/Bundles/SQL.tmbundle@4101 dfb7d73b-c2ec-0310-8fea-fb051d288c6d","date":"2006-07-10T07:11:10+00:00","commit":"d7f4ddd899d5d5d5c93dfc63f2e20a71905b93c4","author":"Charilaos Skiadas","summary":"Add \"foreign\" keyword."},{"body":"git-svn-id: http://svn.textmate.org/trunk/Bundles/SQL.tmbundle@3941 dfb7d73b-c2ec-0310-8fea-fb051d288c6d","date":"2006-07-01T06:04:42+00:00","commit":"897a163ce59e502ef0463ef2817f025d0f2a7680","author":"Allan Odgaard","summary":"• added support for various forms of joins (from Anthony Bush)"},{"body":"git-svn-id: http://svn.textmate.org/trunk/Bundles/SQL.tmbundle@3940 dfb7d73b-c2ec-0310-8fea-fb051d288c6d","date":"2006-07-01T05:44:58+00:00","commit":"61db59cf63aedf3107c209c287775528768ed6f6","author":"Allan Odgaard","summary":"• changed all declaration scopes to meta • moved string, regexp, and comment matching to the repository seciton • re-ordered rules (hopefully this didn’t screw up the grammar) • introduced additional rules for single, double, and back-tick quoted strings which match strings w/o special (escaped) characters — on very long lines, this provides a significant speedup since the “sub patterns” will be matched against the entire rest of the line, so if we have a line containing 10,000 strings, we run the string-sub pattern (for \\\\.) 10,000 times on that same line, and if the line doesn’t have any \\ characters, each match will run to the end of the line (long term I will address the problem in the parser) — this change was prompted by ticket 0EF871AC"},{"body":"git-svn-id: http://svn.textmate.org/trunk/Bundles/SQL.tmbundle@3646 dfb7d73b-c2ec-0310-8fea-fb051d288c6d","date":"2006-06-14T01:34:08+00:00","commit":"08bb013ef3fea218b5b755feb753de9415870994","author":"Allan Odgaard","summary":"• remove the “to Clipboard” (as was also done in the AppleScript bundle — the regular Copy action also do not have this suffix) • rename Documentation for Word to Search as this is more of a search action than documentation lookup (despite using the documentation key equivalent) • re-order items in menu-structure"},{"body":"git-svn-id: http://svn.textmate.org/trunk/Bundles/SQL.tmbundle@3395 dfb7d73b-c2ec-0310-8fea-fb051d288c6d","date":"2006-05-23T19:55:46+00:00","commit":"218dafe854f0b958189db4f608fbc602c4cfb0a6","author":"Allan Odgaard","summary":"• menu structure"},{"body":"git-svn-id: http://svn.textmate.org/trunk/Bundles/SQL.tmbundle@3341 dfb7d73b-c2ec-0310-8fea-fb051d288c6d","date":"2006-05-14T21:38:35+00:00","commit":"a250fb52310ce6247836264e64439ab1ca8fd472","author":"David Powers","summary":"Add LIMIT to SQL syntax highlighting"},{"body":"git-svn-id: http://svn.textmate.org/trunk/Bundles/SQL.tmbundle@3225 dfb7d73b-c2ec-0310-8fea-fb051d288c6d","date":"2006-05-04T11:58:54+00:00","commit":"dec62b20927f91dc2f877b6c9807ee403e03f99b","author":"Allan Odgaard","summary":"• use --password=\"$MYSQL_PWD\" instead of -p\"$MYSQL_PWD\" so that blank passwords work"},{"body":"git-svn-id: http://svn.textmate.org/trunk/Bundles/SQL.tmbundle@3132 dfb7d73b-c2ec-0310-8fea-fb051d288c6d","date":"2006-04-27T09:45:14+00:00","commit":"e2cdc606e51c862b8880570716faf91bb027f078","author":"Jakub Nešetřil","summary":"Standard keybinding now for SQL language, too"},{"body":"git-svn-id: http://svn.textmate.org/trunk/Bundles/SQL.tmbundle@3044 dfb7d73b-c2ec-0310-8fea-fb051d288c6d","date":"2006-04-15T13:46:06+00:00","commit":"c0a095e112005ec7381ae8cc33621e364398b967","author":"Allan Odgaard","summary":"• when a TM_COMMENT_STOP character is given, the default value of TM_COMMENT_MODE is block (instead of line) • strip all comment preferences to minimal number of variables (by relying on the smart default values)"},{"body":"git-svn-id: http://svn.textmate.org/trunk/Bundles/SQL.tmbundle@2977 dfb7d73b-c2ec-0310-8fea-fb051d288c6d","date":"2006-04-09T21:31:30+00:00","commit":"38ea4f28d3a3a3765cd827c7fa3ded464e52f325","author":"Allan Odgaard","summary":"• all single line comments, bullet points (plain text), and quoted lines (mail) now optionally match the newline character — this is so that when the caret is at the end of the line, the scope is still that of “the line.” This is so key equivalents bound to a given scope (like the ‘enter’ key) also work when typing at the end of the line, which would be expected."},{"body":"git-svn-id: http://svn.textmate.org/trunk/Bundles/SQL.tmbundle@2973 dfb7d73b-c2ec-0310-8fea-fb051d288c6d","date":"2006-04-09T03:04:28+00:00","commit":"2b39b4fb765fd9a2faf6a66e27b1bf61976f9957","author":"Allan Odgaard","summary":"• made comments its own entry (instead of part of the miscellaneous) • added additional comment variants for the languages which have them (that I am aware of, and have the bundle enabled)"},{"body":"To activate, set TM_DB_SERVER to sqlite3 and SQLITE3_DB to your database.\n\n\ngit-svn-id: http://svn.textmate.org/trunk/Bundles/SQL.tmbundle@2951 dfb7d73b-c2ec-0310-8fea-fb051d288c6d","date":"2006-04-04T21:51:38+00:00","commit":"590e9bfc73acbf4cb60aabd0feae2f6766f217dd","author":"Allan Odgaard","summary":"• preliminary support for sqlite3 (from Young)"},{"body":"git-svn-id: http://svn.textmate.org/trunk/Bundles/SQL.tmbundle@2922 dfb7d73b-c2ec-0310-8fea-fb051d288c6d","date":"2006-03-30T21:23:23+00:00","commit":"12f9280e37392da8ad1270428db4915d590ff619","author":"Allan Odgaard","summary":"• use Table Browser as window title since this is what the command is named"},{"body":"git-svn-id: http://svn.textmate.org/trunk/Bundles/SQL.tmbundle@2848 dfb7d73b-c2ec-0310-8fea-fb051d288c6d","date":"2006-03-10T04:55:53+00:00","commit":"1b30fccc8182e1350517c5124487ec86c15f3f87","author":"Benoit Gagnon","summary":"fixed a few alignment issues when resizing the window"},{"body":"git-svn-id: http://svn.textmate.org/trunk/Bundles/SQL.tmbundle@2847 dfb7d73b-c2ec-0310-8fea-fb051d288c6d","date":"2006-03-10T02:01:23+00:00","commit":"ad6b0a3c334c06063cb4f28d1ca64536e3932bc0","author":"Brad Miller","summary":"The awesome new icons added by Benoit definitely make the database list too wide in postgres.  So, I removed the encoding column.  Now Postegres only shows database and owner."},{"body":"git-svn-id: http://svn.textmate.org/trunk/Bundles/SQL.tmbundle@2846 dfb7d73b-c2ec-0310-8fea-fb051d288c6d","date":"2006-03-10T00:14:07+00:00","commit":"aa39edfa2d8baa75cbd338c66e999a185911927c","author":"Allan Odgaard","summary":"• wrap the shell execution in a shell_run function which sets TextMate.isBusy to true/false to get the progress indicator"},{"body":"git-svn-id: http://svn.textmate.org/trunk/Bundles/SQL.tmbundle@2845 dfb7d73b-c2ec-0310-8fea-fb051d288c6d","date":"2006-03-10T00:01:21+00:00","commit":"2855c91cf87fba8f3f91c84cf0b6c44900ba67b4","author":"Benoit Gagnon","summary":"added database and table icons to lists. Icons are from the free Silk collection, released under the Creative Commons 2.5 license. http://www.famfamfam.com/lab/icons/silk/"},{"body":"git-svn-id: http://svn.textmate.org/trunk/Bundles/SQL.tmbundle@2798 dfb7d73b-c2ec-0310-8fea-fb051d288c6d","date":"2006-02-27T23:42:38+00:00","commit":"f13cc8164bdceb8b3cb748901ab0f5fb82413f20","author":"Allan Odgaard","summary":"• remove SQL from the title (seeing how this is in the SQL bundle)"},{"body":"git-svn-id: http://svn.textmate.org/trunk/Bundles/SQL.tmbundle@2764 dfb7d73b-c2ec-0310-8fea-fb051d288c6d","date":"2006-02-24T23:12:05+00:00","commit":"c6b74983f05e27e828208bb7f6d1ae227e8398f0","author":"Brad Miller","summary":"Small change to javascript bit so that the window does not scroll to the bottom of the results.  I thought this was pretty annoying behavior now that sample data is displayed."},{"body":"git-svn-id: http://svn.textmate.org/trunk/Bundles/SQL.tmbundle@2763 dfb7d73b-c2ec-0310-8fea-fb051d288c6d","date":"2006-02-24T21:43:09+00:00","commit":"3ff7d144a79b6144a176769eae5c9f4d27fe3813","author":"Benoit Gagnon","summary":"set svn:ignore for all .pyc files"},{"body":"git-svn-id: http://svn.textmate.org/trunk/Bundles/SQL.tmbundle@2762 dfb7d73b-c2ec-0310-8fea-fb051d288c6d","date":"2006-02-24T21:37:57+00:00","commit":"3b70a42145d75c721b2573552c0a6a98b042f12a","author":"Benoit Gagnon","summary":"nicer CSS styles :) will add icons for databases/tables and possibly columns note: had to modify the python script a little.."},{"body":"git-svn-id: http://svn.textmate.org/trunk/Bundles/SQL.tmbundle@2761 dfb7d73b-c2ec-0310-8fea-fb051d288c6d","date":"2006-02-24T21:29:42+00:00","commit":"5289b0801b2c702d2925cf7f9e562bda83c72ce6","author":"Brad Miller","summary":"temporary (maybe) change to the sample data display.... will only show 30 characters of data."},{"body":"git-svn-id: http://svn.textmate.org/trunk/Bundles/SQL.tmbundle@2760 dfb7d73b-c2ec-0310-8fea-fb051d288c6d","date":"2006-02-24T21:19:04+00:00","commit":"bb6e2dd18239f4e70ab6ace832523b70918a2d06","author":"Brad Miller","summary":"Don't force a load of pgdb."},{"body":"git-svn-id: http://svn.textmate.org/trunk/Bundles/SQL.tmbundle@2759 dfb7d73b-c2ec-0310-8fea-fb051d288c6d","date":"2006-02-24T21:06:34+00:00","commit":"e0a0d0503a10db490bf2317c8f89dc02b4a143ab","author":"Brad Miller","summary":"Selecting a table now displays column information and 10 rows of sample data. Changed the color scheme to something more basic since I can't figure out how to make the colored background grow.  This is much less garish anyway."},{"body":"git-svn-id: http://svn.textmate.org/trunk/Bundles/SQL.tmbundle@2758 dfb7d73b-c2ec-0310-8fea-fb051d288c6d","date":"2006-02-24T18:53:56+00:00","commit":"a9ac989ce3930c466b1e2d28cac6e20f568c79ef","author":"Brad Miller","summary":"Clear out the old column information when you switch to a new database."},{"body":"git-svn-id: http://svn.textmate.org/trunk/Bundles/SQL.tmbundle@2756 dfb7d73b-c2ec-0310-8fea-fb051d288c6d","date":"2006-02-23T19:07:51+00:00","commit":"63d3aa8e5ef7c96b45ad7f19faa69ad4b109375a","author":"Brad Miller","summary":"change match so that list of tables now works with both mysql 4 and 5."},{"body":"git-svn-id: http://svn.textmate.org/trunk/Bundles/SQL.tmbundle@2755 dfb7d73b-c2ec-0310-8fea-fb051d288c6d","date":"2006-02-23T17:11:05+00:00","commit":"e75bbedb3dfa8bdc9e0ac6f50d375b3ab330a7fc","author":"Brad Miller","summary":"Oops, really change psql8 to just psql this time."},{"body":"git-svn-id: http://svn.textmate.org/trunk/Bundles/SQL.tmbundle@2754 dfb7d73b-c2ec-0310-8fea-fb051d288c6d","date":"2006-02-23T12:29:18+00:00","commit":"c5c681149aa26b593fb3b647e738bf9421b4fdcd","author":"Brad Miller","summary":"Fixed column references for listing columns in mysql.  Should be good now (at least for mysql 4) Changed command for postgresql to psql rather than psql8"},{"body":"git-svn-id: http://svn.textmate.org/trunk/Bundles/SQL.tmbundle@2753 dfb7d73b-c2ec-0310-8fea-fb051d288c6d","date":"2006-02-23T04:06:59+00:00","commit":"97367fb3755b09b4d1b38a4941c15f6ded9d9378","author":"Brad Miller","summary":"Provide a list of tables in a sidebar.  Clicking on a table selects a different database. Some testing in both mysql and pgsql Someone please suggest a color scheme!!"},{"body":"git-svn-id: http://svn.textmate.org/trunk/Bundles/SQL.tmbundle@2748 dfb7d73b-c2ec-0310-8fea-fb051d288c6d","date":"2006-02-22T12:25:44+00:00","commit":"ed306ec71c9f05d80045124b5de5ec3c2d4420dc","author":"Brad Miller","summary":"Add some nice formatting to the column list. Added code, not used yet to get the list of databases.  I'm thinking that I might try a two column layout.  with the list of databases on the left in a sidebar.  The tables/columns/data would be on the right."},{"body":"git-svn-id: http://svn.textmate.org/trunk/Bundles/SQL.tmbundle@2746 dfb7d73b-c2ec-0310-8fea-fb051d288c6d","date":"2006-02-22T11:19:46+00:00","commit":"3ee4337d6f3080646780d0fbff987ad854ee9010","author":"Allan Odgaard","summary":"• left align text (again) — the right alignment looked bad for columns with text (if only there was a way to know which columns contain numbers)"},{"body":"git-svn-id: http://svn.textmate.org/trunk/Bundles/SQL.tmbundle@2741 dfb7d73b-c2ec-0310-8fea-fb051d288c6d","date":"2006-02-21T22:26:46+00:00","commit":"7213d68e1b02e6a3aa1ca99dd64f2f3d97877162","author":"Allan Odgaard","summary":"• remove this, as it does not seem to contain anything which ins’t already in the Support folder"},{"body":"git-svn-id: http://svn.textmate.org/trunk/Bundles/SQL.tmbundle@2740 dfb7d73b-c2ec-0310-8fea-fb051d288c6d","date":"2006-02-21T22:24:56+00:00","commit":"7369ba75646a2042704584ab395013fcff36f620","author":"Allan Odgaard","summary":"• remove generated files from repository"},{"body":"git-svn-id: http://svn.textmate.org/trunk/Bundles/SQL.tmbundle@2739 dfb7d73b-c2ec-0310-8fea-fb051d288c6d","date":"2006-02-21T22:20:37+00:00","commit":"316968647c60abf4ab162b21ee3d42697de3d159","author":"Allan Odgaard","summary":"• add helper function to determine users database. Currently it has a (clipped) Make Default button, but it’s non-functioning ATM (I figured it should write the choice to the defaults database) • make the Table Browser and SQL Query commands use this new function (and remove the PostgreSQL command) • update documentation"},{"body":"git-svn-id: http://svn.textmate.org/trunk/Bundles/SQL.tmbundle@2738 dfb7d73b-c2ec-0310-8fea-fb051d288c6d","date":"2006-02-21T21:21:55+00:00","commit":"3a02d654ef637724891ef296fd071b51226d559e","author":"Brad Miller","summary":"Bug fixes.  I actually got a version of mysql running so I have now run it against both postgresql and mysql successfully."},{"body":"git-svn-id: http://svn.textmate.org/trunk/Bundles/SQL.tmbundle@2734 dfb7d73b-c2ec-0310-8fea-fb051d288c6d","date":"2006-02-21T12:55:10+00:00","commit":"d98b90469c32dbd2359eab893333301d2417e469","author":"Allan Odgaard","summary":"• convert the MYSQL_PORT to an integer (otherwise the connection call threw an exception) — not sure if the same needs done for the postgresql driver"},{"body":"git-svn-id: http://svn.textmate.org/trunk/Bundles/SQL.tmbundle@2733 dfb7d73b-c2ec-0310-8fea-fb051d288c6d","date":"2006-02-21T12:43:35+00:00","commit":"3a41c840c2931f12af023f8d57d6d3c375522041","author":"Brad Miller","summary":"So much for Python's DB-API2.0 implemented as a standard.  MySQLdb and pygresql implement a different set of keyword parameters for the connect statement.  Each should now use the right set."},{"body":"git-svn-id: http://svn.textmate.org/trunk/Bundles/SQL.tmbundle@2732 dfb7d73b-c2ec-0310-8fea-fb051d288c6d","date":"2006-02-21T12:39:06+00:00","commit":"cb51ea4eaee17a1615f432408e7741cbc82c6079","author":"Brad Miller","summary":"Incorporate Alan's modifications to improve the formatting of html output from postgres."},{"body":"I only changed the MySQL query command, but the PostgreSQL should naturally follow. Either someone send me the HTML output from PostgreSQL (so that I can see how to alter it, to add a class to the table), or someone with PostgreSQL add the proper replacement (and inclusion of our “default” style sheet).\n\n\n\ngit-svn-id: http://svn.textmate.org/trunk/Bundles/SQL.tmbundle@2731 dfb7d73b-c2ec-0310-8fea-fb051d288c6d","date":"2006-02-21T10:59:54+00:00","commit":"361eef0b0fea82b30c160fdc44b92b20b6fdf06b","author":"Allan Odgaard","summary":"• much nicer table output :)"},{"body":"git-svn-id: http://svn.textmate.org/trunk/Bundles/SQL.tmbundle@2730 dfb7d73b-c2ec-0310-8fea-fb051d288c6d","date":"2006-02-21T10:19:25+00:00","commit":"f35683f36a99d654b6906671cc6109b017bfe4e7","author":"Allan Odgaard","summary":"• change #!/usr/local/bin/python to #!/usr/bin/env python • remove `or TRUE` from the postgresql --server argument check"},{"body":"git-svn-id: http://svn.textmate.org/trunk/Bundles/SQL.tmbundle@2728 dfb7d73b-c2ec-0310-8fea-fb051d288c6d","date":"2006-02-21T00:09:07+00:00","commit":"4041aaa31ef3dbc46f9ab11b3a9402c5ae9aa16b","author":"Brad Miller","summary":"Redo option handling.  I have not checked all possible combinations of command line options versus envrionment variables but hopefully this is a step in the right direction.  specifically I fixed the problems with not looking at MYSQL_USER and MYSQL_PORT"},{"body":"git-svn-id: http://svn.textmate.org/trunk/Bundles/SQL.tmbundle@2727 dfb7d73b-c2ec-0310-8fea-fb051d288c6d","date":"2006-02-20T23:17:00+00:00","commit":"c6b83dc57978598a3cf8a8fe0222f98c4cfc28c6","author":"Benoit Gagnon","summary":"fixed typo in Help output"},{"body":"git-svn-id: http://svn.textmate.org/trunk/Bundles/SQL.tmbundle@2725 dfb7d73b-c2ec-0310-8fea-fb051d288c6d","date":"2006-02-20T21:14:30+00:00","commit":"f2f993a0c3d2f6cdf0cd9a3b67394f89017939ea","author":"Allan Odgaard","summary":"rename old dir (with wrong case)"},{"body":"git-svn-id: http://svn.textmate.org/trunk/Bundles/SQL.tmbundle@2724 dfb7d73b-c2ec-0310-8fea-fb051d288c6d","date":"2006-02-20T12:50:38+00:00","commit":"6c9df01ac51061f501806549ac13e33db9264524","author":"Brad Miller","summary":"recover capitalized Support directory"},{"body":"git-svn-id: http://svn.textmate.org/trunk/Bundles/SQL.tmbundle@2723 dfb7d73b-c2ec-0310-8fea-fb051d288c6d","date":"2006-02-20T12:49:06+00:00","commit":"6d80f5bffd17f47696b0ff5e207bd21898691205","author":"Brad Miller","summary":"intermediate step to rename support"},{"body":"git-svn-id: http://svn.textmate.org/trunk/Bundles/SQL.tmbundle@2722 dfb7d73b-c2ec-0310-8fea-fb051d288c6d","date":"2006-02-20T12:40:31+00:00","commit":"91956ec8bba3fa1107553e1349ed9983e19704eb","author":"Brad Miller","summary":"Fix problem with detecting postgres vs mysql prior to formal argv processing."},{"body":"git-svn-id: http://svn.textmate.org/trunk/Bundles/SQL.tmbundle@2720 dfb7d73b-c2ec-0310-8fea-fb051d288c6d","date":"2006-02-19T23:04:44+00:00","commit":"379a467f81cf5274a4c455f184738054af26948a","author":"Brad Miller","summary":"Add MySQLdb driver to bin directory. Clean up configuration.  This *should* work out of the box now for either Postgresql or Mysql.  Set  the TM_DB_SERVER variable.  Other MYSQL_xxx or PGxxxx variables must also be set."},{"body":"git-svn-id: http://svn.textmate.org/trunk/Bundles/SQL.tmbundle@2719 dfb7d73b-c2ec-0310-8fea-fb051d288c6d","date":"2006-02-19T22:09:40+00:00","commit":"4225b33acb0a9395c8068f10fa846c49e3c36b4d","author":"Brad Miller","summary":"Ooops, should have committed this along with the python script.  Still needs improvment to make it easy to configure.  Also this package assumes that you have a driver installed already for mysql.  (MySQLdb).  I'll work on getting that added to the support directory."},{"body":"git-svn-id: http://svn.textmate.org/trunk/Bundles/SQL.tmbundle@2718 dfb7d73b-c2ec-0310-8fea-fb051d288c6d","date":"2006-02-19T22:06:42+00:00","commit":"32d4d0d110d21022e1d11cd4dbe000fa047e2930","author":"Brad Miller","summary":"Checkpoint commit.  It works with both postgresql and mysql now.  But I need to work on making it easier to configure."},{"body":"Mysql &lt; 5.0 will be more problematic to support since it does not support the information_schema view.  How many TM users are using mysql 4.x and would want the schema browser function?\n\n\ngit-svn-id: http://svn.textmate.org/trunk/Bundles/SQL.tmbundle@2712 dfb7d73b-c2ec-0310-8fea-fb051d288c6d","date":"2006-02-19T00:51:06+00:00","commit":"4fcb8dd686b848382382a515bf7e5df70970fe8a","author":"Brad Miller","summary":"Converted to Python DB-API 2.0 Now this *should* work for either mysql-5.x or postgres if you load the right drivers module.  In the next step I'll make mysql or postgresql a parameter to the script to facilitate loading the proper driver.  Mysql is still not tested as I am just building the driver and will have to install 5.0"},{"body":"git-svn-id: http://svn.textmate.org/trunk/Bundles/SQL.tmbundle@2711 dfb7d73b-c2ec-0310-8fea-fb051d288c6d","date":"2006-02-18T22:33:25+00:00","commit":"e3803966d21f2a3cd0f11e4618021fee4287f227","author":"Brad Miller","summary":"This is an alpha version of a table browser for TextMate.  Its a work in progress, proof of concept.  Right now it works rather nicely for me, but it only works for Postgresql and it uses the PyGreSQL module (included in the Support directory).  It works for me, but I would love to hear from someone else using Postgres, particularly if you don't have the PyGreSQL module installed in /Library. Next Steps:  - Modify the database interface to use Python DB-API-2.0 calls  - Make it work with either postgres or mysql depending on what you have installed."},{"body":"git-svn-id: http://svn.textmate.org/trunk/Bundles/SQL.tmbundle@2692 dfb7d73b-c2ec-0310-8fea-fb051d288c6d","date":"2006-02-10T06:08:40+00:00","commit":"bb0b4ee2a5c909417c83a094db67042fe31eee96","author":"Allan Odgaard","summary":"• set source.sql as scope selector (there wasn't any set)"},{"body":"git-svn-id: http://svn.textmate.org/trunk/Bundles/SQL.tmbundle@2576 dfb7d73b-c2ec-0310-8fea-fb051d288c6d","date":"2006-01-23T01:50:32+00:00","commit":"b5138eae7d63f21673dd675523724d1ac2e78542","author":"Allan Odgaard","summary":"• also parse optional quote after name of the create table (and more) rule"},{"body":"git-svn-id: http://svn.textmate.org/trunk/Bundles/SQL.tmbundle@2502 dfb7d73b-c2ec-0310-8fea-fb051d288c6d","date":"2005-12-23T17:59:55+00:00","commit":"c1294e180b1b0b1bd27a04df3d9a2eb094172e77","author":"Allan Odgaard","summary":"• command to perform a search in the MySQL 5 manual (using current word)"},{"body":"git-svn-id: http://svn.textmate.org/trunk/Bundles/SQL.tmbundle@2501 dfb7d73b-c2ec-0310-8fea-fb051d288c6d","date":"2005-12-23T03:16:33+00:00","commit":"6c6fd2703d3c895e03c7665d69d4c99a261fc053","author":"Chris Thomas","summary":"• A bunch of places had \\s where \\b should have been (also, capturing SELECT won't work correctly for INSERT, which is also in that rule) • Add a few more data types • Add C-style block comments"},{"body":"git-svn-id: http://svn.textmate.org/trunk/Bundles/SQL.tmbundle@2483 dfb7d73b-c2ec-0310-8fea-fb051d288c6d","date":"2005-12-20T21:07:36+00:00","commit":"4641ac05445f349d72c9e1154fae4d90ed6417dc","author":"Brad Miller","summary":"A couple of minor mods to fix highlighting on select statements.  Also fixed highlighting on create statements.  More could be done..."},{"body":"git-svn-id: http://svn.textmate.org/trunk/Bundles/SQL.tmbundle@2444 dfb7d73b-c2ec-0310-8fea-fb051d288c6d","date":"2005-12-13T21:17:29+00:00","commit":"89a9e505fdfc2dfccc5e010aaa4540fda7003ee2","author":"Allan Odgaard","summary":"• minor changes"},{"body":"git-svn-id: http://svn.textmate.org/trunk/Bundles/SQL.tmbundle@2273 dfb7d73b-c2ec-0310-8fea-fb051d288c6d","date":"2005-11-24T06:34:20+00:00","commit":"0dc2137ef3cb017b7697adcf1cddfd84d0125b80","author":"Allan Odgaard","summary":"• make more commands use fallback for selection and the new menu title feature"},{"body":"git-svn-id: http://svn.textmate.org/trunk/Bundles/SQL.tmbundle@2243 dfb7d73b-c2ec-0310-8fea-fb051d288c6d","date":"2005-11-23T06:56:37+00:00","commit":"91f90b983dc548540ea63fd9ce6a901ad13adcb9","author":"Allan Odgaard","summary":"• minor changes to the markup"},{"body":"git-svn-id: http://svn.textmate.org/trunk/Bundles/SQL.tmbundle@2207 dfb7d73b-c2ec-0310-8fea-fb051d288c6d","date":"2005-11-20T23:22:45+00:00","commit":"6bf1ab11ce06996b86c04ee5fc165e59888f2405","author":"Allan Odgaard","summary":"• rename on disk to the name of the command"},{"body":"git-svn-id: http://svn.textmate.org/trunk/Bundles/SQL.tmbundle@2206 dfb7d73b-c2ec-0310-8fea-fb051d288c6d","date":"2005-11-20T23:22:07+00:00","commit":"e0946686d0b49f39e929fcc020536b07bcf16caf","author":"Allan Odgaard","summary":"• remove outputting a &lt;title> since TextMate defaults to the name of the command"},{"body":"git-svn-id: http://svn.textmate.org/trunk/Bundles/SQL.tmbundle@2205 dfb7d73b-c2ec-0310-8fea-fb051d288c6d","date":"2005-11-20T22:58:11+00:00","commit":"c5d087c371444533c71cd6136791a1b2eaef3471","author":"Brad Miller","summary":"Add command to submit an SQL query to postgresql. I did this as a separate command  but bound to ctrl-shift-q (just like the mysql variety) realizing that most people may only use one or the other.  I though tthis was clearer.  We could of course combine the two commands into one and use an environment variable to decide which flavor of database to actually run...."},{"body":"git-svn-id: http://svn.textmate.org/trunk/Bundles/SQL.tmbundle@2060 dfb7d73b-c2ec-0310-8fea-fb051d288c6d","date":"2005-11-02T10:27:46+00:00","commit":"6103f575c17d8a897cab6a3023aeef1d7535037e","author":"Allan Odgaard","summary":"• add a “require_cmd mysql” statement"},{"body":"git-svn-id: http://svn.textmate.org/trunk/Bundles/SQL.tmbundle@2039 dfb7d73b-c2ec-0310-8fea-fb051d288c6d","date":"2005-10-28T22:51:33+00:00","commit":"9f23187e2324b441e1eef9eae9c16ce512eaf023","author":"Benoit Gagnon","summary":"• in MySQL (at least), START TRANSACTION is an alternative to BEGIN [WORK]"},{"body":"git-svn-id: http://svn.textmate.org/trunk/Bundles/SQL.tmbundle@2035 dfb7d73b-c2ec-0310-8fea-fb051d288c6d","date":"2005-10-28T20:01:01+00:00","commit":"5158273417196cc1d932b058045ecd226974ca6d","author":"Allan Odgaard","summary":"• made output from mysql use a 9pt font (too small maybe? works well with lots of output)"},{"body":"git-svn-id: http://svn.textmate.org/trunk/Bundles/SQL.tmbundle@1979 dfb7d73b-c2ec-0310-8fea-fb051d288c6d","date":"2005-10-22T14:30:07+00:00","commit":"7b71a8f83025b346e82566d1ff78db5ee6ab7580","author":"Allan Odgaard","summary":"• set string encoding to UTF-8 (for pbcopy)"},{"body":"git-svn-id: http://svn.textmate.org/trunk/Bundles/SQL.tmbundle@1978 dfb7d73b-c2ec-0310-8fea-fb051d288c6d","date":"2005-10-22T02:13:48+00:00","commit":"f26d02fa72ee0218c125d7fdc30e15f888a33489","author":"Allan Odgaard","summary":"• let command make use of the new pre function"},{"body":"git-svn-id: http://svn.textmate.org/trunk/Bundles/SQL.tmbundle@1853 dfb7d73b-c2ec-0310-8fea-fb051d288c6d","date":"2005-09-29T06:06:44+00:00","commit":"85a76d245368c22d28c366bc49a952188b1e6ade","author":"Allan Odgaard","summary":"• add entity-escaping of problematic characters"},{"body":"git-svn-id: http://svn.textmate.org/trunk/Bundles/SQL.tmbundle@1852 dfb7d73b-c2ec-0310-8fea-fb051d288c6d","date":"2005-09-29T06:01:14+00:00","commit":"d493444be19898451ddadd86515623ba735e16b5","author":"Allan Odgaard","summary":"• give output window a title and add meaningful header/footer to the actual output"},{"body":"git-svn-id: http://svn.textmate.org/trunk/Bundles/SQL.tmbundle@1850 dfb7d73b-c2ec-0310-8fea-fb051d288c6d","date":"2005-09-29T05:39:26+00:00","commit":"d917fadbd5744bafb9ec46503498b1227ec697bb","author":"Allan Odgaard","summary":"• made the shell command a little nicer, renamed it to MySQL Query, and added $USER as default value for $MYSQL_USER • updated help text accordingly"},{"body":"git-svn-id: http://svn.textmate.org/trunk/Bundles/SQL.tmbundle@1794 dfb7d73b-c2ec-0310-8fea-fb051d288c6d","date":"2005-09-14T20:40:00+00:00","commit":"ed007da18f6d1e057bb8a4ac554c9854f4dbbc2a","author":"Benoit Gagnon","summary":"* added float() datatype (Oracle) * added tinyint() datatype (mySQL)"},{"body":"git-svn-id: http://svn.textmate.org/trunk/Bundles/SQL.tmbundle@1793 dfb7d73b-c2ec-0310-8fea-fb051d288c6d","date":"2005-09-14T19:40:16+00:00","commit":"149c415aff45b1ba6e04cea3468a03628745cb26","author":"Allan Odgaard","summary":"• removed ' as valid char from the storage.type rule, since if line contains a string where second word is a type specifier, it will be matched by this rule • added missing word boundary after type specifier in storage.type"},{"body":"git-svn-id: http://svn.textmate.org/trunk/Bundles/SQL.tmbundle@1589 dfb7d73b-c2ec-0310-8fea-fb051d288c6d","date":"2005-08-22T15:32:36+00:00","commit":"839b7a19319e8507c265a483deb5be696f21054a","author":"Kumar McMillan","summary":"Simplified \"Copy SQL to clipboard\" command -- deleted python script in lieu of a grep/tr command (thanks Allan)."},{"body":"git-svn-id: http://svn.textmate.org/trunk/Bundles/SQL.tmbundle@1585 dfb7d73b-c2ec-0310-8fea-fb051d288c6d","date":"2005-08-19T17:31:24+00:00","commit":"3981e2c0da6582e117b53576a2917779ee9891d3","author":"Kumar McMillan","summary":"removed redundant stdin echo :)"},{"body":"git-svn-id: http://svn.textmate.org/trunk/Bundles/SQL.tmbundle@1584 dfb7d73b-c2ec-0310-8fea-fb051d288c6d","date":"2005-08-19T16:11:46+00:00","commit":"3d6d90b5116bd5ee5148dd0202e894758a698b3e","author":"Kumar McMillan","summary":"Added command \"Copy condensed SQL to clipboard\".  This was needed because I work with a postgres database that I would rather keep on a dev server (as opposed to local) ... thus copying and pasting large queries to test them is hard to do if they have many line breaks.  psql seems to get confused easily like that.  This copies them all onto one line (sans comment lines) and proved to be pretty useful.  The script onelinecopy.py can be used elsewhere with custom discard patterns too."},{"body":"git-svn-id: http://svn.textmate.org/trunk/Bundles/SQL.tmbundle@1404 dfb7d73b-c2ec-0310-8fea-fb051d288c6d","date":"2005-08-01T07:02:06+00:00","commit":"8ce920ee9944093a9ad4c4d2a0994e68d2b395bf","author":"Allan Odgaard","summary":"• updated language to that posted by Mark Cotner • moved increase-indent pattern to a bundle settings • added support for # comments and `strings` • allow for the table name (in create table) to be quoted"},{"body":"git-svn-id: http://svn.textmate.org/trunk/Bundles/SQL.tmbundle@1182 dfb7d73b-c2ec-0310-8fea-fb051d288c6d","date":"2005-06-12T19:57:46+00:00","commit":"8c1c6d08c335414983927f2e2320c6f51e474f79","author":"Allan Odgaard","summary":"Even more languages now conform..."},{"body":"git-svn-id: http://svn.textmate.org/trunk/Bundles/SQL.tmbundle@1095 dfb7d73b-c2ec-0310-8fea-fb051d288c6d","date":"2005-05-28T00:59:36+00:00","commit":"c3e7653884edc9763e0ad154e6aeeebd19d873a5","author":"Allan Odgaard","summary":"When there is no selection, it'll use current line as the query."},{"body":"git-svn-id: http://svn.textmate.org/trunk/Bundles/SQL.tmbundle@996 dfb7d73b-c2ec-0310-8fea-fb051d288c6d","date":"2005-05-20T19:08:01+00:00","commit":"938e696f3c78317f5edb88d1e232e85263570d45","author":"Allan Odgaard","summary":"Should have been included in last commit."},{"body":"git-svn-id: http://svn.textmate.org/trunk/Bundles/SQL.tmbundle@916 dfb7d73b-c2ec-0310-8fea-fb051d288c6d","date":"2005-05-15T02:18:40+00:00","commit":"6bc52dc836089bec93e26c3f2f1c7e7b00695097","author":"Allan Odgaard","summary":"Changed all uses of \\&lt; and \\> to \\b. Beta 9 uses oniguruma as regular expression library and doesn't have the former. Other than that, and lack of conditions (?(n)&lt;true>:&lt;false>) (and different syntax for (?R)) then there shouldn't be any compatibility problems. On the positive side, oniguruma has recursive sub-groups, look-behind, is faster, and gives proper error codes for bad regular expressions!"},{"body":"Right now the bundle only matches clauses of a select such as from, where, order by, group by when they are the first thing on a line.  I would prefer to have them match anywhere.  What do others think?\n\ngit-svn-id: http://svn.textmate.org/trunk/Bundles/SQL.tmbundle@811 dfb7d73b-c2ec-0310-8fea-fb051d288c6d","date":"2005-04-29T12:44:41+00:00","commit":"7460ae420842c8cb1a69c39b8a2bbe3951ea40e0","author":"Brad Miller","summary":"minor change to allow for select to be matched when it is nested and has a left paren right before it."},{"body":"git-svn-id: http://svn.textmate.org/trunk/Bundles/SQL.tmbundle@808 dfb7d73b-c2ec-0310-8fea-fb051d288c6d","date":"2005-04-29T08:20:06+00:00","commit":"ed5620cc49c3c013e9e0c5c35d5711400fba0749","author":"Allan Odgaard","summary":"A lot of renaming, re-ordering, inserting “whatever” as placeholder text etc."},{"body":"git-svn-id: http://svn.textmate.org/trunk/Bundles/SQL.tmbundle@769 dfb7d73b-c2ec-0310-8fea-fb051d288c6d","date":"2005-04-27T21:56:27+00:00","commit":"0acc39b26a42972c8dc32211787534dbf7a8a2cf","author":"Chris Thomas","summary":"• SQLite permits varchar without length • SQLite allows column names to be surrounded by single quotes • Use wordbreaks rather than whitespace so that \"INTEGER PRIMARY KEY NOT NULL\" highlights correctly"},{"body":"git-svn-id: http://svn.textmate.org/trunk/Bundles/SQL.tmbundle@757 dfb7d73b-c2ec-0310-8fea-fb051d288c6d","date":"2005-04-27T08:10:53+00:00","commit":"b8b0254a9d38e49ab9c256c70390ba84c9b95fda","author":"Michael Sheets","summary":"General Cleanup Made all captures case-insensitive. Changed string.regex to string.regexp to be consistant."},{"body":"git-svn-id: http://svn.textmate.org/trunk/Bundles/SQL.tmbundle@649 dfb7d73b-c2ec-0310-8fea-fb051d288c6d","date":"2005-04-22T08:47:20+00:00","commit":"ab910c981622ca84a810ec6165ae6f9cec36ee3b","author":"Allan Odgaard","summary":"Changed all names to singular form."},{"body":"git-svn-id: http://svn.textmate.org/trunk/Bundles/SQL.tmbundle@622 dfb7d73b-c2ec-0310-8fea-fb051d288c6d","date":"2005-04-21T07:41:17+00:00","commit":"208e3e31cd6db03ed8258995b831e6dde36017ff","author":"Allan Odgaard","summary":"Moved all bundles. I'm not sure what happens if you do “svn up” and you have modified stuff inside one of the bundles."},{"body":"git-svn-id: http://svn.textmate.org/trunk/SQL.tmbundle@612 dfb7d73b-c2ec-0310-8fea-fb051d288c6d","date":"2005-04-21T07:08:56+00:00","commit":"203e276d7ff163f23b506d53918a60f3c595a3a5","author":"Allan Odgaard","summary":"• Added scopeName key to all languages. Most of them as source.&lt;filename>. • Added a language for plain text files, currently just markups bullet points (so I can continue these on 'enter' using a scoped snippet). • Added a new “firstLineMatch” key to Perl, Ruby, and Shell languages. • The C/Objective-C languages use the scopeName in their include directives, this doesn't work for beta 5. • Ruby now includes “source.ruby” when using #{ ... } in strings. • Added capture names to a few languages (objective-c methods, though it's not very consistant, we'll need to discuss how to split up functions and name the various parts). • Removed plist filetype from XML, assuming that people loading a plist into a text editor would generally use the old-style format."},{"body":"git-svn-id: http://svn.textmate.org/trunk/SQL.tmbundle@564 dfb7d73b-c2ec-0310-8fea-fb051d288c6d","date":"2005-04-05T18:25:58+00:00","commit":"8de22e5a5eb16fa497a452766252cc6597cb0386","author":"Allan Odgaard","summary":"Single line comments no longer require all characters to the left of the two dashes to be white-spaces."},{"body":"git-svn-id: http://svn.textmate.org/trunk/SQL.tmbundle@562 dfb7d73b-c2ec-0310-8fea-fb051d288c6d","date":"2005-04-05T16:10:00+00:00","commit":"969cc32833fe5891ad971abe4cb299dafb8afd94","author":"Allan Odgaard","summary":"Regular expressions are now only matched when they are at the same line and doesn't contain spaces (the pragmatic solution to not having them give a false positive on division(s))."},{"body":"git-svn-id: http://svn.textmate.org/trunk/SQL.tmbundle@389 dfb7d73b-c2ec-0310-8fea-fb051d288c6d","date":"2005-02-28T14:32:00+00:00","commit":"29e3f44615925f9c5ce1f18ada8c464674f5da9d","author":"Allan Odgaard","summary":"• Changed key equivalent from ctrl-cmd-M (which is save scratch macro) to ctrl-shift-Q (Q for query, and ctrl-shift are the modifiers I try to use for all bundle items)."},{"body":"git-svn-id: http://svn.textmate.org/trunk/SQL.tmbundle@265 dfb7d73b-c2ec-0310-8fea-fb051d288c6d","date":"2005-02-14T12:38:37+00:00","commit":"c359bb6e6c9c02926251670f96507822c738c1f7","author":"Brad Miller","summary":"Add help command for SQL bundle.  Documents the runSQL command"},{"body":"git-svn-id: http://svn.textmate.org/trunk/SQL.tmbundle@207 dfb7d73b-c2ec-0310-8fea-fb051d288c6d","date":"2005-02-07T19:33:46+00:00","commit":"5ffab91e42636b7e8aecffe5303122eec45e0cb3","author":"Allan Odgaard","summary":"Added localhost as default value for MYSQL_HOST. Added a --port=${MYSQL_PORT:=3306} argument. Removed use of TM_SELECTED_TEXT and changed input to selection, so that we don't have to worry about escaping quotes. I don't know if adding the port argument gives problems, there is something about mysql using a /tmp/xyz-socket if host is localhost, but not if it is 127.0.0.1..."},{"body":"git-svn-id: http://svn.textmate.org/trunk/SQL.tmbundle@202 dfb7d73b-c2ec-0310-8fea-fb051d288c6d","date":"2005-02-07T16:18:27+00:00","commit":"666c0dc5622de57bc99f976b3381a0fc78e6a5d1","author":"Brad Miller","summary":"Add command to run selection as a mysql query.  Uses the following environment variables to connect.  Displays the output in a TextMate HTML window using the --html option on mysql. MYSQL_HOST MYSQL_USER MYSQL_PWD MYSQL_DB"},{"body":"git-svn-id: http://svn.textmate.org/trunk/SQL.tmbundle@183 dfb7d73b-c2ec-0310-8fea-fb051d288c6d","date":"2005-02-02T05:53:58+00:00","commit":"e7920c528986dc2b90cfbbb8253e565e201a9747","author":"Chris Thomas","summary":"Fix SQL stragglers"},{"body":"git-svn-id: http://svn.textmate.org/trunk/SQL.tmbundle@180 dfb7d73b-c2ec-0310-8fea-fb051d288c6d","date":"2005-02-02T05:46:52+00:00","commit":"a44999a153ccc8f4d22086ce4b386d3abd80e1ea","author":"Chris Thomas","summary":"Convert SQL to new scheme"},{"body":"git-svn-id: http://svn.textmate.org/trunk/SQL.tmbundle@167 dfb7d73b-c2ec-0310-8fea-fb051d288c6d","date":"2005-02-01T02:38:12+00:00","commit":"c5899969e2ded7a084072bd8f2ad1c0e0e282e80","author":"Allan Odgaard","summary":"SQL by Carl Forde (and JavaScript meta info)."}],"web":"https://github.com/textmate/sql.tmbundle/commit/","name":"SQL"}