{"name":"Mail","commits":[{"commit":"002541a806f3ed37e2df0017ead60ed2122a459c","body":"","summary":"Switch to using requiredCommands.","author":"Michael Sheets","date":"2011-11-12T20:20:03-06:00"},{"commit":"a729bde3994dbe37b8166e25e789a8d1ade5846f","body":"","summary":"Add readme.","author":"Michael Sheets","date":"2011-11-12T18:27:53-06:00"},{"commit":"be6a1f0d66139b0781dedeb1f6f302e8b4c39fc2","body":"Also allow sending an email using the address via usual <kbd class='keyEquivalent'>⌅</kbd> shortcut.","summary":"Markup emails in text and comments.","author":"Allan Odgaard","date":"2011-08-24T07:25:43+02:00"},{"commit":"2883450a468ed0e49bd118da0c267c7646dd6102","body":"","summary":"Remove usage of TM_RUBY.","author":"Michael Sheets","date":"2010-11-19T05:21:12-06:00"},{"commit":"0fef1a53d77178ee18dd1b56e02b7d9f49dfecfe","body":"","summary":"Fix a bug with multiline Base 64 encoding (see: http://lists.macromates.com/textmate-dev/2010-November/014440.html)","author":"Jonathan Hohle","date":"2010-11-12T09:46:41-08:00"},{"commit":"2cde70ceb8fb6350485ee9910763222c40e6fa34","body":"Source: http://www.nicemice.net/par/\nBuild command: gcc-4.0 -o par -Os -DNDEBUG -Wall -arch i386 -arch ppc -m32 -mmacosx-version-min=10.4 -isysroot /Developer/SDKs/MacOSX10.4u.sdk *.c\n\n\n\ngit-svn-id: http://svn.textmate.org/trunk/Bundles/Mail.tmbundle@11957 dfb7d73b-c2ec-0310-8fea-fb051d288c6d","summary":"Update to par 1.52, universal binary.","author":"Allan Odgaard","date":"2010-11-11T07:25:15+00:00"},{"commit":"cc0981fdee738efb4a1fcc8a5ec7a947b697c402","body":"git-svn-id: http://svn.textmate.org/trunk/Bundles/Mail.tmbundle@11956 dfb7d73b-c2ec-0310-8fea-fb051d288c6d","summary":"Add ‘eml’ extension to file types.","author":"Allan Odgaard","date":"2010-10-05T08:46:07+00:00"},{"commit":"92b44f7a69306c71c424cc3ce3f28a06066d8459","body":"git-svn-id: http://svn.textmate.org/trunk/Bundles/Mail.tmbundle@10717 dfb7d73b-c2ec-0310-8fea-fb051d288c6d","summary":"• command to decode quoted printables","author":"Allan Odgaard","date":"2008-10-16T16:44:35+00:00"},{"commit":"ce7bf81e12062dfcd09a6c18b4fece8c54b3cc8e","body":"git-svn-id: http://svn.textmate.org/trunk/Bundles/Mail.tmbundle@8398 dfb7d73b-c2ec-0310-8fea-fb051d288c6d","summary":"• update my email address (from a throw-away address to something a little more permanent)","author":"Allan Odgaard","date":"2007-11-04T00:58:40+00:00"},{"commit":"bd952da992ce3ab623d8b8b9664baec68b5fe920","body":"git-svn-id: http://svn.textmate.org/trunk/Bundles/Mail.tmbundle@7848 dfb7d73b-c2ec-0310-8fea-fb051d288c6d","summary":"fix continue quotation snippet for lines w/ leading whitespace.","author":"Jacob Rus","date":"2007-07-29T01:14:02+00:00"},{"commit":"8ab1603ac608b5191582d197e502a5ff7f9639d0","body":"git-svn-id: http://svn.textmate.org/trunk/Bundles/Mail.tmbundle@6830 dfb7d73b-c2ec-0310-8fea-fb051d288c6d","summary":"• do not call a method on the result from uniq! — ticket BB5CC47B","author":"Allan Odgaard","date":"2007-03-17T03:20:29+00:00"},{"commit":"19666c650ebbc6b8f0aa5202f22ffd7f9f7fa0d4","body":"contactName:\n   The full name of the contact for this bundle.\ncontactEmailRot13:\n   A ROT13 encoded email address for the bundle contact (we obfuscate it to avoid spammers from picking up the files, seeing how bundles will often be available via anonymous svn over http).\ndescription:\n   A short description for this bundle. Do link to more info about the language (or whatever) the bundle is about. I decided on using HTML for this (but leave out the initial paragraph tag) since it seemed like overkill to run a single line of text through Markdown.pl, just to convert [foo](link) into &lt;a href=\"link\">foo&lt;/a>\n\nMany of the current descriptions could use some improvements, I just wanted to get the ball rolling :)\n\n\ngit-svn-id: http://svn.textmate.org/trunk/Bundles/Mail.tmbundle@6718 dfb7d73b-c2ec-0310-8fea-fb051d288c6d","summary":"Add the following keys to the bundle’s info.plist:","author":"Allan Odgaard","date":"2007-03-04T20:11:31+00:00"},{"commit":"8e206485c84d638b4cd3956437fe5168d852b07c","body":"git-svn-id: http://svn.textmate.org/trunk/Bundles/Mail.tmbundle@6122 dfb7d73b-c2ec-0310-8fea-fb051d288c6d","summary":"• allow anything before the email address match in the first line identification pattern","author":"Allan Odgaard","date":"2006-11-14T09:12:07+00:00"},{"commit":"5790e4b1fb5eef7043ca9dac4b2211906396f33c","body":"git-svn-id: http://svn.textmate.org/trunk/Bundles/Mail.tmbundle@5972 dfb7d73b-c2ec-0310-8fea-fb051d288c6d","summary":"• subject (in a header) wasn’t correctly marked as keyword.other","author":"Allan Odgaard","date":"2006-11-07T01:13:00+00:00"},{"commit":"5d8bbb619647dbe96e590975feaed990323ff057","body":"git-svn-id: http://svn.textmate.org/trunk/Bundles/Mail.tmbundle@5493 dfb7d73b-c2ec-0310-8fea-fb051d288c6d","summary":"Adding new punctuation scopes to various rules. Needs a little more work in c couple places.","author":"Michael Sheets","date":"2006-10-17T08:24:41+00:00"},{"commit":"206c3fb78006444836cf87127be3daf3c980fa2e","body":"git-svn-id: http://svn.textmate.org/trunk/Bundles/Mail.tmbundle@5208 dfb7d73b-c2ec-0310-8fea-fb051d288c6d","summary":"• a little better than the last version wrt marking up headers -- there’s a lot of unused rules in the repository part of this grammar. RFC822 defines the format of most header fields, so a generic header grammar isn’t possible, but if one day someone gets bored, the currently dormant rules could be used","author":"Allan Odgaard","date":"2006-09-14T02:04:06+00:00"},{"commit":"cad613efa41a8b458e3efe7c4586abfd1b2711d5","body":"git-svn-id: http://svn.textmate.org/trunk/Bundles/Mail.tmbundle@5206 dfb7d73b-c2ec-0310-8fea-fb051d288c6d","summary":"• make header matching closer to RFC822, so support headers which span multiple lines and markup comments and encoded subsets of headers","author":"Allan Odgaard","date":"2006-09-14T00:24:30+00:00"},{"commit":"0b5e78c4e5811413f137082cacb7731ce732b54c","body":"git-svn-id: http://svn.textmate.org/trunk/Bundles/Mail.tmbundle@4805 dfb7d73b-c2ec-0310-8fea-fb051d288c6d","summary":"Rename meta.headers to meta.header","author":"Michael Sheets","date":"2006-08-16T05:19:57+00:00"},{"commit":"c638761cb483c4b635caa1b43bb87ca7179e0a65","body":"git-svn-id: http://svn.textmate.org/trunk/Bundles/Mail.tmbundle@4528 dfb7d73b-c2ec-0310-8fea-fb051d288c6d","summary":"• change language grammar to support optional headers at the top (e.g. ‘From: me@example.com’) and just include Markdown for the body • change scope name from text.plain.mail to text.mail.markdown • update scope selectors for commands • remove scope selector for increase/decrease quote level (I need this e.g. in Markdown) • let the unwrap, reformat, and continue quote use just markup.scope as scope selector (so it’s not limited to mails)","author":"Allan Odgaard","date":"2006-07-31T12:49:00+00:00"},{"commit":"f903af211296d68d35afb06487526b4563638b3e","body":"git-svn-id: http://svn.textmate.org/trunk/Bundles/Mail.tmbundle@4313 dfb7d73b-c2ec-0310-8fea-fb051d288c6d","summary":"Add text.plain.mail to scope of two commands.","author":"Michael Sheets","date":"2006-07-17T03:29:22+00:00"},{"commit":"25d0bc61479cbf9ee37dd17430cc28edc7198825","body":"git-svn-id: http://svn.textmate.org/trunk/Bundles/Mail.tmbundle@3960 dfb7d73b-c2ec-0310-8fea-fb051d288c6d","summary":"• no longer include text.plain • simple rule to match email addresses","author":"Allan Odgaard","date":"2006-07-02T11:27:27+00:00"},{"commit":"62c2d2da9629cd7317cc2d0cd72828f10b0ab9e1","body":"git-svn-id: http://svn.textmate.org/trunk/Bundles/Mail.tmbundle@3716 dfb7d73b-c2ec-0310-8fea-fb051d288c6d","summary":"• will no longer activate Safari, nor resort to faking a key press since the command is actually in the scripting dictionary","author":"Allan Odgaard","date":"2006-06-18T18:17:09+00:00"},{"commit":"b633d2128b60218fd1178dcffaf1d26ed27315cc","body":"git-svn-id: http://svn.textmate.org/trunk/Bundles/Mail.tmbundle@3516 dfb7d73b-c2ec-0310-8fea-fb051d288c6d","summary":"• change use of meta.diff.separator to meta.separator • make an explicit preference for the style of separators in the TextMate bundle (themes can still override this) and change the diff style (previously targeting meta.diff) to target only meta.diff.index","author":"Allan Odgaard","date":"2006-06-03T08:56:48+00:00"},{"commit":"63032a997b91c29ec42f00d553dfdb81a6a7d14a","body":"git-svn-id: http://svn.textmate.org/trunk/Bundles/Mail.tmbundle@3511 dfb7d73b-c2ec-0310-8fea-fb051d288c6d","summary":"• fix nil exception caused by empty quoted lines","author":"Allan Odgaard","date":"2006-06-02T19:13:10+00:00"},{"commit":"e7a42b799e21414b855170b90ba97af3c220eb5e","body":"git-svn-id: http://svn.textmate.org/trunk/Bundles/Mail.tmbundle@3381 dfb7d73b-c2ec-0310-8fea-fb051d288c6d","summary":"• added menu structure and renamed a few items to better fit with this new presentation","author":"Allan Odgaard","date":"2006-05-21T11:00:29+00:00"},{"commit":"67d0e8e203f1944928903fe9790733ed21e111ee","body":"git-svn-id: http://svn.textmate.org/trunk/Bundles/Mail.tmbundle@3372 dfb7d73b-c2ec-0310-8fea-fb051d288c6d","summary":"• minor simplification","author":"Allan Odgaard","date":"2006-05-19T23:18:09+00:00"},{"commit":"29adcc0284fa4c49dc686ea155e6e7f6a4791ebd","body":"git-svn-id: http://svn.textmate.org/trunk/Bundles/Mail.tmbundle@3360 dfb7d73b-c2ec-0310-8fea-fb051d288c6d","summary":"• removed Textile-specific version as I consider this mostly a curiosity so let’s keep it at just one version, plus Textile users can just do <kbd class='keyEquivalent'>⌃H</kbd> before <kbd class='keyEquivalent'>⇧⌘D</kbd> to send as HTML • fixed command to work with unsaved documents, also adds a title last to the HTML based on the filename (if any) — this is a bit hackish, as it just appends &lt;title>…&lt;/title>, but Safari picks the first title in the document (so it won’t override a potential title set by the user)","author":"Allan Odgaard","date":"2006-05-19T15:27:06+00:00"},{"commit":"214a49ea0e16f60bff01d08be0bc5d8879b8659b","body":"git-svn-id: http://svn.textmate.org/trunk/Bundles/Mail.tmbundle@3140 dfb7d73b-c2ec-0310-8fea-fb051d288c6d","summary":"• Capitalize HTML and With in Title","author":"Allan Odgaard","date":"2006-04-27T14:52:05+00:00"},{"commit":"4d06da8fb305e9f4159f7b67c5ad9bc72c7c412a","body":"git-svn-id: http://svn.textmate.org/trunk/Bundles/Mail.tmbundle@3134 dfb7d73b-c2ec-0310-8fea-fb051d288c6d","summary":"• this function will unwrap all paragraphs in the selection/document, which is appropriate for sending the letter as format=flowed","author":"Allan Odgaard","date":"2006-04-27T11:37:55+00:00"},{"commit":"8cbc90a6c0c0439f5eea678ce063038f97804c17","body":"git-svn-id: http://svn.textmate.org/trunk/Bundles/Mail.tmbundle@3128 dfb7d73b-c2ec-0310-8fea-fb051d288c6d","summary":"• the “standard” continue snippet on enter","author":"Allan Odgaard","date":"2006-04-27T08:52:15+00:00"},{"commit":"ee2b78ba2a4846c57e1529f93d2befd3b8539047","body":"I used the Mail.app send/resend hotkey of command-shift-D. I know this clashes with the standard of crtl-shift hotkeys, but it fits my brain better to keep the Mail.app shortcut.\n\ngit-svn-id: http://svn.textmate.org/trunk/Bundles/Mail.tmbundle@3061 dfb7d73b-c2ec-0310-8fea-fb051d288c6d","summary":"Added \"Send as HTML Email with Safari\" command. It basically just uses an osascript applescript to open the current file in Safari and then tell safari to send it as an email. It then closes the safari window.","author":"Thomas Aylott","date":"2006-04-20T16:24:05+00:00"},{"commit":"4116296153ce0b09b7aa84dcedb827a21fff0a72","body":"git-svn-id: http://svn.textmate.org/trunk/Bundles/Mail.tmbundle@3011 dfb7d73b-c2ec-0310-8fea-fb051d288c6d","summary":"• make space after > optional (for quoted text) • give this syntax a key equivalent","author":"Allan Odgaard","date":"2006-04-12T03:33:17+00:00"},{"commit":"6d6d8357547a01ba323d5bb2585aa5fd052a8293","body":"This command has input set to Selector or Scope, where scope is that text surrounding the caret, which would be matched by the scope selector (markup.quoted). This input option is not available in the current build (r948), so the command is not very useful ATM (as it would require a manual selection of the quoted text.)\n\n\ngit-svn-id: http://svn.textmate.org/trunk/Bundles/Mail.tmbundle@2978 dfb7d73b-c2ec-0310-8fea-fb051d288c6d","summary":"• add a command to reformat quoted text. It uses ‘par’ taken from DarwinPorts.","author":"Allan Odgaard","date":"2006-04-09T21:38:19+00:00"},{"commit":"7b7b0719b469aac9981db0be5b6ca00eb0a9407d","body":"git-svn-id: http://svn.textmate.org/trunk/Bundles/Mail.tmbundle@2977 dfb7d73b-c2ec-0310-8fea-fb051d288c6d","summary":"• all single line comments, bullet points (plain text), and quoted lines (mail) now optionally match the newline character — this is so that when the caret is at the end of the line, the scope is still that of “the line.” This is so key equivalents bound to a given scope (like the ‘enter’ key) also work when typing at the end of the line, which would be expected.","author":"Allan Odgaard","date":"2006-04-09T21:31:30+00:00"},{"commit":"c2ee9ed4f2d55d4d1845e45e8472efaa3081064b","body":"git-svn-id: http://svn.textmate.org/trunk/Bundles/Mail.tmbundle@2865 dfb7d73b-c2ec-0310-8fea-fb051d288c6d","summary":"• snippet to insert [...] placed on ctrl-shift [.","author":"Allan Odgaard","date":"2006-03-18T04:18:51+00:00"},{"commit":"50f7263ae2fc2c3eb8ecde3cfe887c5927f88bb9","body":"git-svn-id: http://svn.textmate.org/trunk/Bundles/Mail.tmbundle@2862 dfb7d73b-c2ec-0310-8fea-fb051d288c6d","summary":"• move commands traditionally associated with Mail to the Mail bundle","author":"Allan Odgaard","date":"2006-03-18T03:46:48+00:00"},{"commit":"5033c65776be1e999e130eda86244e89b55cf370","body":"git-svn-id: http://svn.textmate.org/trunk/Bundles/Mail.tmbundle@2322 dfb7d73b-c2ec-0310-8fea-fb051d288c6d","summary":"• move these to the Mail bundle — they’re still unscoped","author":"Allan Odgaard","date":"2005-11-28T05:27:25+00:00"},{"commit":"c4cbc906382be8443e386c45da587b3f871c3e5a","body":"This is to get some syntax highlighting when using “Edit in TextMate” from Mail.\n\n\ngit-svn-id: http://svn.textmate.org/trunk/Bundles/Mail.tmbundle@2308 dfb7d73b-c2ec-0310-8fea-fb051d288c6d","summary":"• a rudimentary Mail bundle (highlights quoted text in emails and signature separators)","author":"Allan Odgaard","date":"2005-11-27T22:09:34+00:00"}],"web":"https://github.com/textmate/mail.tmbundle/commit/"}