{"commits":[{"date":"2013-08-07T11:35:40+02:00","commit":"59a8e6d93d3a095ad001c109e62971b310fb67ed","summary":"Introduce first-line match for old-style property lists","author":"Allan Odgaard","body":"Files with a comment on first line containing “property list” (case-insensitive) are now considered old-style property list. This is to recognize converted binary property lists, which have such comment."},{"date":"2013-07-15T22:18:38+02:00","commit":"5d61fdd132a0714963a24622d9c0e0485744f577","summary":"Remove the plist preprocess action","author":"Allan Odgaard","body":"I don’t think anyone uses this (anymore).\n\nAlso minor change to shebang of the other commands."},{"date":"2013-03-06T21:59:19+01:00","commit":"493ea7b99f2b23138f1c93c356dd71f41f38ca9e","summary":"Binary plist loader no longer excludes tmCommand files","author":"Allan Odgaard","body":"Initially we had a special import filter for tmCommand files so we didn’t want this one to run on them."},{"date":"2013-01-09T22:27:39+01:00","commit":"b0e6b9fd7c8d304274c7ab1fd7f2f5a7c977b8fd","summary":"Add warning when reading binary property lists","author":"Allan Odgaard","body":"As a more general fix it might be good if import commands can indicate that they do not provide a round-trip safe format, so TextMate can mark the buffer read-only or similar."},{"date":"2012-07-10T17:28:14+02:00","commit":"8a2b90aec0551cd085ecc8a32ecc8a53769b5739","summary":"Handle quoted keys in indent and folding patterns.","author":"Allan Odgaard","body":"An example would be a construct like this:\n\n\t\"^x\" = {\n\t\t\"^m\" = \"selectToMark:\";\n\t\t\"^x\" = \"swapWithMark:\";\n\t\t\"^w\" = \"deleteToMark:\";\n\t};"},{"date":"2011-12-11T04:24:32-06:00","commit":"bb2ed8d916269fdcf033cc947caf44bfac22a5bb","summary":"Improve comment.line match.","author":"Michael Sheets","body":""},{"date":"2011-12-11T04:21:17-06:00","commit":"5ffff9c899df4762ad83d3357241b3ce510c1b39","summary":"Move folding settings.","author":"Michael Sheets","body":""},{"date":"2011-12-11T04:17:10-06:00","commit":"916cee477f37108e5f6fa5f8fe3a6dffc2ed4f52","summary":"Add readme.","author":"Michael Sheets","body":""},{"date":"2011-12-02T03:51:11-06:00","commit":"09490606ab55218c50dd71f108c3a1f47faa702e","summary":"Switch eventSpecifier to semanticClass.","author":"Michael Sheets","body":""},{"date":"2011-10-22T04:33:15-05:00","commit":"57b389a59971f0e87b50064063c7e01ba6eafbb4","summary":"Add shortcut for grammar.","author":"Michael Sheets","body":""},{"date":"2011-10-03T01:36:07-05:00","commit":"a4002a714bf60068dce7371831f5ad1f67de203b","summary":"Temporary XML grammar.","author":"Michael Sheets","body":""},{"date":"2011-10-03T01:35:24-05:00","commit":"551552715e3260422410a477d122bd57b21294b4","summary":"New old-style grammar.","author":"Michael Sheets","body":""},{"date":"2011-10-02T22:34:18-05:00","commit":"1a1e99af8fee8ec38095d0f8c07f6be294a13d09","summary":"Remove old combined grammar.","author":"Michael Sheets","body":""},{"date":"2011-09-22T02:41:18-05:00","commit":"050f88c6dca2640e09a2a091f8b122b29f58c661","summary":"No longer test for binary plists.","author":"Michael Sheets","body":""},{"date":"2011-09-22T02:37:05-05:00","commit":"f292f8265146303dc24324db005186c9d127f21a","summary":"Remove in favor of automatic conversion command.","author":"Michael Sheets","body":""},{"date":"2011-09-22T02:11:07-05:00","commit":"f513114735bc74c452cb7108715011979491bc6b","summary":"pretty_plist is now local.","author":"Michael Sheets","body":""},{"date":"2011-09-22T02:07:31-05:00","commit":"756b12fa461262f6587e77ab31959a1a23bba5ab","summary":"Command to import binary plists on load.","author":"Michael Sheets","body":""},{"date":"2010-08-22T19:54:23+02:00","commit":"c2f018d1e4f743fe230063c8f3497367e4c4efb7","summary":"Use ‘pretty_plist’ from the Avian bundle.","author":"Allan Odgaard","body":""},{"date":"2009-11-15T20:06:24+01:00","commit":"4164d9ed9f484b6264be9102002389236a0f8b85","summary":"Provide property list grammar with a name.","author":"Allan Odgaard","body":"This is so that we can reference it when a ‘scope’ is required."},{"date":"2009-05-20T07:42:46+00:00","commit":"85a64c5fdb057a3e4a9359630443ea7180a44937","summary":"• improve indentation pattern","author":"Allan Odgaard","body":"Previously keys were expected to be non-quoted, lowercase, not containing ‘.’, and have exactly one space to the left/right of the ‘=’ character. These restrictions have now been lifted.\n\n\ngit-svn-id: http://svn.textmate.org/trunk/Bundles/Property List.tmbundle@11561 dfb7d73b-c2ec-0310-8fea-fb051d288c6d"},{"date":"2008-03-25T14:54:40+00:00","commit":"1c8986c45097bc257a8e7bb27405dac6323bb041","summary":"• change ‘\\Z(?!\\n)’ → ‘(?=not)possible’, our standard idiom for matching “end of document”.","author":"Allan Odgaard","body":"git-svn-id: http://svn.textmate.org/trunk/Bundles/Property List.tmbundle@9205 dfb7d73b-c2ec-0310-8fea-fb051d288c6d"},{"date":"2007-05-29T08:46:32+00:00","commit":"afa1537e3273345f2e8b6b37abd92733a7ff65bd","summary":"• exclude “constant.other.key” as this is often a quoted string, and we do not want = to insert ; inside that.","author":"Allan Odgaard","body":"git-svn-id: http://svn.textmate.org/trunk/Bundles/Property List.tmbundle@7403 dfb7d73b-c2ec-0310-8fea-fb051d288c6d"},{"date":"2007-05-04T07:52:10+00:00","commit":"23d13280283cabafa82aad7ba7aa40fbdfcf1561","summary":"• improve the rule to match numeric strings with a negative look-ahead on \\w, that way “foo = 0xDEADBEEF;” no longer has ‘0’ as a number, and the rest as invalid.","author":"Allan Odgaard","body":"git-svn-id: http://svn.textmate.org/trunk/Bundles/Property List.tmbundle@7124 dfb7d73b-c2ec-0310-8fea-fb051d288c6d"},{"date":"2007-04-30T00:30:07+00:00","commit":"2e6e005857283da74904c68c57e42db2ccdcd6ef","summary":"[CHANGED] Support top-level arrays (in addition to dictionaries) in old-style property lists -- ticket 53F82CC6","author":"Allan Odgaard","body":"git-svn-id: http://svn.textmate.org/trunk/Bundles/Property List.tmbundle@7080 dfb7d73b-c2ec-0310-8fea-fb051d288c6d"},{"date":"2007-03-04T20:11:31+00:00","commit":"6fb0fbeda2ec51876d9aca525178405926abcaee","summary":"Add the following keys to the bundle’s info.plist:","author":"Allan Odgaard","body":"contactName:\n   The full name of the contact for this bundle.\ncontactEmailRot13:\n   A ROT13 encoded email address for the bundle contact (we obfuscate it to avoid spammers from picking up the files, seeing how bundles will often be available via anonymous svn over http).\ndescription:\n   A short description for this bundle. Do link to more info about the language (or whatever) the bundle is about. I decided on using HTML for this (but leave out the initial paragraph tag) since it seemed like overkill to run a single line of text through Markdown.pl, just to convert [foo](link) into &lt;a href=\"link\">foo&lt;/a>\n\nMany of the current descriptions could use some improvements, I just wanted to get the ball rolling :)\n\n\ngit-svn-id: http://svn.textmate.org/trunk/Bundles/Property List.tmbundle@6718 dfb7d73b-c2ec-0310-8fea-fb051d288c6d"},{"date":"2007-02-21T06:55:03+00:00","commit":"f70de578f31c1c067c67ab224e8d0379b6acde30","summary":"• the T-separator in dates is not optional","author":"Allan Odgaard","body":"git-svn-id: http://svn.textmate.org/trunk/Bundles/Property List.tmbundle@6613 dfb7d73b-c2ec-0310-8fea-fb051d288c6d"},{"date":"2007-01-22T09:48:23+00:00","commit":"f5270f25f7abb0eff64eec965a3c5e69278319c6","summary":"Add command to conversion binary property lists to XML format. Change the scope of the ASCII command to exclude already ASCII plists.","author":"Michael Sheets","body":"git-svn-id: http://svn.textmate.org/trunk/Bundles/Property List.tmbundle@6476 dfb7d73b-c2ec-0310-8fea-fb051d288c6d"},{"date":"2007-01-22T06:17:53+00:00","commit":"d03fdd970ec5dce978c58b402753db7ec0baadfc","summary":"Add tab char to allowed characters inside &lt;data>","author":"Michael Sheets","body":"git-svn-id: http://svn.textmate.org/trunk/Bundles/Property List.tmbundle@6475 dfb7d73b-c2ec-0310-8fea-fb051d288c6d"},{"date":"2007-01-18T03:15:33+00:00","commit":"9be03f57eee742ca326b80cc13c440b4c14f2e28","summary":"Change binary plist scope to source.plist.binary for better granularity.","author":"Michael Sheets","body":"git-svn-id: http://svn.textmate.org/trunk/Bundles/Property List.tmbundle@6456 dfb7d73b-c2ec-0310-8fea-fb051d288c6d"},{"date":"2006-11-05T00:06:18+00:00","commit":"c6fcf57163e8f24b414af6faa0794c4622b2a712","summary":"Change string.unquoted to string.unquoted.plist","author":"Michael Sheets","body":"git-svn-id: http://svn.textmate.org/trunk/Bundles/Property List.tmbundle@5927 dfb7d73b-c2ec-0310-8fea-fb051d288c6d"},{"date":"2006-10-24T07:22:57+00:00","commit":"16f42015d3c5b378b6dfeb5eb580cda9ffb7dd78","summary":"• Allow for cdata sections inside key, string, and real tags. • Give special case for empty plist, dict, array, and string tags so return inside them can be overloaded.","author":"Michael Sheets","body":"git-svn-id: http://svn.textmate.org/trunk/Bundles/Property List.tmbundle@5599 dfb7d73b-c2ec-0310-8fea-fb051d288c6d"},{"date":"2006-10-23T10:43:25+00:00","commit":"1be1ba6e039a85fc4c4e0885761d6e1f7f3a5cb1","summary":"Fix a few punctuation scope typos.","author":"Michael Sheets","body":"git-svn-id: http://svn.textmate.org/trunk/Bundles/Property List.tmbundle@5582 dfb7d73b-c2ec-0310-8fea-fb051d288c6d"},{"date":"2006-10-10T01:45:24+00:00","commit":"29287dc6ee72a98160c4931c872bdb7c1037a3a0","summary":"• move indentation rules to the Property List bundle (these were scoped to only language grammars, but it appears they would be useful for property lists in general)","author":"Allan Odgaard","body":"git-svn-id: http://svn.textmate.org/trunk/Bundles/Property List.tmbundle@5417 dfb7d73b-c2ec-0310-8fea-fb051d288c6d"},{"date":"2006-09-10T07:08:34+00:00","commit":"2bcb4dc5a4670f273ac65e00f5ee9745ce94cb3e","summary":"Added tmTheme to fileTypes, somehow it never got added there.","author":"Michael Sheets","body":"git-svn-id: http://svn.textmate.org/trunk/Bundles/Property List.tmbundle@5144 dfb7d73b-c2ec-0310-8fea-fb051d288c6d"},{"date":"2006-09-09T02:12:47+00:00","commit":"6db49a785968c022a3b1c9e8879131ab5c215304","summary":"[FIXED] Property List bundle had the language grammar marked as deleted (because of some last-minute UUID changes)","author":"Allan Odgaard","body":"git-svn-id: http://svn.textmate.org/trunk/Bundles/Property List.tmbundle@5131 dfb7d73b-c2ec-0310-8fea-fb051d288c6d"},{"date":"2006-09-08T22:53:54+00:00","commit":"4c0a4bb8ea4748e382ba6ceb07769f84f328c706","summary":"Port over uuid from old openstep grammar for greater compatibility.","author":"Michael Sheets","body":"git-svn-id: http://svn.textmate.org/trunk/Bundles/Property List.tmbundle@5124 dfb7d73b-c2ec-0310-8fea-fb051d288c6d"},{"date":"2006-09-08T22:50:46+00:00","commit":"edda25ebf81b7ce9523a4cdcd713361918a4450b","summary":"add some file types","author":"Jacob Rus","body":"git-svn-id: http://svn.textmate.org/trunk/Bundles/Property List.tmbundle@5123 dfb7d73b-c2ec-0310-8fea-fb051d288c6d"},{"date":"2006-09-08T08:38:58+00:00","commit":"343406a8725f9f708b57f0856112fdb5d3006f01","summary":"Accidentally left .other from my clippings on the end of a few scopes rather than the language name, fixed.","author":"Michael Sheets","body":"git-svn-id: http://svn.textmate.org/trunk/Bundles/Property List.tmbundle@5119 dfb7d73b-c2ec-0310-8fea-fb051d288c6d"},{"date":"2006-09-05T19:40:54+00:00","commit":"96e389209695055461cba613facdb546332b021e","summary":"[CHANGED] Move to new unified Property List grammar with support for both XML and old-style versions.","author":"Michael Sheets","body":"• Change the bundle name on disk because I'm anal.\n• Resend previous message so it'll get in the release notes correctly.\n\n\ngit-svn-id: http://svn.textmate.org/trunk/Bundles/Property List.tmbundle@5096 dfb7d73b-c2ec-0310-8fea-fb051d288c6d"},{"date":"2006-09-05T19:31:49+00:00","commit":"413f8086aa9c1c6becdd225cbb44909d34006b13","summary":"[Changed] Move to new unified Property List grammar with support for both XML and old-style versions.","author":"Michael Sheets","body":"git-svn-id: http://svn.textmate.org/trunk/Bundles/PropertyList.tmbundle@5095 dfb7d73b-c2ec-0310-8fea-fb051d288c6d"},{"date":"2006-08-19T22:35:16+00:00","commit":"6afc24356cbb6461f5408f7174ad2f746228f642","summary":"• Change instances of xml-plist with xml.plist • Change preference item to match.","author":"Michael Sheets","body":"git-svn-id: http://svn.textmate.org/trunk/Bundles/PropertyList.tmbundle@4859 dfb7d73b-c2ec-0310-8fea-fb051d288c6d"},{"date":"2006-07-19T07:42:28+00:00","commit":"f8f9ba385bb91a326b6d6f4f6587458347195f33","summary":"• Change entity.other.tag.localname.xml to entity.name.tag.localname.xml • Change constant.data.old-plist to constant.other.data.old-plist","author":"Michael Sheets","body":"git-svn-id: http://svn.textmate.org/trunk/Bundles/PropertyList.tmbundle@4428 dfb7d73b-c2ec-0310-8fea-fb051d288c6d"},{"date":"2006-07-16T13:15:32+00:00","commit":"7d806aff5ed84dfe32ddf5e0413e8a2c1c07e996","summary":"Change constant.name.xml-plist to constant.other.name.xml-plist","author":"Michael Sheets","body":"git-svn-id: http://svn.textmate.org/trunk/Bundles/PropertyList.tmbundle@4249 dfb7d73b-c2ec-0310-8fea-fb051d288c6d"},{"date":"2006-06-09T22:37:54+00:00","commit":"163a14c9ae390c110cbda7c7e8acbbf17cddcda2","summary":"tweaks to the snippets Kevin Ballard added a couple days ago; also some menu structure;  changed some of the snippet tag triggers, so they'll actually save some typing ;)","author":"Jacob Rus","body":"git-svn-id: http://svn.textmate.org/trunk/Bundles/PropertyList.tmbundle@3591 dfb7d73b-c2ec-0310-8fea-fb051d288c6d"},{"date":"2006-06-07T20:29:59+00:00","commit":"cbeff5774aa7ad280ee981d410dd82140afb9734","summary":"Add a bunch of snippets to help with editing XML Property lists. Add an XML Processing Instruction snippet","author":"Kevin Ballard","body":"git-svn-id: http://svn.textmate.org/trunk/Bundles/PropertyList.tmbundle@3576 dfb7d73b-c2ec-0310-8fea-fb051d288c6d"},{"date":"2006-06-02T15:05:21+00:00","commit":"6cc7b11bc3043d5f3af61b6ad6b0612eed8a5b72","summary":"• add all the new bundle item extensions as known file types","author":"Allan Odgaard","body":"git-svn-id: http://svn.textmate.org/trunk/Bundles/PropertyList.tmbundle@3505 dfb7d73b-c2ec-0310-8fea-fb051d288c6d"},{"date":"2006-05-11T23:22:25+00:00","commit":"e6de8547447c054ae68062e569956a947961bd97","summary":"add ('=', ';') as smart typing pair for old-style property lists","author":"Jacob Rus","body":"git-svn-id: http://svn.textmate.org/trunk/Bundles/PropertyList.tmbundle@3309 dfb7d73b-c2ec-0310-8fea-fb051d288c6d"},{"date":"2006-04-15T13:46:06+00:00","commit":"075f9f1880bfda20fee0b3b16720f91df1a03f56","summary":"• when a TM_COMMENT_STOP character is given, the default value of TM_COMMENT_MODE is block (instead of line) • strip all comment preferences to minimal number of variables (by relying on the smart default values)","author":"Allan Odgaard","body":"git-svn-id: http://svn.textmate.org/trunk/Bundles/PropertyList.tmbundle@3044 dfb7d73b-c2ec-0310-8fea-fb051d288c6d"},{"date":"2006-04-10T06:01:15+00:00","commit":"863e62bbcbba075190665af945f974683dbc56c1","summary":"Correct the scope of the content of a &lt;key> tag.","author":"Michael Sheets","body":"git-svn-id: http://svn.textmate.org/trunk/Bundles/PropertyList.tmbundle@2988 dfb7d73b-c2ec-0310-8fea-fb051d288c6d"},{"date":"2006-04-09T21:31:30+00:00","commit":"857494d6485be79a36fac4cfea01eb971ca7e2f7","summary":"• all single line comments, bullet points (plain text), and quoted lines (mail) now optionally match the newline character — this is so that when the caret is at the end of the line, the scope is still that of “the line.” This is so key equivalents bound to a given scope (like the ‘enter’ key) also work when typing at the end of the line, which would be expected.","author":"Allan Odgaard","body":"git-svn-id: http://svn.textmate.org/trunk/Bundles/PropertyList.tmbundle@2977 dfb7d73b-c2ec-0310-8fea-fb051d288c6d"},{"date":"2006-04-09T03:04:28+00:00","commit":"37d364b899ea5977f83b2d33e732be49ddc7a8a3","summary":"• made comments its own entry (instead of part of the miscellaneous) • added additional comment variants for the languages which have them (that I am aware of, and have the bundle enabled)","author":"Allan Odgaard","body":"git-svn-id: http://svn.textmate.org/trunk/Bundles/PropertyList.tmbundle@2973 dfb7d73b-c2ec-0310-8fea-fb051d288c6d"},{"date":"2005-11-09T21:31:11+00:00","commit":"48a2f1ce0292b11477a8b29fd6fa66cf7060c0c6","summary":"• Add Preprocess and Validate Syntax • Set symbol attribute for XML plist keys","author":"Chris Thomas","body":"git-svn-id: http://svn.textmate.org/trunk/Bundles/PropertyList.tmbundle@2115 dfb7d73b-c2ec-0310-8fea-fb051d288c6d"},{"date":"2005-11-02T00:26:54+00:00","commit":"93f74ce513bc305df7b858a8ece288a60a73ef67","summary":"• remove tabSize + softTab settings (since next build remembers this per scope)","author":"Allan Odgaard","body":"git-svn-id: http://svn.textmate.org/trunk/Bundles/PropertyList.tmbundle@2058 dfb7d73b-c2ec-0310-8fea-fb051d288c6d"},{"date":"2005-11-01T05:41:04+00:00","commit":"719ec2d54cfaf4d016233fe51b39c7e0f62f544f","summary":"• rename to Validate Syntax","author":"Allan Odgaard","body":"git-svn-id: http://svn.textmate.org/trunk/Bundles/PropertyList.tmbundle@2057 dfb7d73b-c2ec-0310-8fea-fb051d288c6d"},{"date":"2005-11-01T05:39:34+00:00","commit":"8d009b696c0f37a22b489ec7e754214ebdbc2016","summary":"• extend scope to also work for text.xml.plist • strip the (tmp) filename from the output","author":"Allan Odgaard","body":"git-svn-id: http://svn.textmate.org/trunk/Bundles/PropertyList.tmbundle@2056 dfb7d73b-c2ec-0310-8fea-fb051d288c6d"},{"date":"2005-11-01T05:27:40+00:00","commit":"0d0e72adf9974198ee45d5e8f584a4d3d4594516","summary":"• added support for &lt;DA7A> in old-style ASCII plists • added a convert command which converts the current buffer to an old-style ASCII plist. It opens in a new window, and it also works with binary plists (so if you open a binary plist, just press ctrl-shift H to make it readable)","author":"Allan Odgaard","body":"git-svn-id: http://svn.textmate.org/trunk/Bundles/PropertyList.tmbundle@2055 dfb7d73b-c2ec-0310-8fea-fb051d288c6d"},{"date":"2005-10-16T14:01:13+00:00","commit":"3e7277010bb41d55c6c235b7dfbe3a61fe9edd26","summary":"• re-order for new precedence system • add folding patterns from xML","author":"Allan Odgaard","body":"git-svn-id: http://svn.textmate.org/trunk/Bundles/PropertyList.tmbundle@1948 dfb7d73b-c2ec-0310-8fea-fb051d288c6d"},{"date":"2005-10-03T09:35:55+00:00","commit":"437aafba7975db0b2374081e34b02f146bb9fc2f","summary":"• recreated this to be strict -- the array data type is “perfect” in that it will catch all missing or excess commas, but the dictionary data type could be improved. It currently matches (ignoring comments):","author":"Allan Odgaard","body":"\t'{' ( (string)* ';' | (string)* '=' (any)* ';' )* '}'\n\nWhen it should match:\n\n\t'{' ( (string) ';' | (string) '=' (any) ';' )* '}'\n\n\n\ngit-svn-id: http://svn.textmate.org/trunk/Bundles/PropertyList.tmbundle@1878 dfb7d73b-c2ec-0310-8fea-fb051d288c6d"},{"date":"2005-09-11T22:16:50+00:00","commit":"c2eed3877b6b5c38ebb889e2cdcca26bfbad0663","summary":"Removed fileTypes array and added a firstLineMatch on { followed by end of line or a letter.","author":"Allan Odgaard","body":"Since firstLineMatch has higher precedence than fileTypes, ASCII plists should be recognized by this file (when they contain a dictionary as root element), where XML files will be recognized by the XML plist syntax (based on extension).\n\nThis of course assumes you haven't manually changed file associations.\n\n\ngit-svn-id: http://svn.textmate.org/trunk/Bundles/PropertyList.tmbundle@1757 dfb7d73b-c2ec-0310-8fea-fb051d288c6d"},{"date":"2005-09-11T22:06:32+00:00","commit":"74ab153a3263b51ba3d36d1affe64812f4e9563e","summary":"Changed the last commit to use the XML plist syntax after fixing it's scope.","author":"Michael Sheets","body":"git-svn-id: http://svn.textmate.org/trunk/Bundles/PropertyList.tmbundle@1755 dfb7d73b-c2ec-0310-8fea-fb051d288c6d"},{"date":"2005-08-15T03:18:23+00:00","commit":"b771194c0d7193f743e93ee2287b1c6eefbe90eb","summary":"• Property List (XML) makes XML plists easier to read (in most themes) by highlighting the keys.","author":"Chris Thomas","body":"git-svn-id: http://svn.textmate.org/trunk/Bundles/PropertyList.tmbundle@1558 dfb7d73b-c2ec-0310-8fea-fb051d288c6d"},{"date":"2005-08-05T21:49:25+00:00","commit":"3b0790afd1939b206fb210c132f69870c05b1584","summary":"• removed the soft wrap setting for plists","author":"Allan Odgaard","body":"git-svn-id: http://svn.textmate.org/trunk/Bundles/PropertyList.tmbundle@1439 dfb7d73b-c2ec-0310-8fea-fb051d288c6d"},{"date":"2005-07-14T00:47:09+00:00","commit":"e9498c8e484f7cea169e567354e32526ed16648d","summary":"• most of this was previously set in the theme editor (these files are ignored in 1.1b14)","author":"Allan Odgaard","body":"git-svn-id: http://svn.textmate.org/trunk/Bundles/PropertyList.tmbundle@1332 dfb7d73b-c2ec-0310-8fea-fb051d288c6d"},{"date":"2005-06-27T20:29:33+00:00","commit":"5e22e9411a2873a8ad92fa0c00a909b92607d714","summary":"• gave it key equivalent ctrl-option-shift-P","author":"Allan Odgaard","body":"git-svn-id: http://svn.textmate.org/trunk/Bundles/PropertyList.tmbundle@1263 dfb7d73b-c2ec-0310-8fea-fb051d288c6d"},{"date":"2005-06-12T17:14:10+00:00","commit":"3644580529ba8782f8fe67540275ea3d2520c60e","summary":"More languages updated...","author":"Allan Odgaard","body":"git-svn-id: http://svn.textmate.org/trunk/Bundles/PropertyList.tmbundle@1181 dfb7d73b-c2ec-0310-8fea-fb051d288c6d"},{"date":"2005-05-20T19:08:01+00:00","commit":"407e35ff45017ddce0ca8a595df578ebb17c1f20","summary":"Should have been included in last commit.","author":"Allan Odgaard","body":"git-svn-id: http://svn.textmate.org/trunk/Bundles/PropertyList.tmbundle@996 dfb7d73b-c2ec-0310-8fea-fb051d288c6d"},{"date":"2005-05-15T02:18:40+00:00","commit":"9b016e704601060b9a1e3ad53b0fd659529fc22b","summary":"Changed all uses of \\&lt; and \\> to \\b. Beta 9 uses oniguruma as regular expression library and doesn't have the former. Other than that, and lack of conditions (?(n)&lt;true>:&lt;false>) (and different syntax for (?R)) then there shouldn't be any compatibility problems. On the positive side, oniguruma has recursive sub-groups, look-behind, is faster, and gives proper error codes for bad regular expressions!","author":"Allan Odgaard","body":"git-svn-id: http://svn.textmate.org/trunk/Bundles/PropertyList.tmbundle@916 dfb7d73b-c2ec-0310-8fea-fb051d288c6d"},{"date":"2005-04-28T10:31:57+00:00","commit":"088aa0f3a6c0db68a9219ada96e2f58c962a030b","summary":"• Added proper regex for integers. • Added rule for dictionary keys (under keyword). • Made language-def include source.plist, but markup any unrecognized key as invalid.unknown-keyword.tm-language-def. • Removed styles.","author":"Allan Odgaard","body":"git-svn-id: http://svn.textmate.org/trunk/Bundles/PropertyList.tmbundle@777 dfb7d73b-c2ec-0310-8fea-fb051d288c6d"},{"date":"2005-04-26T06:44:32+00:00","commit":"3fc0f7846cea5bf8e80de7b29f0a622428ce1cb9","summary":"Add scope","author":"Kevin Ballard","body":"git-svn-id: http://svn.textmate.org/trunk/Bundles/PropertyList.tmbundle@733 dfb7d73b-c2ec-0310-8fea-fb051d288c6d"},{"date":"2005-04-22T08:47:20+00:00","commit":"2cc3548f46e2bc9ac4dc9fbf0a4e63cf78658a58","summary":"Changed all names to singular form.","author":"Allan Odgaard","body":"git-svn-id: http://svn.textmate.org/trunk/Bundles/PropertyList.tmbundle@649 dfb7d73b-c2ec-0310-8fea-fb051d288c6d"},{"date":"2005-04-21T07:41:17+00:00","commit":"51ed8fa241fef3f4b329e8345e82e5909094ae29","summary":"Moved all bundles. I'm not sure what happens if you do “svn up” and you have modified stuff inside one of the bundles.","author":"Allan Odgaard","body":"git-svn-id: http://svn.textmate.org/trunk/Bundles/PropertyList.tmbundle@622 dfb7d73b-c2ec-0310-8fea-fb051d288c6d"},{"date":"2005-04-21T07:08:56+00:00","commit":"b72c837eac6990e5716fdfb04122e96bfa223c50","summary":"• Added scopeName key to all languages. Most of them as source.&lt;filename>. • Added a language for plain text files, currently just markups bullet points (so I can continue these on 'enter' using a scoped snippet). • Added a new “firstLineMatch” key to Perl, Ruby, and Shell languages. • The C/Objective-C languages use the scopeName in their include directives, this doesn't work for beta 5. • Ruby now includes “source.ruby” when using #{ ... } in strings. • Added capture names to a few languages (objective-c methods, though it's not very consistant, we'll need to discuss how to split up functions and name the various parts). • Removed plist filetype from XML, assuming that people loading a plist into a text editor would generally use the old-style format.","author":"Allan Odgaard","body":"git-svn-id: http://svn.textmate.org/trunk/PropertyList.tmbundle@612 dfb7d73b-c2ec-0310-8fea-fb051d288c6d"},{"date":"2005-02-25T19:02:00+00:00","commit":"9414aaf020d8b964eff72d8d3dbc2980b9102745","summary":"Change Validate Plist command to use plutil instead of pl Added Ctrl-Shift-V shortcut for Validate Plist","author":"Kevin Ballard","body":"git-svn-id: http://svn.textmate.org/trunk/PropertyList.tmbundle@371 dfb7d73b-c2ec-0310-8fea-fb051d288c6d"},{"date":"2005-01-31T14:24:06+00:00","commit":"5ba4a2cf7059b75292b900835b1a92f0585e863d","summary":"Added spaces to bundle names.","author":"Allan Odgaard","body":"git-svn-id: http://svn.textmate.org/trunk/PropertyList.tmbundle@159 dfb7d73b-c2ec-0310-8fea-fb051d288c6d"},{"date":"2005-01-24T22:01:54+00:00","commit":"0798cf6a1522caeb116261361ce777cf6624c1f6","summary":"More cleanup.","author":"Allan Odgaard","body":"git-svn-id: http://svn.textmate.org/trunk/PropertyList.tmbundle@137 dfb7d73b-c2ec-0310-8fea-fb051d288c6d"},{"date":"2005-01-20T20:01:52+00:00","commit":"2de2e84c2045287130dd1edb67c40aa5a991414f","summary":"Added UUID to all syntaxes.","author":"Allan Odgaard","body":"git-svn-id: http://svn.textmate.org/trunk/PropertyList.tmbundle@105 dfb7d73b-c2ec-0310-8fea-fb051d288c6d"},{"date":"2005-01-20T05:56:45+00:00","commit":"b7e29debf64b0ee80f6a9bd0c36071436bf789cd","summary":"Update everything else (except, I think the Invisibles bundle) to the new naming scheme. This completes your journey through the haunted mansion; flash photography is now permitted. The classifications probably need some additional refinement, but it should now be possible to automate most color and style changes.","author":"Chris Thomas","body":"git-svn-id: http://svn.textmate.org/trunk/PropertyList.tmbundle@98 dfb7d73b-c2ec-0310-8fea-fb051d288c6d"},{"date":"2005-01-09T10:36:22+00:00","commit":"0ad753817678b3a21016600bdb2eed1f0254487f","summary":"Added UUID to each bundle.","author":"Allan Odgaard","body":"git-svn-id: http://svn.textmate.org/trunk/PropertyList.tmbundle@70 dfb7d73b-c2ec-0310-8fea-fb051d288c6d"},{"date":"2005-01-04T02:51:54+00:00","commit":"5f1bff3cae5ddf9f9584a0455edcc348b6d69852","summary":"Add Objective-C, Fortran, UnixShell, Makefile, PropertyList, Pascal, Ada bundles to the repository.","author":"Chris Thomas","body":"git-svn-id: http://svn.textmate.org/trunk/PropertyList.tmbundle@21 dfb7d73b-c2ec-0310-8fea-fb051d288c6d"}],"name":"Property List","web":"https://github.com/textmate/property-list.tmbundle/commit/"}