{"name":"Math","commits":[{"body":"","summary":"Add readme.","commit":"4c97afd714af3f715cf1b7d31e7fbd75365ff2e9","date":"2011-11-14T01:17:34-06:00","author":"Michael Sheets"},{"body":"git-svn-id: http://svn.textmate.org/trunk/Bundles/Math.tmbundle@8398 dfb7d73b-c2ec-0310-8fea-fb051d288c6d","summary":"• update my email address (from a throw-away address to something a little more permanent)","commit":"3608c843ff2c3cea3053d7092e42da30868926ad","date":"2007-11-04T00:58:40+00:00","author":"Allan Odgaard"},{"body":"git-svn-id: http://svn.textmate.org/trunk/Bundles/Math.tmbundle@7106 dfb7d73b-c2ec-0310-8fea-fb051d288c6d","summary":"• fix the 10 000 → 10,000 conversion code (I mistook it for a list and added a space, plus it wouldn’t handle numbers that needed several thousand separators)","commit":"ec391fab4ff49cc05834d83bd79220bb87421ac8","date":"2007-05-02T01:43:07+00:00","author":"Allan Odgaard"},{"body":"git-svn-id: http://svn.textmate.org/trunk/Bundles/Math.tmbundle@7105 dfb7d73b-c2ec-0310-8fea-fb051d288c6d","summary":"• hugely simplify regexp, hopefully making it less prone to breaking (yes, previous version did not work with current version of Google) • various stylistic changes in the source","commit":"1af3d85c32591c109daa6a0fcbe104de8abf8ab1","date":"2007-05-02T00:58:08+00:00","author":"Allan Odgaard"},{"body":"git-svn-id: http://svn.textmate.org/trunk/Bundles/Math.tmbundle@6801 dfb7d73b-c2ec-0310-8fea-fb051d288c6d","summary":"• Added “Send Line / Selection to Google Calculator” – e.g. “15 MB in bytes” → “15,728,640 bytes”","commit":"12a37295dac2b8e14107739d37a725128b4ef623","date":"2007-03-14T10:51:21+00:00","author":"Ciarán Walsh"},{"body":"git-svn-id: http://svn.textmate.org/trunk/Bundles/Math.tmbundle@6727 dfb7d73b-c2ec-0310-8fea-fb051d288c6d","summary":"• make Add Numbers strip currency symbols and respect negative numbers, so e.g. the following works: $40 -$50 (equals -10 for Add Numbers in Line) • remove Add Money in Line now that the regular one is not distracted by currency symbols","commit":"a8f84e00c387252ce40d6a240cb7478ae4e006b2","date":"2007-03-04T23:07:34+00:00","author":"Allan Odgaard"},{"body":"contactName:\n   The full name of the contact for this bundle.\ncontactEmailRot13:\n   A ROT13 encoded email address for the bundle contact (we obfuscate it to avoid spammers from picking up the files, seeing how bundles will often be available via anonymous svn over http).\ndescription:\n   A short description for this bundle. Do link to more info about the language (or whatever) the bundle is about. I decided on using HTML for this (but leave out the initial paragraph tag) since it seemed like overkill to run a single line of text through Markdown.pl, just to convert [foo](link) into &lt;a href=\"link\">foo&lt;/a>\n\nMany of the current descriptions could use some improvements, I just wanted to get the ball rolling :)\n\n\ngit-svn-id: http://svn.textmate.org/trunk/Bundles/Math.tmbundle@6718 dfb7d73b-c2ec-0310-8fea-fb051d288c6d","summary":"Add the following keys to the bundle’s info.plist:","commit":"ddc6b2d4f16643dc30b0884aa98a5fda840dee02","date":"2007-03-04T20:11:31+00:00","author":"Allan Odgaard"},{"body":"git-svn-id: http://svn.textmate.org/trunk/Bundles/Math.tmbundle@5201 dfb7d73b-c2ec-0310-8fea-fb051d288c6d","summary":"• now we can go full circle!","commit":"fc8b49e2d7be54387a0d159f92b2756e112fca36","date":"2006-09-13T18:21:51+00:00","author":"Allan Odgaard"},{"body":"git-svn-id: http://svn.textmate.org/trunk/Bundles/Math.tmbundle@4707 dfb7d73b-c2ec-0310-8fea-fb051d288c6d","summary":"minor fix to Add Money in Line","commit":"de71ed07555c63cde3fdcf5f8a5fd1cf61dc2cff","date":"2006-08-13T02:20:50+00:00","author":"David Powers"},{"body":"git-svn-id: http://svn.textmate.org/trunk/Bundles/Math.tmbundle@3556 dfb7d73b-c2ec-0310-8fea-fb051d288c6d","summary":"• uppercase input (required by bc)","commit":"8eee183ead76d8bfaff081c3c6d564974635068a","date":"2006-06-06T16:31:33+00:00","author":"Allan Odgaard"},{"body":"git-svn-id: http://svn.textmate.org/trunk/Bundles/Math.tmbundle@3541 dfb7d73b-c2ec-0310-8fea-fb051d288c6d","summary":"• functions which convert (current word) to/from hex","commit":"505d275fdabc7f205522e8f3ad6fa10ef2370715","date":"2006-06-05T14:27:14+00:00","author":"Allan Odgaard"},{"body":"What are some good synonyms for money or numbers that place the latter          first in the alphabet? Digits or Integers seems inappropriate\n\ngit-svn-id: http://svn.textmate.org/trunk/Bundles/Math.tmbundle@3503 dfb7d73b-c2ec-0310-8fea-fb051d288c6d","summary":"• put Add Money above Add Numbers because pressing ‘a’ will select the former","commit":"662fde8a657e6963d325d0ca7f985f2d8d93079a","date":"2006-06-02T14:42:27+00:00","author":"Allan Odgaard"},{"body":"git-svn-id: http://svn.textmate.org/trunk/Bundles/Math.tmbundle@3462 dfb7d73b-c2ec-0310-8fea-fb051d288c6d","summary":"• fix these to not insert a newline and strip trailing (fractional) zeros","commit":"f97c0b155d3f904e5810cab98a75773bd4c07219","date":"2006-05-30T15:01:10+00:00","author":"Allan Odgaard"},{"body":"git-svn-id: http://svn.textmate.org/trunk/Bundles/Math.tmbundle@3400 dfb7d73b-c2ec-0310-8fea-fb051d288c6d","summary":"• menu structure","commit":"2ccab3f669d3ce434089fce217676c9f38dfb6b4","date":"2006-05-23T20:39:25+00:00","author":"Allan Odgaard"},{"body":"git-svn-id: http://svn.textmate.org/trunk/Bundles/Math.tmbundle@3390 dfb7d73b-c2ec-0310-8fea-fb051d288c6d","summary":"Pointlessly snazzier Add Numbers/Money in Line","commit":"85406af7c7c4d066dbc4441b591ea6bc7c5e5893","date":"2006-05-22T18:46:40+00:00","author":"David Powers"},{"body":"git-svn-id: http://svn.textmate.org/trunk/Bundles/Math.tmbundle@3389 dfb7d73b-c2ec-0310-8fea-fb051d288c6d","summary":"Added euro symbol to money matching regex","commit":"9e3300d98050189d819c91b8241c727e06dde378","date":"2006-05-22T17:42:21+00:00","author":"David Powers"},{"body":"git-svn-id: http://svn.textmate.org/trunk/Bundles/Math.tmbundle@3388 dfb7d73b-c2ec-0310-8fea-fb051d288c6d","summary":"Add 'Add Money in Line' to Math, only useful in US so far","commit":"95380adf8055614185ee68e7ba9e2d5ac1b13147","date":"2006-05-22T17:26:14+00:00","author":"David Powers"},{"body":"git-svn-id: http://svn.textmate.org/trunk/Bundles/Math.tmbundle@3120 dfb7d73b-c2ec-0310-8fea-fb051d288c6d","summary":"• an “Evaluate and Replace (rounded)” command (used in the screencast)","commit":"a4fa69b31dabadbb0c3f2759d9af33ce6de7fa26","date":"2006-04-27T04:12:50+00:00","author":"Allan Odgaard"},{"body":"git-svn-id: http://svn.textmate.org/trunk/Bundles/Math.tmbundle@2304 dfb7d73b-c2ec-0310-8fea-fb051d288c6d","summary":"* added \"Evaluate and Replace Expression\" command","commit":"4151bb5a6bb8e6c02d35f98e111f1500b900a4c4","date":"2005-11-27T21:33:03+00:00","author":"Paul Bissex"},{"body":"git-svn-id: http://svn.textmate.org/trunk/Bundles/Math.tmbundle@2272 dfb7d73b-c2ec-0310-8fea-fb051d288c6d","summary":"• made all these consistently use “«Unit» / Selection” in the name (when they have an input fallback for the selection) — starting with next build, TextMate will pick the proper part for display in the menus (based on whether a selection exists)","commit":"df807895cc83efc1abbce339e911a1a827146c6e","date":"2005-11-24T06:17:35+00:00","author":"Allan Odgaard"},{"body":"git-svn-id: http://svn.textmate.org/trunk/Bundles/Math.tmbundle@2224 dfb7d73b-c2ec-0310-8fea-fb051d288c6d","summary":"• set selection fallback to line","commit":"a7bcd20479396fa32126ce16ab2a1374443fa522","date":"2005-11-22T00:00:20+00:00","author":"Allan Odgaard"},{"body":"git-svn-id: http://svn.textmate.org/trunk/Bundles/Math.tmbundle@903 dfb7d73b-c2ec-0310-8fea-fb051d288c6d","summary":"Only strips trailing zeros after a period.","commit":"a93117f80b7f1518ec1b1bfdd9060ef031cc9b01","date":"2005-05-12T19:18:28+00:00","author":"Allan Odgaard"},{"body":"git-svn-id: http://svn.textmate.org/trunk/Bundles/Math.tmbundle@704 dfb7d73b-c2ec-0310-8fea-fb051d288c6d","summary":"Strip trailing zeroes from the result (and the period when the result is an integer)","commit":"c5355afd16cb810f1cca6ccbb7f431de9a167bee","date":"2005-04-24T16:32:07+00:00","author":"Allan Odgaard"},{"body":"git-svn-id: http://svn.textmate.org/trunk/Bundles/Math.tmbundle@622 dfb7d73b-c2ec-0310-8fea-fb051d288c6d","summary":"Moved all bundles. I'm not sure what happens if you do “svn up” and you have modified stuff inside one of the bundles.","commit":"9942ecdc4b3b40a2377031ee02e18416e65d3e19","date":"2005-04-21T07:41:17+00:00","author":"Allan Odgaard"},{"body":"git-svn-id: http://svn.textmate.org/trunk/Math.tmbundle@601 dfb7d73b-c2ec-0310-8fea-fb051d288c6d","summary":"Changed key equivalents to ctrl-shift-C (for calculate) since ctrl-shift-M is select method in obj-c.","commit":"0a588fbc471594012beaf4eba77b9f41e9d2f3f2","date":"2005-04-18T08:55:36+00:00","author":"Allan Odgaard"},{"body":"git-svn-id: http://svn.textmate.org/trunk/Math.tmbundle@201 dfb7d73b-c2ec-0310-8fea-fb051d288c6d","summary":"Some commands to add/subtract numbers or evaluate an expression (all using \"bc\"). Works well with column selections! :) Though there was a bug with the \"insert after selection\" which caused TM to actually replace the selection (these commands use this output form).","commit":"486c7ddc00902fa84f15d0d7bd35b8c0ab752e6d","date":"2005-02-06T03:17:17+00:00","author":"Allan Odgaard"}],"web":"https://github.com/textmate/math.tmbundle/commit/"}