{"web":"https://github.com/textmate/bundle-development.tmbundle/commit/","commits":[{"body":"","date":"2013-09-26T00:13:31-05:00","author":"Michael Sheets","summary":"Prevent scope match from being too greedy","commit":"962a9d97d7d7df742d536d9c721e35dbd718ff2a"},{"body":"","date":"2013-08-29T01:48:56-05:00","author":"Michael Sheets","summary":"Remove unused pattern arrays","commit":"110583053808a06262830ce04ea8e60cdd0fc3a9"},{"body":"","date":"2013-03-13T15:55:16+01:00","author":"Allan Odgaard","summary":"Add ‘zeroIndentPattern’ to settings grammar","commit":"5e860015555f92d1ce5535c0e4dd3b516beccc59"},{"body":"Instead use TM_CURRENT_THEME_PATH and the TM_QUERY tool.","date":"2012-09-25T05:57:28-05:00","author":"Michael Sheets","summary":"Remove usage of main preference file for theme settings.","commit":"9ed7f4623b61c0519170852cf30b8aa425e5447e"},{"body":"","date":"2012-09-19T04:35:35-05:00","author":"Michael Sheets","summary":"Use TM_APP_IDENTIFIER to find the preference file.","commit":"c1ff1cc165d7f5f751547e95449f3305ae3b0755"},{"body":"","date":"2012-09-15T04:50:47-05:00","author":"Michael Sheets","summary":"Add indentOnPaste setting item.","commit":"b1a90d178c38cd58a10bd4dbeba793e004050976"},{"body":"Changed Show Source (HTML) to try using the Twilight theme before failing completely if it can't find your current theme.\n\nSigned-off-by: Brandon Fryslie &lt;sssssmokey@gmail.com>","date":"2012-01-21T03:42:23-07:00","author":"Brandon Fryslie","summary":"Fix Show Source (HTML) to work when a non-default theme is selected","commit":"98787c2db1e15a4aa70c09f8d1f2bc0667c6a163"},{"body":"","date":"2011-12-21T07:45:19-06:00","author":"Michael Sheets","summary":"Use alpha pref file, and new theme key.","commit":"9a6c110e4d6aee48a9773762a5cf022398797717"},{"body":"","date":"2011-12-09T01:34:21-06:00","author":"Michael Sheets","summary":"Add support for indented folding keys.","commit":"06eb92dd00eb81735f1a289b8026f315cef53e30"},{"body":"","date":"2011-12-02T01:26:19-06:00","author":"Michael Sheets","summary":"Add support for indentedSoftWrap.","commit":"4e63eac7924d7002b277d15575af353f1a22a3f0"},{"body":"","date":"2011-11-28T04:33:40-06:00","author":"Michael Sheets","summary":"Allow comments.","commit":"84fb1c7b4d9e1be36e3e5e376864da623de67c12"},{"body":"","date":"2011-11-27T18:24:39-06:00","author":"Michael Sheets","summary":"Scope booleans better, add missing settings.","commit":"5013327f433f2ebeba6328a75a5c7d784bddc992"},{"body":"","date":"2011-11-26T16:49:29-06:00","author":"Michael Sheets","summary":"Change grammar grammar scope to source.plist.textmate.grammar","commit":"04a421be1296d41e9f2833a73e1496c09a0d5b6b"},{"body":"","date":"2011-11-26T16:31:09-06:00","author":"Michael Sheets","summary":"Add specific rule for fontSize.","commit":"8c654a3ef7b57318b71745a7031a0f03934c6bd5"},{"body":"","date":"2011-11-12T14:28:17-06:00","author":"Michael Sheets","summary":"Move folding settings.","commit":"cca02680046f3032a300981a420e3950f80bac60"},{"body":"","date":"2011-11-12T14:16:08-06:00","author":"Michael Sheets","summary":"Add readme.","commit":"2e5969746452d101deeeb3a8c6430f524561cb12"},{"body":"","date":"2011-11-12T14:15:24-06:00","author":"Michael Sheets","summary":"Add grammar for settings files.","commit":"d4826c1c906c92e31e834390dea1f5e85ebeeeda"},{"body":"","date":"2011-11-12T14:14:36-06:00","author":"Michael Sheets","summary":"Improve matching of injections key.","commit":"0539a9f5fc15362399d9a542b891c230c443efac"},{"body":"","date":"2011-09-09T00:59:52-05:00","author":"Michael Sheets","summary":"Re-scope to support nested repositories.","commit":"0a77b7e3c504e4a75640a7277b118852777c9823"},{"body":"","date":"2011-09-08T02:39:00-05:00","author":"Michael Sheets","summary":"Support injection rules.","commit":"cc4934bd886809ab4d77beda6850669204050df1"},{"body":"","date":"2011-09-08T02:11:05-05:00","author":"Michael Sheets","summary":"Allow repositories inside rules.","commit":"14bc6ad91773e608f1bcaee71e6618a1f5da97c0"},{"body":"","date":"2011-08-30T15:48:06-05:00","author":"Michael Sheets","summary":"Support pattern arrays in capture rules.","commit":"79ad5a478148a62559175ba53c3feef6def407e5"},{"body":"","date":"2011-08-30T02:36:04-05:00","author":"Michael Sheets","summary":"Move snippet grammar into this bundle.","commit":"6896c5c0526f3451b56258f86c89643b7421f7df"},{"body":"This is because the doctohtml.rb from the TextMate bundle needs the themes.","date":"2011-06-14T09:14:11+02:00","author":"Allan Odgaard","summary":"Let Show Scope require the Themes bundle.","commit":"b2c48f9e7db71a7cb080a70f433b9bf814712161"},{"body":"Also change key equivalent to <kbd class='keyEquivalent'>⌃⇧⌘P</kbd> since the HTML version is on <kbd class='keyEquivalent'>⌃⇧P</kbd>.","date":"2009-10-17T03:55:00+02:00","author":"Allan Odgaard","summary":"Show both left and right scope.","commit":"8ddb47a58c7c9aefe7fc2894da0a7b3bc970ef5a"},{"body":"","date":"2009-10-17T03:51:32+02:00","author":"Allan Odgaard","summary":"Add HTML version of Show Scope.","commit":"9c41d8edf620adb4cdb657ad0cdbbbcbba8bf4c0"},{"body":"git-svn-id: http://svn.textmate.org/trunk/Bundles/Bundle Development.tmbundle@11784 dfb7d73b-c2ec-0310-8fea-fb051d288c6d","date":"2009-10-17T01:45:13+00:00","author":"Allan Odgaard","summary":"Add key equivalent of <kbd class='keyEquivalent'>⌃⇧⌘P</kbd> to this command.","commit":"2ff98931a72cfcdd8f6dba82719eb27f53631bd2"},{"body":"git-svn-id: http://svn.textmate.org/trunk/Bundles/Bundle Development.tmbundle@10633 dfb7d73b-c2ec-0310-8fea-fb051d288c6d","date":"2008-09-25T02:13:27+00:00","author":"Michael Sheets","summary":"Really add command to deoptimize a regex alternation. Sent in by Hans-Jörg Bibiko.","commit":"b2cb1a80d781c432729fce910cdba7f197d9ccfc"},{"body":"git-svn-id: http://svn.textmate.org/trunk/Bundles/Bundle Development.tmbundle@10632 dfb7d73b-c2ec-0310-8fea-fb051d288c6d","date":"2008-09-25T02:11:59+00:00","author":"Michael Sheets","summary":"Add command to deoptimize a regex alternation. Sent in by Hans-Jörg Bibiko.","commit":"39c5283f170c02d4ac03e1074a14ed5382771604"},{"body":"git-svn-id: http://svn.textmate.org/trunk/Bundles/Bundle Development.tmbundle@10631 dfb7d73b-c2ec-0310-8fea-fb051d288c6d","date":"2008-09-25T02:01:26+00:00","author":"Michael Sheets","summary":"Add command to convert a list of matches into an optimized regex.","commit":"a1fe48006293fad7e3e89e97721f4d88addc7161"},{"body":"git-svn-id: http://svn.textmate.org/trunk/Bundles/Bundle Development.tmbundle@9458 dfb7d73b-c2ec-0310-8fea-fb051d288c6d","date":"2008-04-25T21:14:02+00:00","author":"Michael Sheets","summary":"Add a couple git commands and various Maven commands to the ignored globals list.","commit":"ffb6af11735df04272d756d85df55730b625abab"},{"body":"git-svn-id: http://svn.textmate.org/trunk/Bundles/Bundle Development.tmbundle@9183 dfb7d73b-c2ec-0310-8fea-fb051d288c6d","date":"2008-03-21T08:35:16+00:00","author":"Michael Sheets","summary":"Add new global git scopes.","commit":"b908f2e2130c07c2c44445e6e84299c88e52e67e"},{"body":"git-svn-id: http://svn.textmate.org/trunk/Bundles/Bundle Development.tmbundle@9182 dfb7d73b-c2ec-0310-8fea-fb051d288c6d","date":"2008-03-21T08:24:49+00:00","author":"Michael Sheets","summary":"Repair the load path to these scripts.","commit":"519098c721a95e6c384c543debabd3e58a31dab0"},{"body":"git-svn-id: http://svn.textmate.org/trunk/Bundles/Bundle Development.tmbundle@9047 dfb7d73b-c2ec-0310-8fea-fb051d288c6d","date":"2008-03-04T13:47:29+00:00","author":"Allan Odgaard","summary":"• these commands are used manually when working with bundles, so to reduce clutter in Support I am moving them to the Bundle Development bundle","commit":"c9497f8d3ff07d0e38711a3292639102b2a72e4d"},{"body":"git-svn-id: http://svn.textmate.org/trunk/Bundles/Bundle Development.tmbundle@8763 dfb7d73b-c2ec-0310-8fea-fb051d288c6d","date":"2008-01-06T07:12:36+00:00","author":"Michael Sheets","summary":"Add new rule for a repository item containing a pattern array.","commit":"3e556f36a16e748525fb35c09cdc0165a2fdbc27"},{"body":"git-svn-id: http://svn.textmate.org/trunk/Bundles/Bundle Development.tmbundle@8584 dfb7d73b-c2ec-0310-8fea-fb051d288c6d","date":"2007-12-03T08:46:27+00:00","author":"Michael Sheets","summary":"Change punctuation.definition.. to punctuation.definition.constant","commit":"506d60a7f1cdaae6626a60f65e74ba71bb62f900"},{"body":"git-svn-id: http://svn.textmate.org/trunk/Bundles/Bundle Development.tmbundle@8547 dfb7d73b-c2ec-0310-8fea-fb051d288c6d","date":"2007-11-26T03:25:22+00:00","author":"Michael Sheets","summary":"Make # an illegal character in scope names, redo scope matching of root-level scopes.","commit":"26a11712d0ab7028498b3956be31e2c608bd5105"},{"body":"git-svn-id: http://svn.textmate.org/trunk/Bundles/Bundle Development.tmbundle@8398 dfb7d73b-c2ec-0310-8fea-fb051d288c6d","date":"2007-11-04T00:58:40+00:00","author":"Allan Odgaard","summary":"• update my email address (from a throw-away address to something a little more permanent)","commit":"50c51c67360e85acf0320f68bce7cc4e8032176b"},{"body":"git-svn-id: http://svn.textmate.org/trunk/Bundles/Bundle Development.tmbundle@8213 dfb7d73b-c2ec-0310-8fea-fb051d288c6d","date":"2007-09-24T07:28:18+00:00","author":"Michael Sheets","summary":"Add a tab to make everything line up all pretty like.","commit":"95d92f62a491aaeab5069a0e5f426324083dbbe5"},{"body":"git-svn-id: http://svn.textmate.org/trunk/Bundles/Bundle Development.tmbundle@7627 dfb7d73b-c2ec-0310-8fea-fb051d288c6d","date":"2007-06-28T10:15:50+00:00","author":"Allan Odgaard","summary":"• restrict format string so only S or B results in an expansion, everything else is just literal (hint: you can use <kbd class='keyEquivalent'>⌫</kbd> + F + <kbd class='keyEquivalent'>⎋</kbd> to cycle through TM variables starting with F)","commit":"ea1027e183bce43beb67bb173eb997fdc8f39dd2"},{"body":"git-svn-id: http://svn.textmate.org/trunk/Bundles/Bundle Development.tmbundle@7625 dfb7d73b-c2ec-0310-8fea-fb051d288c6d","date":"2007-06-28T06:27:06+00:00","author":"Allan Odgaard","summary":"• update bundle descriptions, add me as maintainer for Bundle Development (until I convince Michael Sheets to take over :) ) • one UUID was not carried properly over from the info.plist (moved items generally should be in the deleted array of the source, since the snippet is still in the bundle until the user upgrades TextMate, that is, it exists in the default bundle included with TextMate, so even though it is removed in the svn version, it will be found “deeper down”)","commit":"54b26c3aee11ebccba1256e4151dc56ae5349c35"},{"body":"git-svn-id: http://svn.textmate.org/trunk/Bundles/Bundle Development.tmbundle@7624 dfb7d73b-c2ec-0310-8fea-fb051d288c6d","date":"2007-06-28T06:13:05+00:00","author":"Allan Odgaard","summary":"• move scope completion command","commit":"0edc869e9a9a7ea27e29512e637d09e1eaff1fc1"},{"body":"git-svn-id: http://svn.textmate.org/trunk/Bundles/Bundle Development.tmbundle@7623 dfb7d73b-c2ec-0310-8fea-fb051d288c6d","date":"2007-06-28T06:09:15+00:00","author":"Allan Odgaard","summary":"• move language grammar grammar and related symbol pop-up preferences","commit":"84bb05433b3ab01cc3c5e9cd1f5a1454743b536b"},{"body":"git-svn-id: http://svn.textmate.org/trunk/Bundles/Bundle Development.tmbundle@7622 dfb7d73b-c2ec-0310-8fea-fb051d288c6d","date":"2007-06-28T05:58:29+00:00","author":"Allan Odgaard","summary":"• move bundle development related commands","commit":"c6fbb01a5f8ef77893438950054d46eb2730aa43"},{"body":"git-svn-id: http://svn.textmate.org/trunk/Bundles/Bundle Development.tmbundle@7621 dfb7d73b-c2ec-0310-8fea-fb051d288c6d","date":"2007-06-28T05:30:47+00:00","author":"Allan Odgaard","summary":"• fix placeholder number ($1 → $2)","commit":"9686e313b1fcd5a6cd9eddeff8ad72dba799381e"},{"body":"git-svn-id: http://svn.textmate.org/trunk/Bundles/Bundle Development.tmbundle@7620 dfb7d73b-c2ec-0310-8fea-fb051d288c6d","date":"2007-06-28T05:28:03+00:00","author":"Allan Odgaard","summary":"• move language grammar snippets to Bundle Development bundle","commit":"670329721859d9e15731ed10e9c80db42be23643"},{"body":"Credits to Ciarán for the Show Changes command (which does a svn diff with current document and base, but using the pretty-printed version of the (XML) property list)\n\n\ngit-svn-id: http://svn.textmate.org/trunk/Bundles/Bundle Development.tmbundle@7619 dfb7d73b-c2ec-0310-8fea-fb051d288c6d","date":"2007-06-28T05:17:48+00:00","author":"Allan Odgaard","summary":"• add a bundle specifically for bundle development related stuff","commit":"8d13dee2c0ea5b582bf9371b811c6401bf3c6f65"}],"name":"Bundle Development"}