{"commits":[{"author":"Michael Sheets","body":"Corrects issue mentioned in #1.","commit":"c7afe5dceaee3e4d1fea448c61f3b6e3c71a9777","summary":"Provide proper separators in Config items menu","date":"2013-09-20T01:22:41-05:00"},{"author":"Michael Sheets","body":"","commit":"8bf20ffc7acfbcf056bb71aa120aeba2529a8267","summary":"Switch to using requiredCommands.","date":"2012-10-01T01:56:06-05:00"},{"author":"Michael Sheets","body":"","commit":"c916ccfbe64f074826adece50210078a6d379a33","summary":"Add initial semantic classes.","date":"2012-09-07T23:33:47-05:00"},{"author":"Michael Sheets","body":"","commit":"cfbb1cf4690aa9674968a150fda5d7ede717d54c","summary":"Change tm-file: → file:","date":"2012-08-25T20:23:21-05:00"},{"author":"Michael Sheets","body":"","commit":"f52b063ed73f29c7a05d71a0c41da9cafc51524c","summary":"Improve comment.line match.","date":"2011-11-13T18:20:26-06:00"},{"author":"Michael Sheets","body":"","commit":"75a4a7735594618aef569016c71792a6d78cbc1a","summary":"Move folding settings.","date":"2011-11-13T18:10:11-06:00"},{"author":"Michael Sheets","body":"","commit":"b40232cfbdc4aa82b68d7b66ab9fff987c2d8ecd","summary":"Add readme.","date":"2011-11-13T18:06:55-06:00"},{"author":"Adam Vandenberg","body":"","commit":"9d55586035bcf88cc62c6261a4d2aadd7ed9c94d","summary":"Add some modules","date":"2010-10-22T12:23:29-07:00"},{"author":"Simon Gregory","body":"","commit":"e6141cbcf086c701b45dfc26bd23749cb9c7289a","summary":"Merge remote branch 'vigo/master'","date":"2010-11-21T13:28:33+00:00"},{"author":"Simon Gregory","body":"The Macports install of Apache2 stores configuration files inside a 'conf'\ndirectory, not on the root of TM_APACHE_DIRECTORY. We now recognise this when\nlocating files to open.","commit":"be73bb3287557024c86a311b27aa13b6c7bca073","summary":"• Open config command now searches for 'conf' directory.","date":"2010-11-21T13:13:26+00:00"},{"author":"Uğur Özyılmazel","body":"","commit":"d0bafd7814eca7fdbfdd49743843d4fac8618504","summary":"WSGI based directives","date":"2009-12-15T14:24:45+02:00"},{"author":"Simon Gregory","body":"git-svn-id: http://svn.textmate.org/trunk/Bundles/Apache.tmbundle@11730 dfb7d73b-c2ec-0310-8fea-fb051d288c6d","commit":"0cebaec21e0904e7fa16c2f5f247f6802ced0a6a","summary":"• Adding substitute_module to mod list.","date":"2009-08-12T10:06:15+00:00"},{"author":"Simon Gregory","body":"git-svn-id: http://svn.textmate.org/trunk/Bundles/Apache.tmbundle@11213 dfb7d73b-c2ec-0310-8fea-fb051d288c6d","commit":"c29d1c03ca54202db568bf5328730920b322fd78","summary":"• Fixing error with rescue statement when checking the status of localhost/manual/","date":"2009-02-02T08:28:45+00:00"},{"author":"James Edward Gray II","body":"git-svn-id: http://svn.textmate.org/trunk/Bundles/Apache.tmbundle@11072 dfb7d73b-c2ec-0310-8fea-fb051d288c6d","commit":"dd2321c5b240d1669297c64a8550e438a7a6497b","summary":"Adding encoding comments to the Bundles directory where needed.  Patch from Dave Thomas.","date":"2009-01-04T19:27:02+00:00"},{"author":"Simon Gregory","body":"git-svn-id: http://svn.textmate.org/trunk/Bundles/Apache.tmbundle@10897 dfb7d73b-c2ec-0310-8fea-fb051d288c6d","commit":"e7943abbc502269b41d6e3c47b1bd435f151fd8c","summary":"• Adding Directory snippet.","date":"2008-11-28T11:10:39+00:00"},{"author":"Allan Odgaard","body":"git-svn-id: http://svn.textmate.org/trunk/Bundles/Apache.tmbundle@9341 dfb7d73b-c2ec-0310-8fea-fb051d288c6d","commit":"86ca9fca4583d918e34409c9cbb568113270dc56","summary":"• use the DIALOG environment variable instead of hitting the raw metal","date":"2008-04-08T05:56:05+00:00"},{"author":"Michael Sheets","body":"git-svn-id: http://svn.textmate.org/trunk/Bundles/Apache.tmbundle@8944 dfb7d73b-c2ec-0310-8fea-fb051d288c6d","commit":"b0df640e5ae87ba70d7d6c13a0a08d676cd0d5fb","summary":"Title case various names, organize menu.","date":"2008-02-18T11:41:12+00:00"},{"author":"Michael Sheets","body":"- Updating apachectl commands to use the new ruby proxy scripts.\n- Fixing \"Tail Log\" command's to be compatible with the OS prior to 10.5.\n\n\ngit-svn-id: http://svn.textmate.org/trunk/Bundles/Apache.tmbundle@8943 dfb7d73b-c2ec-0310-8fea-fb051d288c6d","commit":"8c1df150ba9e9c7d992891a51885caa86b5e45de","summary":"Restoring post-revert commits.","date":"2008-02-18T11:20:05+00:00"},{"author":"Michael Sheets","body":"git-svn-id: http://svn.textmate.org/trunk/Bundles/Apache.tmbundle@8942 dfb7d73b-c2ec-0310-8fea-fb051d288c6d","commit":"18bb60c946ce039ba28baf14033a00609f7a1770","summary":"Restoring history of these commands.","date":"2008-02-18T10:56:03+00:00"},{"author":"Ciarán Walsh","body":"git-svn-id: http://svn.textmate.org/trunk/Bundles/Apache.tmbundle@8910 dfb7d73b-c2ec-0310-8fea-fb051d288c6d","commit":"7bbb4c0cfd846e896ba4921753955580ef913077","summary":"Split the comment shell variable out into another preference item, so that it’s inherited by the VirtualHost scope too","date":"2008-02-15T21:14:01+00:00"},{"author":"Michael Sheets","body":"git-svn-id: http://svn.textmate.org/trunk/Bundles/Apache.tmbundle@8908 dfb7d73b-c2ec-0310-8fea-fb051d288c6d","commit":"2519f5819b0afb58e9660042aeb06ec4f3835603","summary":"Reverting to r8861.","date":"2008-02-15T20:39:52+00:00"},{"author":"Simon Gregory","body":"git-svn-id: http://svn.textmate.org/trunk/Bundles/Apache.tmbundle@8900 dfb7d73b-c2ec-0310-8fea-fb051d288c6d","commit":"1f5b34c782e51a8850ff2a4b6bd76d11fcef75cd","summary":"Re-adding Symbol List: Virtual Host.tmPreferences with file history intact.","date":"2008-02-15T19:04:55+00:00"},{"author":"Simon Gregory","body":"git-svn-id: http://svn.textmate.org/trunk/Bundles/Apache.tmbundle@8899 dfb7d73b-c2ec-0310-8fea-fb051d288c6d","commit":"57cd3f02437d88e20b93159e6aa24b32b010338f","summary":"Backing up Symbol List: Virtual Host.tmPreferences.","date":"2008-02-15T19:03:42+00:00"},{"author":"Simon Gregory","body":"git-svn-id: http://svn.textmate.org/trunk/Bundles/Apache.tmbundle@8898 dfb7d73b-c2ec-0310-8fea-fb051d288c6d","commit":"d547909baa35790354c2aa29fd3d3daf40d0e145","summary":"Re-adding Miscellaneous.tmPreferences with file history intact.","date":"2008-02-15T19:02:49+00:00"},{"author":"Simon Gregory","body":"git-svn-id: http://svn.textmate.org/trunk/Bundles/Apache.tmbundle@8897 dfb7d73b-c2ec-0310-8fea-fb051d288c6d","commit":"844cf7da1820e1c852100fa821770b3f85bab5cb","summary":"Backing up Miscellaneous.tmPreferences.","date":"2008-02-15T19:01:43+00:00"},{"author":"Simon Gregory","body":"git-svn-id: http://svn.textmate.org/trunk/Bundles/Apache.tmbundle@8896 dfb7d73b-c2ec-0310-8fea-fb051d288c6d","commit":"3992aad1e084d30bab4506cd74f9a7e4297a8aec","summary":"Re-adding Completions.tmPreferences with file history intact.","date":"2008-02-15T19:01:01+00:00"},{"author":"Simon Gregory","body":"git-svn-id: http://svn.textmate.org/trunk/Bundles/Apache.tmbundle@8895 dfb7d73b-c2ec-0310-8fea-fb051d288c6d","commit":"436d9ff9c3f3d5f99bc9ff78e583fd63366d2281","summary":"Backing up Completions.tmPreferences.","date":"2008-02-15T18:57:20+00:00"},{"author":"Simon Gregory","body":"git-svn-id: http://svn.textmate.org/trunk/Bundles/Apache.tmbundle@8894 dfb7d73b-c2ec-0310-8fea-fb051d288c6d","commit":"a832c252cbe021ed54ef6f5c3a37c5077f838144","summary":"Re adding Open Conf.tmCommand with file history intact.","date":"2008-02-15T18:43:39+00:00"},{"author":"Simon Gregory","body":"git-svn-id: http://svn.textmate.org/trunk/Bundles/Apache.tmbundle@8893 dfb7d73b-c2ec-0310-8fea-fb051d288c6d","commit":"8030947073fe32e5128b22b38ca705f9400cc3ef","summary":"Backing up Current Open Conf command.","date":"2008-02-15T18:36:25+00:00"},{"author":"Ciarán Walsh","body":"git-svn-id: http://svn.textmate.org/trunk/Bundles/Apache.tmbundle@8874 dfb7d73b-c2ec-0310-8fea-fb051d288c6d","commit":"4bcf539216a19d154fbe3ecbcc81e1df9afa9912","summary":"Add comment preference for inside VirtualHost blocks","date":"2008-02-13T20:29:28+00:00"},{"author":"Simon Gregory","body":"git-svn-id: http://svn.textmate.org/trunk/Bundles/Apache.tmbundle@8863 dfb7d73b-c2ec-0310-8fea-fb051d288c6d","commit":"3e0b4d0bf7688ab52cc0d151a6a0c8a88ea2387e","summary":"Correcting command output type.","date":"2008-02-11T20:17:27+00:00"},{"author":"Simon Gregory","body":"git-svn-id: http://svn.textmate.org/trunk/Bundles/Apache.tmbundle@8862 dfb7d73b-c2ec-0310-8fea-fb051d288c6d","commit":"a3bc13151c5d2f703259d15754cec17bc1fd6777","summary":"Modernising file names and updating menu structure.","date":"2008-02-11T14:36:23+00:00"},{"author":"Simon Gregory","body":"git-svn-id: http://svn.textmate.org/trunk/Bundles/Apache.tmbundle@8861 dfb7d73b-c2ec-0310-8fea-fb051d288c6d","commit":"0088095e6a5e8440a3989c4f0d403fc9110a319c","summary":"Changing method reference to ruby snake case convention.","date":"2008-02-11T14:34:53+00:00"},{"author":"Simon Gregory","body":"git-svn-id: http://svn.textmate.org/trunk/Bundles/Apache.tmbundle@8860 dfb7d73b-c2ec-0310-8fea-fb051d288c6d","commit":"0675a467b382b1d6882e74e5740d40b7f157829b","summary":"Updated apachectl ruby proxying/password management.","date":"2008-02-11T14:34:02+00:00"},{"author":"Simon Gregory","body":"git-svn-id: http://svn.textmate.org/trunk/Bundles/Apache.tmbundle@8859 dfb7d73b-c2ec-0310-8fea-fb051d288c6d","commit":"6e865a7d976bd6d16b42cce145d6e3aa4b4ee869","summary":"Switching keys to use generic names to allow for future reuse.","date":"2008-02-11T14:33:21+00:00"},{"author":"Simon Gregory","body":"git-svn-id: http://svn.textmate.org/trunk/Bundles/Apache.tmbundle@8858 dfb7d73b-c2ec-0310-8fea-fb051d288c6d","commit":"6d9d588a3dd386e5e8e9ae17b6577cdb6ef1927a","summary":"Updating apachectl commands to use the new ruby proxy scripts.","date":"2008-02-11T14:32:41+00:00"},{"author":"Simon Gregory","body":"git-svn-id: http://svn.textmate.org/trunk/Bundles/Apache.tmbundle@8857 dfb7d73b-c2ec-0310-8fea-fb051d288c6d","commit":"f4dcf659b344a6784601c40cba1d7a39246756ec","summary":"Fixing \"Tail Log\" command's to be compatible with the OS prior to 10.5.","date":"2008-02-11T14:29:50+00:00"},{"author":"Simon Gregory","body":"git-svn-id: http://svn.textmate.org/trunk/Bundles/Apache.tmbundle@8853 dfb7d73b-c2ec-0310-8fea-fb051d288c6d","commit":"57ceeea3918a82e6e87e9bd33b9c52e8e9e53fc4","summary":"Updated keychain scripts to catch failing passwords and direct users accordingly.","date":"2008-02-11T00:47:51+00:00"},{"author":"Simon Gregory","body":"Although this can be achieved by editing the bundle commands, this change will enable a custom tm_dialog window to make the process easier.\n\ngit-svn-id: http://svn.textmate.org/trunk/Bundles/Apache.tmbundle@8852 dfb7d73b-c2ec-0310-8fea-fb051d288c6d","commit":"2092dfbde5f9c4747f9281e9c990cdeaf1f0783b","summary":"Adding functionality that will (once enabled after testing) allow users to store their admin password in their keychain so it can be used when invoking sudo apachectl.","date":"2008-02-10T20:29:56+00:00"},{"author":"Simon Gregory","body":"git-svn-id: http://svn.textmate.org/trunk/Bundles/Apache.tmbundle@8851 dfb7d73b-c2ec-0310-8fea-fb051d288c6d","commit":"9bce2ae2a9117644da9b38f5512c0830c85f0d31","summary":"Updated Symbols List item names inline with the convention present in other bundles.","date":"2008-02-10T20:23:26+00:00"},{"author":"Simon Gregory","body":"git-svn-id: http://svn.textmate.org/trunk/Bundles/Apache.tmbundle@8743 dfb7d73b-c2ec-0310-8fea-fb051d288c6d","commit":"8cb59bfe4e1a7ac4f331807c18fdae505f8e7c2e","summary":"Added warning that updated Help functionality is only available to Leopard users (until I get a chance to test it on Tiger)","date":"2007-12-28T23:52:10+00:00"},{"author":"Simon Gregory","body":"git-svn-id: http://svn.textmate.org/trunk/Bundles/Apache.tmbundle@8742 dfb7d73b-c2ec-0310-8fea-fb051d288c6d","commit":"26bea691a404c6927d2ae42ab3e21987d18cb14d","summary":"Updated help and menu layout.","date":"2007-12-28T23:48:44+00:00"},{"author":"Simon Gregory","body":"git-svn-id: http://svn.textmate.org/trunk/Bundles/Apache.tmbundle@8741 dfb7d73b-c2ec-0310-8fea-fb051d288c6d","commit":"dbdb0d686e381fafc77f198d04fde478fc55b2c8","summary":"Updating documentation search. This now searches and index file for the current word/selection then redirects or presents a list as appropriate. If the user appears to have the documentation installed locally then the script favours it over the apache website.","date":"2007-12-28T23:46:14+00:00"},{"author":"Simon Gregory","body":"Added scope for Include lines to language definition.\n\ngit-svn-id: http://svn.textmate.org/trunk/Bundles/Apache.tmbundle@8740 dfb7d73b-c2ec-0310-8fea-fb051d288c6d","commit":"e78a4e293ee19f504fda2762fb10108314de188a","summary":"Adding \"Open Include\" command - bound to <kbd class='keyEquivalent'>⇧⌘D</kbd> (shift-apple-D).","date":"2007-12-28T23:43:39+00:00"},{"author":"Simon Gregory","body":"git-svn-id: http://svn.textmate.org/trunk/Bundles/Apache.tmbundle@8739 dfb7d73b-c2ec-0310-8fea-fb051d288c6d","commit":"9ee0205b3c694dccbc92ed271da18aeb483233aa","summary":"Updating completions lists with Directives, Modules and ModuleIdentifiers.","date":"2007-12-28T23:40:34+00:00"},{"author":"Simon Gregory","body":"git-svn-id: http://svn.textmate.org/trunk/Bundles/Apache.tmbundle@8738 dfb7d73b-c2ec-0310-8fea-fb051d288c6d","commit":"cf2f55ea5348636f5e5c6b5e59df8f127c29f0c5","summary":"Distilling all config open commands into single \"Open Config...\" and binding it to <kbd class='keyEquivalent'>⇧⌘R</kbd>.","date":"2007-12-28T23:39:19+00:00"},{"author":"Simon Gregory","body":"git-svn-id: http://svn.textmate.org/trunk/Bundles/Apache.tmbundle@8737 dfb7d73b-c2ec-0310-8fea-fb051d288c6d","commit":"6ec479b84baed6746c43403b4fe4772dcbf9c2e3","summary":"Updating all apachectl commands with key binding - <kbd class='keyEquivalent'>⌘R</kbd>","date":"2007-12-28T23:33:19+00:00"},{"author":"Simon Gregory","body":"git-svn-id: http://svn.textmate.org/trunk/Bundles/Apache.tmbundle@8724 dfb7d73b-c2ec-0310-8fea-fb051d288c6d","commit":"800a1391e7ba800750832fc02f702702a58c1ce0","summary":"Fixing syntax error.","date":"2007-12-26T22:18:11+00:00"},{"author":"Simon Gregory","body":"Added help to describe the above.\n\nUpdated Open Config command to use TM DIALOG.\n\ngit-svn-id: http://svn.textmate.org/trunk/Bundles/Apache.tmbundle@8702 dfb7d73b-c2ec-0310-8fea-fb051d288c6d","commit":"7dec7fb5f675f7ed0ca8647a2a7e7b02a47b7368","summary":"Updated to allow users to override file and directory locations.","date":"2007-12-22T20:53:27+00:00"},{"author":"Simon Gregory","body":"git-svn-id: http://svn.textmate.org/trunk/Bundles/Apache.tmbundle@8460 dfb7d73b-c2ec-0310-8fea-fb051d288c6d","commit":"8530022e54bd3da41df0d1e1e5b59891c48964cc","summary":"Fixing path error.","date":"2007-11-15T23:33:54+00:00"},{"author":"Simon Gregory","body":"git-svn-id: http://svn.textmate.org/trunk/Bundles/Apache.tmbundle@8459 dfb7d73b-c2ec-0310-8fea-fb051d288c6d","commit":"ce876b928b7ab0b5c501efd4552792746443e545","summary":"Correcting output type.","date":"2007-11-15T23:04:03+00:00"},{"author":"Simon Gregory","body":"git-svn-id: http://svn.textmate.org/trunk/Bundles/Apache.tmbundle@8445 dfb7d73b-c2ec-0310-8fea-fb051d288c6d","commit":"90514af818a87fe221364879728d6247a7b658f3","summary":"Updated to open Apache 2 .conf files if using the default Leopard install (otherwise fall back on the original Apache 1 conf files).","date":"2007-11-13T22:16:20+00:00"},{"author":"Allan Odgaard","body":"git-svn-id: http://svn.textmate.org/trunk/Bundles/Apache.tmbundle@8296 dfb7d73b-c2ec-0310-8fea-fb051d288c6d","commit":"d1d740f2e0064e3feb8811e04be355cb427e97ad","summary":"• remove the ‘conf’ file type for mod_perl, since that is too broad an extension (as of such, having Apache claim ‘conf’ might also be too broad, can we use ‘httpd.conf’, or is that too narrow because of included configs generally not being named httpd?)","date":"2007-10-15T12:48:20+00:00"},{"author":"Ciarán Walsh","body":"git-svn-id: http://svn.textmate.org/trunk/Bundles/Apache.tmbundle@7453 dfb7d73b-c2ec-0310-8fea-fb051d288c6d","commit":"deb0714de9eec4c8577867ff48ab1a14ff922f63","summary":"Added TM_EMPTY_TAG preferences – the default tag is “Directory” inside a VirtualHost block and “VirtualHost” otherwise","date":"2007-06-07T12:25:51+00:00"},{"author":"Ciarán Walsh","body":"git-svn-id: http://svn.textmate.org/trunk/Bundles/Apache.tmbundle@7452 dfb7d73b-c2ec-0310-8fea-fb051d288c6d","commit":"4a5a8957093ee34b432672e604a511baeabd2fdc","summary":"Added a match rule for empty tags, to allow <kbd class='keyEquivalent'>↩</kbd> to be used to expand tags as in HTML","date":"2007-06-07T12:24:38+00:00"},{"author":"Ciarán Walsh","body":"git-svn-id: http://svn.textmate.org/trunk/Bundles/Apache.tmbundle@7451 dfb7d73b-c2ec-0310-8fea-fb051d288c6d","commit":"efae126f131d8a3029a5798d93186d00228777dc","summary":"Corrected the scopes for Directory and Location blocks (so they show correctly in the symbol list)","date":"2007-06-07T12:13:47+00:00"},{"author":"Allan Odgaard","body":"contactName:\n   The full name of the contact for this bundle.\ncontactEmailRot13:\n   A ROT13 encoded email address for the bundle contact (we obfuscate it to avoid spammers from picking up the files, seeing how bundles will often be available via anonymous svn over http).\ndescription:\n   A short description for this bundle. Do link to more info about the language (or whatever) the bundle is about. I decided on using HTML for this (but leave out the initial paragraph tag) since it seemed like overkill to run a single line of text through Markdown.pl, just to convert [foo](link) into &lt;a href=\"link\">foo&lt;/a>\n\nMany of the current descriptions could use some improvements, I just wanted to get the ball rolling :)\n\n\ngit-svn-id: http://svn.textmate.org/trunk/Bundles/Apache.tmbundle@6718 dfb7d73b-c2ec-0310-8fea-fb051d288c6d","commit":"f07d8ee5c99f9a2ca08b1f624cb6b27f25dddb23","summary":"Add the following keys to the bundle’s info.plist:","date":"2007-03-04T20:11:31+00:00"},{"author":"Michael Sheets","body":"git-svn-id: http://svn.textmate.org/trunk/Bundles/Apache.tmbundle@5739 dfb7d73b-c2ec-0310-8fea-fb051d288c6d","commit":"a409b8837c560ebfeb044884cbef6f7746015ffb","summary":"• Fix conversion error from the old grammar format. • Optimize a particularly long regex.","date":"2006-10-29T23:15:07+00:00"},{"author":"Michael Sheets","body":"git-svn-id: http://svn.textmate.org/trunk/Bundles/Apache.tmbundle@5704 dfb7d73b-c2ec-0310-8fea-fb051d288c6d","commit":"8fd0f3c80d894a7a40b175e1a6cd1bed4359549f","summary":"Global change from comment.documentation to comment.block.documentation","date":"2006-10-29T10:17:43+00:00"},{"author":"Michael Sheets","body":"git-svn-id: http://svn.textmate.org/trunk/Bundles/Apache.tmbundle@5080 dfb7d73b-c2ec-0310-8fea-fb051d288c6d","commit":"760b82d19f02da06da04610227794c697488bd63","summary":"Add punctuation.definition.comment capture.","date":"2006-09-04T19:52:53+00:00"},{"author":"Gerd Knops","body":"git-svn-id: http://svn.textmate.org/trunk/Bundles/Apache.tmbundle@5079 dfb7d73b-c2ec-0310-8fea-fb051d288c6d","commit":"04ed2e1f18c8826f3ea5e3f17c8a6c7c1e41549e","summary":"[NEW] 'mod_perl' syntax for Apache configuration files with mod_perl additions","date":"2006-09-04T17:57:02+00:00"},{"author":"Michael Sheets","body":"git-svn-id: http://svn.textmate.org/trunk/Bundles/Apache.tmbundle@5037 dfb7d73b-c2ec-0310-8fea-fb051d288c6d","commit":"015d1f7b887d1f467e5612c9f6628f7558b0f108","summary":"Adding new punctuation scopes to various items.","date":"2006-09-01T22:28:10+00:00"},{"author":"Michael Sheets","body":"git-svn-id: http://svn.textmate.org/trunk/Bundles/Apache.tmbundle@4701 dfb7d73b-c2ec-0310-8fea-fb051d288c6d","commit":"8e257f7de781b2b6bcaab59cd3a03b3791040d99","summary":"Change support.constant to support.constant.rewriterule|rewritecond","date":"2006-08-12T20:32:00+00:00"},{"author":"Michael Sheets","body":"git-svn-id: http://svn.textmate.org/trunk/Bundles/Apache.tmbundle@4632 dfb7d73b-c2ec-0310-8fea-fb051d288c6d","commit":"6d84cd3acc6c0bf86edfa2dcca0a16c33bb70dd5","summary":"Remove swallow use in favor of a constant.character.escape pattern.","date":"2006-08-10T04:10:57+00:00"},{"author":"Michael Sheets","body":"git-svn-id: http://svn.textmate.org/trunk/Bundles/Apache.tmbundle@4578 dfb7d73b-c2ec-0310-8fea-fb051d288c6d","commit":"d5b5efcfdb8d3ce8e226d64691321b156e890231","summary":"Move preference rules out of the grammar and into a preference item.","date":"2006-08-06T18:57:55+00:00"},{"author":"Michael Sheets","body":"git-svn-id: http://svn.textmate.org/trunk/Bundles/Apache.tmbundle@4290 dfb7d73b-c2ec-0310-8fea-fb051d288c6d","commit":"aa7467fe1bb83ef2a97344d61fc2f9851d1543a9","summary":"Add key equivalent of <kbd class='keyEquivalent'>⌃⌥⇧A</kbd> to grammar.","date":"2006-07-17T01:32:51+00:00"},{"author":"Michael Sheets","body":"git-svn-id: http://svn.textmate.org/trunk/Bundles/Apache.tmbundle@4187 dfb7d73b-c2ec-0310-8fea-fb051d288c6d","commit":"e57e3feeadd28cc9edaf457727e782c47426576d","summary":"Change variable.apache-config to support.variable.apache-config","date":"2006-07-14T03:07:06+00:00"},{"author":"Allan Odgaard","body":"git-svn-id: http://svn.textmate.org/trunk/Bundles/Apache.tmbundle@3659 dfb7d73b-c2ec-0310-8fea-fb051d288c6d","commit":"ed1849ca910d45c71dd74c41122cef331b7d59a5","summary":"• remove tab trigger from name (batch 3, this time applied to the non-*.plist files)","date":"2006-06-14T12:10:50+00:00"},{"author":"Allan Odgaard","body":"git-svn-id: http://svn.textmate.org/trunk/Bundles/Apache.tmbundle@3648 dfb7d73b-c2ec-0310-8fea-fb051d288c6d","commit":"20304e6a73e5af4d92956ec15e6a5fb052e65d86","summary":"• remove mention of tab trigger from the name","date":"2006-06-14T02:52:10+00:00"},{"author":"Allan Odgaard","body":"git-svn-id: http://svn.textmate.org/trunk/Bundles/Apache.tmbundle@3645 dfb7d73b-c2ec-0310-8fea-fb051d288c6d","commit":"547aa5134914806c91817eb9a644de9d5fe64fdc","summary":"• make the “Select User” dialog be run by TextMate • alphabetize snippets","date":"2006-06-14T01:27:02+00:00"},{"author":"Brad Choate","body":"git-svn-id: http://svn.textmate.org/trunk/Bundles/Apache.tmbundle@3419 dfb7d73b-c2ec-0310-8fea-fb051d288c6d","commit":"fabeae9e1b7956076932204d0a2703786c6ec2e0","summary":"Fix for RewriteRule match. Ticket: D43EAB79","date":"2006-05-25T15:11:22+00:00"},{"author":"Brad Choate","body":"git-svn-id: http://svn.textmate.org/trunk/Bundles/Apache.tmbundle@3411 dfb7d73b-c2ec-0310-8fea-fb051d288c6d","commit":"b7324d0c8cad9015bcac79b53d8f754fc7f91e4c","summary":"Syntax now highlights elements of RewriteCond, RewriteRule; builds a symbol list of virtual hosts, directories and locations. Added snippets for virtualhost, allowoverride and options directives.","date":"2006-05-24T09:08:33+00:00"},{"author":"Allan Odgaard","body":"git-svn-id: http://svn.textmate.org/trunk/Bundles/Apache.tmbundle@3380 dfb7d73b-c2ec-0310-8fea-fb051d288c6d","commit":"01806705ad58da37000ce379f283ffb2e7030003","summary":"• added menu structure and renamed a few items to better fit with this new presentation","date":"2006-05-21T10:59:10+00:00"},{"author":"Allan Odgaard","body":"git-svn-id: http://svn.textmate.org/trunk/Bundles/Apache.tmbundle@3044 dfb7d73b-c2ec-0310-8fea-fb051d288c6d","commit":"f81eca0d2897b56aea0e04c8ab35f6c655ccfb98","summary":"• when a TM_COMMENT_STOP character is given, the default value of TM_COMMENT_MODE is block (instead of line) • strip all comment preferences to minimal number of variables (by relying on the smart default values)","date":"2006-04-15T13:46:06+00:00"},{"author":"Michael Sheets","body":"git-svn-id: http://svn.textmate.org/trunk/Bundles/Apache.tmbundle@2986 dfb7d73b-c2ec-0310-8fea-fb051d288c6d","commit":"c31bcaaea2d31f5cca076207abe8f07652cd163a","summary":"Switch the last two remaining declaration.tag to meta.tag","date":"2006-04-10T05:32:06+00:00"},{"author":"Allan Odgaard","body":"git-svn-id: http://svn.textmate.org/trunk/Bundles/Apache.tmbundle@2977 dfb7d73b-c2ec-0310-8fea-fb051d288c6d","commit":"92176a9c58d7f6980d4d7ce1063daa7aa3a150da","summary":"• all single line comments, bullet points (plain text), and quoted lines (mail) now optionally match the newline character — this is so that when the caret is at the end of the line, the scope is still that of “the line.” This is so key equivalents bound to a given scope (like the ‘enter’ key) also work when typing at the end of the line, which would be expected.","date":"2006-04-09T21:31:30+00:00"},{"author":"Allan Odgaard","body":"git-svn-id: http://svn.textmate.org/trunk/Bundles/Apache.tmbundle@2693 dfb7d73b-c2ec-0310-8fea-fb051d288c6d","commit":"1e72ce72da2f5ba03590a9a82fb1c3ff08498e08","summary":"• renamed commands to use title case (ideally all actions in this bundle should do that), add ellipsis for the interactive version, and renamed them to be more explanatory (although my wording is not optimal)","date":"2006-02-10T23:59:22+00:00"},{"author":"Simon Gregory","body":"git-svn-id: http://svn.textmate.org/trunk/Bundles/Apache.tmbundle@2544 dfb7d73b-c2ec-0310-8fea-fb051d288c6d","commit":"877b531b50f5e75715025cfeff361692c1aec29b","summary":"Added commands to open tails for apache's access and error logs.","date":"2006-01-06T15:10:45+00:00"},{"author":"Simon Gregory","body":"git-svn-id: http://svn.textmate.org/trunk/Bundles/Apache.tmbundle@2406 dfb7d73b-c2ec-0310-8fea-fb051d288c6d","commit":"3ba1341828b77a700a79c97c11d666376b1b0ec5","summary":"Added Apache manual lookup.","date":"2005-12-06T22:48:02+00:00"},{"author":"Simon Gregory","body":"git-svn-id: http://svn.textmate.org/trunk/Bundles/Apache.tmbundle@2395 dfb7d73b-c2ec-0310-8fea-fb051d288c6d","commit":"9d2f46f8a8b5b93a595bfab8bbbc81d1c14b99f9","summary":"Added Keychain support for running apachectl from within TM.","date":"2005-12-04T21:55:58+00:00"},{"author":"Simon Gregory","body":"git-svn-id: http://svn.textmate.org/trunk/Bundles/Apache.tmbundle@2358 dfb7d73b-c2ec-0310-8fea-fb051d288c6d","commit":"b297f2d4c9138df515e4bb8721c9c39d60d789fc","summary":"Additional commands to run start, stop, configtest etc from within TM.","date":"2005-12-01T15:50:02+00:00"},{"author":"Allan Odgaard","body":"Themes haven't been updated to this yet, so you may want to wait doing svn up until everything is updated.\n\nFeel free to make corrections -- most important thing is, things that should be styled equally, should share top-name, things which shouldn't be styled equally, should not share top name. So a language should not have half a dozen keyword sub-groups but instead have storage.*, variable.*, support.*, and keyword.*.\n\ngit-svn-id: http://svn.textmate.org/trunk/Bundles/Apache.tmbundle@1176 dfb7d73b-c2ec-0310-8fea-fb051d288c6d","commit":"cc4e1add4b0d56917c2db7714ec8a618602b83a2","summary":"First set of files updated to latest naming trend.","date":"2005-06-11T00:32:32+00:00"},{"author":"Allan Odgaard","body":"git-svn-id: http://svn.textmate.org/trunk/Bundles/Apache.tmbundle@916 dfb7d73b-c2ec-0310-8fea-fb051d288c6d","commit":"68681f30289840e5fcca44fccce34549595c533d","summary":"Changed all uses of \\&lt; and \\> to \\b. Beta 9 uses oniguruma as regular expression library and doesn't have the former. Other than that, and lack of conditions (?(n)&lt;true>:&lt;false>) (and different syntax for (?R)) then there shouldn't be any compatibility problems. On the positive side, oniguruma has recursive sub-groups, look-behind, is faster, and gives proper error codes for bad regular expressions!","date":"2005-05-15T02:18:40+00:00"},{"author":"Allan Odgaard","body":"git-svn-id: http://svn.textmate.org/trunk/Bundles/Apache.tmbundle@832 dfb7d73b-c2ec-0310-8fea-fb051d288c6d","commit":"69713f94dacfc960214cd4a1197fa194e1bfeb01","summary":"• Changed a few rule names. • Tag names are now “entity.name.tag.apache-config”.","date":"2005-05-04T00:19:52+00:00"},{"author":"Allan Odgaard","body":"git-svn-id: http://svn.textmate.org/trunk/Bundles/Apache.tmbundle@649 dfb7d73b-c2ec-0310-8fea-fb051d288c6d","commit":"aa4804332140f1cf586956283b17937fcfdf1f69","summary":"Changed all names to singular form.","date":"2005-04-22T08:47:20+00:00"},{"author":"Allan Odgaard","body":"git-svn-id: http://svn.textmate.org/trunk/Bundles/Apache.tmbundle@622 dfb7d73b-c2ec-0310-8fea-fb051d288c6d","commit":"284575a14376dad20443f860ad8abb4a25aaa5e7","summary":"Moved all bundles. I'm not sure what happens if you do “svn up” and you have modified stuff inside one of the bundles.","date":"2005-04-21T07:41:17+00:00"},{"author":"Allan Odgaard","body":"git-svn-id: http://svn.textmate.org/trunk/Apache.tmbundle@612 dfb7d73b-c2ec-0310-8fea-fb051d288c6d","commit":"462147a14c34ba34db436858f0f86e6d764bc6c8","summary":"• Added scopeName key to all languages. Most of them as source.&lt;filename>. • Added a language for plain text files, currently just markups bullet points (so I can continue these on 'enter' using a scoped snippet). • Added a new “firstLineMatch” key to Perl, Ruby, and Shell languages. • The C/Objective-C languages use the scopeName in their include directives, this doesn't work for beta 5. • Ruby now includes “source.ruby” when using #{ ... } in strings. • Added capture names to a few languages (objective-c methods, though it's not very consistant, we'll need to discuss how to split up functions and name the various parts). • Removed plist filetype from XML, assuming that people loading a plist into a text editor would generally use the old-style format.","date":"2005-04-21T07:08:56+00:00"},{"author":"Simon Gregory","body":"git-svn-id: http://svn.textmate.org/trunk/Apache.tmbundle@302 dfb7d73b-c2ec-0310-8fea-fb051d288c6d","commit":"d10fa30cfad143af5ed970aae14ec43914c22d17","summary":"Updating Apache bundle and README","date":"2005-02-18T16:25:14+00:00"},{"author":"Simon Gregory","body":"git-svn-id: http://svn.textmate.org/trunk/Apache.tmbundle@296 dfb7d73b-c2ec-0310-8fea-fb051d288c6d","commit":"848bb42a867ec771397b5ac81d2a040390c42968","summary":"First commit of Apache.tmbundle (fingers crossed I've got svn figured out)","date":"2005-02-17T17:28:28+00:00"}],"web":"https://github.com/textmate/apache.tmbundle/commit/","name":"Apache"}