{"name":"Diff","web":"https://github.com/textmate/diff.tmbundle/commit/","commits":[{"commit":"3fb0ed875af5222f7e3042c102032251464a3c10","summary":"Set default extension for new files to ‘.patch’","author":"Allan Odgaard","body":"Generally when saving a diff file it’s to submit it as a patch.","date":"2013-10-02T12:26:27+02:00"},{"commit":"64a104e30426aef85cf1d76613bcfd85d3597eae","summary":"Add scope to diff command and 'Only in…' lines","author":"Michael Sheets","body":"Fixes #1","date":"2013-09-04T02:52:01-05:00"},{"commit":"65cff91b420df15ac8c2a121589b49c00bb32b95","summary":"Prevent false positive grammar match with YAML files","author":"Michael Sheets","body":"Require a character other than a newline to follow \"--- \" to prevent matching YAML files starting with an array or dictionary.","date":"2013-08-05T00:40:09-05:00"},{"commit":"b112f8610c152d47c444b90932b45de7f4916330","summary":"Use grammar for `git show…` commit logs","author":"Michael Sheets","body":"","date":"2013-03-04T16:00:53-06:00"},{"commit":"e141d1bd81a52288e964690dcf1484174f176bcd","summary":"Match git hashes longer than 7 characters","author":"Michael Sheets","body":"This may happen if 7 characters is not enough to provide ambiguity.","date":"2013-02-21T18:53:00-06:00"},{"commit":"e47318c159e2a9c7c7a9088bea8f004b3405e2c0","summary":"Update Syntaxes/Diff.plist to recognize .rej files","author":"Stephen Lottermoser","body":"When using the command `git apply --reject *.patch`, rejected hunks that do not apply will be saved to a .rej file. This file just contains file diff hunks, so it would be useful for it to be syntax highlighted as such.","date":"2013-02-21T16:22:59-08:00"},{"commit":"ca7d2fb12055cf50fbd02a11e1b161c9e5d29cab","summary":"Don’t use ‘tr’ to strip CR line endings","author":"Allan Odgaard","body":"We pass --strip-trailing-cr to the diff command so there is no need for manually stripping the CR characters.\n\nCloses #2.","date":"2013-02-06T05:36:56+01:00"},{"commit":"f701e3dc66172694338e68e153e093f27b32a100","summary":"Don’t force a text encoding for shell commands","author":"Allan Odgaard","body":"This used to be required to have the clipboard shell commands work with UTF-8 but these have since been updated to default to UTF-8.","date":"2013-02-06T05:33:49+01:00"},{"commit":"acfb7bace0ca96c6d574860825eb80bb3df37d9c","summary":"Use TextMate’s display name for untitled documents","author":"Allan Odgaard","body":"Also remove use of rescan_project (as this is a no-op in 2.0).","date":"2013-02-06T05:29:14+01:00"},{"commit":"61ec8371f7208e71742f47707974ee36aeaf5443","summary":"Add matches for git header and index lines.","author":"Michael Sheets","body":"","date":"2013-01-15T02:36:39-06:00"},{"commit":"9e791ac9a05bbd0f68bc75790abda7ca595300d3","summary":"Switch to using requiredCommands.","author":"Michael Sheets","body":"","date":"2012-10-01T02:03:09-05:00"},{"commit":"d358133faf97448dd4d9aad2e93fdc3560c91f73","summary":"Add initial semantic classes.","author":"Michael Sheets","body":"","date":"2012-09-08T00:49:18-05:00"},{"commit":"77ea4896d6e0c147c9ff3af584469b685a47fd34","summary":"Update readme.","author":"Michael Sheets","body":"","date":"2011-11-11T23:40:02-06:00"},{"commit":"16584179040d5208b20034a27caa3651d298e18b","summary":"Folding patterns for additional diff formats.","author":"Brad Choate","body":"","date":"2011-10-05T01:35:29-07:00"},{"commit":"1f125eabc61b44f8edeebcff0292e0b25ff1f5e5","summary":"Add folding pattern to fold sections properly.","author":"Brad Choate","body":"","date":"2011-10-05T00:38:55-07:00"},{"commit":"f6211d86b7e1663d31654473dd9014a5636ebfa0","summary":"Changed the diff syntax to support \"inline range markers\" in Git diffs.","author":"Torsten Becker","body":"git-svn-id: http://svn.textmate.org/trunk/Bundles/Diff.tmbundle@10746 dfb7d73b-c2ec-0310-8fea-fb051d288c6d","date":"2008-10-26T09:41:26+00:00"},{"commit":"4f0f370e3dec219876ccd2b3f000a7b70e7d84d4","summary":"Added code folding when there are multiple documents listed in the diff. Makes it much easier to read.","author":"Thomas Aylott","body":"git-svn-id: http://svn.textmate.org/trunk/Bundles/Diff.tmbundle@9370 dfb7d73b-c2ec-0310-8fea-fb051d288c6d","date":"2008-04-12T16:23:46+00:00"},{"commit":"a588a0c31fd505bcf65ef2be91d9bb77c21a855f","summary":"• update commands to show “There are no differences.” when there are no differences. Also a few other minor improvements, like aborting the file requester no longer shows an error message, etc.","author":"Allan Odgaard","body":"git-svn-id: http://svn.textmate.org/trunk/Bundles/Diff.tmbundle@9155 dfb7d73b-c2ec-0310-8fea-fb051d288c6d","date":"2008-03-18T21:17:30+00:00"},{"commit":"091b6182ac9de710bb9536f76507ab947c9a4ce8","summary":"Tighten up the firstLineMatch for the context diff format, was catching various maude files.","author":"Michael Sheets","body":"git-svn-id: http://svn.textmate.org/trunk/Bundles/Diff.tmbundle@8977 dfb7d73b-c2ec-0310-8fea-fb051d288c6d","date":"2008-02-22T04:38:01+00:00"},{"commit":"a19c17d0e3f146f122e8de58846a48b360d29ba1","summary":"• update my email address (from a throw-away address to something a little more permanent)","author":"Allan Odgaard","body":"git-svn-id: http://svn.textmate.org/trunk/Bundles/Diff.tmbundle@8398 dfb7d73b-c2ec-0310-8fea-fb051d288c6d","date":"2007-11-04T00:58:40+00:00"},{"commit":"a0d6aa2beb9b2f89d9d678fae298912d55d9fe8b","summary":"• rewrite first line match pattern to be extended (and thus split into multiple lines) and add detect of “diff --git”","author":"Allan Odgaard","body":"git-svn-id: http://svn.textmate.org/trunk/Bundles/Diff.tmbundle@7545 dfb7d73b-c2ec-0310-8fea-fb051d288c6d","date":"2007-06-19T03:50:20+00:00"},{"commit":"383d3bbd249697ada491e2ef9c7089cc61dbb73c","summary":"• remove ‘&lt; \"$TM_FILEPATH\"’ (so it uses the buffer, rather than the file on disk)","author":"Allan Odgaard","body":"git-svn-id: http://svn.textmate.org/trunk/Bundles/Diff.tmbundle@7437 dfb7d73b-c2ec-0310-8fea-fb051d288c6d","date":"2007-06-04T20:30:50+00:00"},{"commit":"38e74c27c9d486fc449550b776959c8a3dd04bd7","summary":"Change in-menu name from Clibpoard to Clipboard.","author":"Michael Sheets","body":"git-svn-id: http://svn.textmate.org/trunk/Bundles/Diff.tmbundle@7183 dfb7d73b-c2ec-0310-8fea-fb051d288c6d","date":"2007-05-09T02:57:11+00:00"},{"commit":"b357fd9a81d29e5003d144ad51434f06d4adca71","summary":"• add ‘--strip-trailing-cr’ since the document (which we diff against) will never have these — if the data diff’ed against uses only CR, then the diff will still fail, but it now works for when it uses CRLF.","author":"Allan Odgaard","body":"git-svn-id: http://svn.textmate.org/trunk/Bundles/Diff.tmbundle@7136 dfb7d73b-c2ec-0310-8fea-fb051d288c6d","date":"2007-05-05T03:38:52+00:00"},{"commit":"61a28de40bc1c15ce3596641391942c002656fb5","summary":"• add double-quotes around $TM_SELECTED_FILES","author":"Allan Odgaard","body":"git-svn-id: http://svn.textmate.org/trunk/Bundles/Diff.tmbundle@6950 dfb7d73b-c2ec-0310-8fea-fb051d288c6d","date":"2007-04-05T05:41:30+00:00"},{"commit":"7bb77cb8adf8bdc0b691eecb95f3e233ba2ae979","summary":"• use proper Title Case (as defined by Apple, i.e. uppercase ‘From’) • use rescan_project instead of activating Finder and then TextMate (this prevents Finder windows to go to the front, and rescan_project can easily be made a no-op in 2.0 :) )","author":"Allan Odgaard","body":"git-svn-id: http://svn.textmate.org/trunk/Bundles/Diff.tmbundle@6949 dfb7d73b-c2ec-0310-8fea-fb051d288c6d","date":"2007-04-05T05:15:38+00:00"},{"commit":"899dee3d20ebbcd018a5a03c89a4f28fc698a000","summary":"Added 'Apply Patch from Clipboard' command to Diff bundle. (Apologies if I missed a conversation about this... it just seems really useful to me.)","author":"Duane Johnson","body":"git-svn-id: http://svn.textmate.org/trunk/Bundles/Diff.tmbundle@6863 dfb7d73b-c2ec-0310-8fea-fb051d288c6d","date":"2007-03-21T03:15:48+00:00"},{"commit":"4cee102008bc951fbb9f8ac505087c4721646eff","summary":"Add the following keys to the bundle’s info.plist:","author":"Allan Odgaard","body":"contactName:\n   The full name of the contact for this bundle.\ncontactEmailRot13:\n   A ROT13 encoded email address for the bundle contact (we obfuscate it to avoid spammers from picking up the files, seeing how bundles will often be available via anonymous svn over http).\ndescription:\n   A short description for this bundle. Do link to more info about the language (or whatever) the bundle is about. I decided on using HTML for this (but leave out the initial paragraph tag) since it seemed like overkill to run a single line of text through Markdown.pl, just to convert [foo](link) into &lt;a href=\"link\">foo&lt;/a>\n\nMany of the current descriptions could use some improvements, I just wanted to get the ball rolling :)\n\n\ngit-svn-id: http://svn.textmate.org/trunk/Bundles/Diff.tmbundle@6718 dfb7d73b-c2ec-0310-8fea-fb051d288c6d","date":"2007-03-04T20:11:31+00:00"},{"commit":"08309888d4a91d9cc4dfff3f4c587fe8bdb0f8fe","summary":"• provide diff with appropriate labels for the two input sources being compared • change Document With Clipboard to Document / Selection With Clipboard","author":"Allan Odgaard","body":"git-svn-id: http://svn.textmate.org/trunk/Bundles/Diff.tmbundle@6699 dfb7d73b-c2ec-0310-8fea-fb051d288c6d","date":"2007-03-02T22:15:01+00:00"},{"commit":"3949b6c0fa58cc04b7b3a73c6fbf6b8c8ba0b9d4","summary":"• give ‘-p0’ as option to patch. This makes it use the full path specified in the diff file, rather than just the filename.","author":"Allan Odgaard","body":"git-svn-id: http://svn.textmate.org/trunk/Bundles/Diff.tmbundle@6574 dfb7d73b-c2ec-0310-8fea-fb051d288c6d","date":"2007-02-13T04:42:07+00:00"},{"commit":"6143dd6be421830b4066906eb84c817fd3f866a2","summary":"• exclude the +++/--- lines when calculating statistics (thanks to Grant Hollingworth)","author":"Allan Odgaard","body":"git-svn-id: http://svn.textmate.org/trunk/Bundles/Diff.tmbundle@6058 dfb7d73b-c2ec-0310-8fea-fb051d288c6d","date":"2006-11-10T16:37:54+00:00"},{"commit":"3744dc9d7c5348855da803fd71f63ac57fb7d93c","summary":"• set utf-8 encoding for pbpaste and not diff","author":"Allan Odgaard","body":"git-svn-id: http://svn.textmate.org/trunk/Bundles/Diff.tmbundle@5141 dfb7d73b-c2ec-0310-8fea-fb051d288c6d","date":"2006-09-09T21:04:59+00:00"},{"commit":"58711d086542f252dd7929237baef0e1ad317858","summary":"Change punctuation.separator.valuepair to punctuation.separator.key-value","author":"Michael Sheets","body":"git-svn-id: http://svn.textmate.org/trunk/Bundles/Diff.tmbundle@5062 dfb7d73b-c2ec-0310-8fea-fb051d288c6d","date":"2006-09-03T01:09:14+00:00"},{"commit":"890f2e9618c7c8838702a8d6f35e39f1ebcb5f49","summary":"Adding new punctuation scopes to various rules.","author":"Michael Sheets","body":"git-svn-id: http://svn.textmate.org/trunk/Bundles/Diff.tmbundle@5045 dfb7d73b-c2ec-0310-8fea-fb051d288c6d","date":"2006-09-02T09:18:13+00:00"},{"commit":"b5dab18bc4b495588e5bc9874da0c80b5bde1766","summary":"Apparently I've had this lying around forever:","author":"Chris Thomas","body":"[NEW] Diff Document with Arbitrary Fle command.\n\ngit-svn-id: http://svn.textmate.org/trunk/Bundles/Diff.tmbundle@4663 dfb7d73b-c2ec-0310-8fea-fb051d288c6d","date":"2006-08-10T15:24:42+00:00"},{"commit":"267aa0d1dd7780b90f7823e557c7379d9fa6bd7f","summary":"[NEW] Apply Patch to Arbitrary Files command.","author":"Chris Thomas","body":"git-svn-id: http://svn.textmate.org/trunk/Bundles/Diff.tmbundle@4662 dfb7d73b-c2ec-0310-8fea-fb051d288c6d","date":"2006-08-10T15:21:00+00:00"},{"commit":"e14488284e4b70f4c8af3ea1b8443f1b53ee614b","summary":"hi, not sure if some of you remember me .. i did some bundle stuff about a year ago .. and i am back again. :)","author":"Torsten Becker","body":"DIFF:\nhere is just a minor patch for 'Diff Document With Saved Copy' command, now you can diff a document which has windows line endings (\\r\\n) against the changes you made.\n\n(it was a bit awkward when i tried to show a friend how great TM is by demonstrating diff and nothing happend. so i had to fix his :D )\n\nRUBY:\njust made the 'Execute Line / Selection as Ruby' thing work with the 10.3 ruby-1.6 (just added parenthesis to the print statement)\n\n\n\ngit-svn-id: http://svn.textmate.org/trunk/Bundles/Diff.tmbundle@4024 dfb7d73b-c2ec-0310-8fea-fb051d288c6d","date":"2006-07-06T13:23:07+00:00"},{"commit":"478dff777b24435f1ddc962884537fe8684a6ba1","summary":"• change use of meta.diff.separator to meta.separator • make an explicit preference for the style of separators in the TextMate bundle (themes can still override this) and change the diff style (previously targeting meta.diff) to target only meta.diff.index","author":"Allan Odgaard","body":"git-svn-id: http://svn.textmate.org/trunk/Bundles/Diff.tmbundle@3516 dfb7d73b-c2ec-0310-8fea-fb051d288c6d","date":"2006-06-03T08:56:48+00:00"},{"commit":"955abb07a68b7697afa33b97f99a75aebe1312cb","summary":"• set encoding (via __CF_USER_TEXT_ENCODING) to utf-8 before calling opendiff — it still gives a non-ASCII warning, but it does make utf-8 files show correctly","author":"Allan Odgaard","body":"git-svn-id: http://svn.textmate.org/trunk/Bundles/Diff.tmbundle@3433 dfb7d73b-c2ec-0310-8fea-fb051d288c6d","date":"2006-05-27T13:43:31+00:00"},{"commit":"a3b0e764b086bdb8311b3d46050d5706c1b90cbe","summary":"• this overloads the word count (<kbd class='keyEquivalent'>⌃⇧N</kbd>) for diff files to instead show number of added and removed lines (when rewriting code, the patch should hopefully not increase the number of lines :) )","author":"Allan Odgaard","body":"git-svn-id: http://svn.textmate.org/trunk/Bundles/Diff.tmbundle@3398 dfb7d73b-c2ec-0310-8fea-fb051d288c6d","date":"2006-05-23T20:31:01+00:00"},{"commit":"40cb979d16b434df8ab3850f9bfe97ce03f70c25","summary":"• add ‘=== modified file’ to the first line match, as used by bzr diff files","author":"Allan Odgaard","body":"git-svn-id: http://svn.textmate.org/trunk/Bundles/Diff.tmbundle@3068 dfb7d73b-c2ec-0310-8fea-fb051d288c6d","date":"2006-04-21T10:34:45+00:00"},{"commit":"5cc085fb8e0ac07d09328bf9a48f3d0624acbf1a","summary":"• change key equivalent to ctrl-shift-cmd D (to follow conventions [1])","author":"Allan Odgaard","body":"[1] http://macromates.com/textmate/manual/appendix#conventions\n\ngit-svn-id: http://svn.textmate.org/trunk/Bundles/Diff.tmbundle@2680 dfb7d73b-c2ec-0310-8fea-fb051d288c6d","date":"2006-02-07T03:13:51+00:00"},{"commit":"91463a29a58759346432ad54ae952713d219f4f1","summary":"• recognize and match diff files produced by Perforce and give the language grammar a key equivalent (patch by Gerd Knops)","author":"Allan Odgaard","body":"git-svn-id: http://svn.textmate.org/trunk/Bundles/Diff.tmbundle@2679 dfb7d73b-c2ec-0310-8fea-fb051d288c6d","date":"2006-02-07T03:10:50+00:00"},{"commit":"01e3cd10a08329b609d876e458869eaef3e78747","summary":"• fix casing of Diff.pl (as reported by Gerd Knops)","author":"Allan Odgaard","body":"git-svn-id: http://svn.textmate.org/trunk/Bundles/Diff.tmbundle@2608 dfb7d73b-c2ec-0310-8fea-fb051d288c6d","date":"2006-01-27T02:26:15+00:00"},{"commit":"7ab6a15e4b5bf2ddd3a37ae56ee92d0a22a00e5e","summary":"• rename","author":"Allan Odgaard","body":"git-svn-id: http://svn.textmate.org/trunk/Bundles/Diff.tmbundle@2230 dfb7d73b-c2ec-0310-8fea-fb051d288c6d","date":"2005-11-22T00:33:14+00:00"},{"commit":"872ad13c0888aa4e97ccf12988eba4eefff8d82c","summary":"• use tool tips for errors • no longer use temp file for diff'ing selected files","author":"Allan Odgaard","body":"git-svn-id: http://svn.textmate.org/trunk/Bundles/Diff.tmbundle@2218 dfb7d73b-c2ec-0310-8fea-fb051d288c6d","date":"2005-11-21T22:24:13+00:00"},{"commit":"bfdbda251e06048b7c512428fe47202dfa7c1af8","summary":"• insert (figure space) padding in the line ranges so that “+nnn,n” becomes “+ nnn, n” (and thus align with the line(s) above/below)","author":"Allan Odgaard","body":"This was mainly an exercise in regexp capabilities. It might be nicer to introduce some sort of printf capability to the symbolTransformation syntax, if things like this should be possible (easier).\n\n\ngit-svn-id: http://svn.textmate.org/trunk/Bundles/Diff.tmbundle@2136 dfb7d73b-c2ec-0310-8fea-fb051d288c6d","date":"2005-11-13T11:23:09+00:00"},{"commit":"4350b3d46a0ee2d294ef8d3f50d504454cb8f808","summary":"• markup filename and line numbers as meta.toc-list for inclusion in the symbol popup, this is useful for the Show All Modifications svn command","author":"Allan Odgaard","body":"git-svn-id: http://svn.textmate.org/trunk/Bundles/Diff.tmbundle@2121 dfb7d73b-c2ec-0310-8fea-fb051d288c6d","date":"2005-11-10T13:49:46+00:00"},{"commit":"dcdc872778f974e041e2ff0b34f1bceec04affe6","summary":"Renamed to:","author":"Allan Odgaard","body":" • Document With Clipboard\n • Document With Saved Copy\n • Selected Files in Project Drawer\n • Selected Files in Project Drawer (HTML)\n • Merge Selected Files…\n\n\n\ngit-svn-id: http://svn.textmate.org/trunk/Bundles/Diff.tmbundle@2025 dfb7d73b-c2ec-0310-8fea-fb051d288c6d","date":"2005-10-28T02:17:37+00:00"},{"commit":"0d962ae80fd56eaa5aad726b81b05c787f7040b2","summary":"• set encoding for $UID instead of 501","author":"Allan Odgaard","body":"git-svn-id: http://svn.textmate.org/trunk/Bundles/Diff.tmbundle@1953 dfb7d73b-c2ec-0310-8fea-fb051d288c6d","date":"2005-10-17T16:47:42+00:00"},{"commit":"2626ffc5b5d1c13c450d2a7833075e73a62f4127","summary":"• run diff on the current buffer and clipboard content, which I often find quite useful :)","author":"Allan Odgaard","body":"git-svn-id: http://svn.textmate.org/trunk/Bundles/Diff.tmbundle@1952 dfb7d73b-c2ec-0310-8fea-fb051d288c6d","date":"2005-10-17T16:39:47+00:00"},{"commit":"6e64a7382f91d92e933a3c769ffd5341a648208a","summary":"• more cleanup, error messages, etc.","author":"Allan Odgaard","body":"git-svn-id: http://svn.textmate.org/trunk/Bundles/Diff.tmbundle@1912 dfb7d73b-c2ec-0310-8fea-fb051d288c6d","date":"2005-10-07T15:16:26+00:00"},{"commit":"77a3ff40ac6c577aac475798a82e06211015d6f3","summary":"• cleanup and use TM_BUNDLE_SUPPORT","author":"Allan Odgaard","body":"git-svn-id: http://svn.textmate.org/trunk/Bundles/Diff.tmbundle@1911 dfb7d73b-c2ec-0310-8fea-fb051d288c6d","date":"2005-10-07T15:11:37+00:00"},{"commit":"67662ebeea81f8c85823596b80a144c8e486f880","summary":"• new command to diff buffer with the version on disk • added key equivalent to merge command","author":"Allan Odgaard","body":"git-svn-id: http://svn.textmate.org/trunk/Bundles/Diff.tmbundle@1910 dfb7d73b-c2ec-0310-8fea-fb051d288c6d","date":"2005-10-07T15:06:50+00:00"},{"commit":"c809810595cbef5baced9fe101b8427a03ed5a96","summary":"• call opendiff with the (two) selected files in the project drawer","author":"Allan Odgaard","body":"git-svn-id: http://svn.textmate.org/trunk/Bundles/Diff.tmbundle@1903 dfb7d73b-c2ec-0310-8fea-fb051d288c6d","date":"2005-10-07T07:54:51+00:00"},{"commit":"5926b84a28918e10e258a2b059859b416f9c4998","summary":"• added “basic” markup styles as bundle preferences.","author":"Allan Odgaard","body":"Since the new color &amp; font preferences do not allow a theme to source multiple setting groups (a theme is one color set), shared styles (currently) need to reside in bundles -- this does _not_ mean I want language specific styles in the bundles. These current styles should work with any color set (in that the diff styles set both foreground + background, and the font styles just only change the font style) -- these preferences can be overridden in preferences / fonts &amp; colors (1.1b15).\n\n\n\ngit-svn-id: http://svn.textmate.org/trunk/Bundles/Diff.tmbundle@1352 dfb7d73b-c2ec-0310-8fea-fb051d288c6d","date":"2005-07-21T20:18:09+00:00"},{"commit":"cb91def0e16d0768147c982c2968b76a3acfae68","summary":"Narrowed the firstLineMatch a touch to avoid a conflict with identifying YAML as a diff file.","author":"Michael Sheets","body":"(Changed '--- ' to '--- [^%]')\n\n\ngit-svn-id: http://svn.textmate.org/trunk/Bundles/Diff.tmbundle@1195 dfb7d73b-c2ec-0310-8fea-fb051d288c6d","date":"2005-06-14T23:39:13+00:00"},{"commit":"1bb3bf3daf4ad4c7bb51bfdad0d4116ab97f1485","summary":"First set of files updated to latest naming trend.","author":"Allan Odgaard","body":"Themes haven't been updated to this yet, so you may want to wait doing svn up until everything is updated.\n\nFeel free to make corrections -- most important thing is, things that should be styled equally, should share top-name, things which shouldn't be styled equally, should not share top name. So a language should not have half a dozen keyword sub-groups but instead have storage.*, variable.*, support.*, and keyword.*.\n\ngit-svn-id: http://svn.textmate.org/trunk/Bundles/Diff.tmbundle@1176 dfb7d73b-c2ec-0310-8fea-fb051d288c6d","date":"2005-06-11T00:32:32+00:00"},{"commit":"c4d34454b79952d8849f21dbe7742d563c0b4322","summary":"• Added \\n? to all patterns so that changed background color will extend to the right border of the window.","author":"Allan Odgaard","body":"git-svn-id: http://svn.textmate.org/trunk/Bundles/Diff.tmbundle@1091 dfb7d73b-c2ec-0310-8fea-fb051d288c6d","date":"2005-05-27T06:01:56+00:00"},{"commit":"b77c666c6580b5214e601ac08aa18df4c5e62508","summary":"MIPS: • introduced delaration.function-name for labels • changed names more to the semantics of the C syntax (keyword.storage, etc) • made names more usable for b6 and themes","author":"Torsten Becker","body":"Graphviz:\n• just changed names to be even more b6 friendly\n\nDiff:\n• also just changes to make it easier styleable\n\nRuby:\n• added scope: source.ruby to the snippets that didn't had it yet\n• changed the constant.numeric pattern which seemed to be derived from a c style syntax to match what ruby numbers realy could look like (removed type suffixes and added grouping underscores in numbers)\n• changed string.backticked.interpolation.ruby to string.interpolation.ruby and string.backticked.escaped.char.ruby to string.escaped.char.ruby to make it more consistent\n\n\n\ngit-svn-id: http://svn.textmate.org/trunk/Bundles/Diff.tmbundle@709 dfb7d73b-c2ec-0310-8fea-fb051d288c6d","date":"2005-04-25T09:07:42+00:00"},{"commit":"3f8d4759cf4d27e0462e1b68acf29fa535aadafe","summary":"• generic MIPS cleanup: made names singular and converted the registers.* stuff to variable.register.*","author":"Torsten Becker","body":"• stripped colors from the RAILS syntax, made it include source.ruby and reset the filetypes to .rb\n\n• generic MODULA cleanup: singular, no colors, made it mostly compatible with the C names\n\n• made GRAPHVIZ ready for b6 (same actions as on the above)\n\n• DIFF now has a firstLineMatch, so it should catch nearly all diff output you pipe on the tm shell tool\n\n• made much more singular in the RUBY syntax, it now again also catches .cgi and .fcgi.\n\n• let RUBY-HTML include source.ruby.rails instead of the ruby mode\n\n\nthis all is still work in progress and not finished.\n\n\n\ngit-svn-id: http://svn.textmate.org/trunk/Bundles/Diff.tmbundle@663 dfb7d73b-c2ec-0310-8fea-fb051d288c6d","date":"2005-04-22T19:24:48+00:00"},{"commit":"54b172bbe503942ce32048b548b0fcbf4eb0bd6e","summary":"• changed the names of the matches to be better selectable (meta.*) • removed colors and other useless stuff","author":"Torsten Becker","body":"git-svn-id: http://svn.textmate.org/trunk/Bundles/Diff.tmbundle@654 dfb7d73b-c2ec-0310-8fea-fb051d288c6d","date":"2005-04-22T11:37:47+00:00"},{"commit":"88cd59be2652a59753334fefbddf36c8b31b9c63","summary":"Changed all names to singular form.","author":"Allan Odgaard","body":"git-svn-id: http://svn.textmate.org/trunk/Bundles/Diff.tmbundle@649 dfb7d73b-c2ec-0310-8fea-fb051d288c6d","date":"2005-04-22T08:47:20+00:00"},{"commit":"2a2dfb57f8f4014eb0f7ef564a153123f8b5d8b3","summary":"Moved all bundles. I'm not sure what happens if you do “svn up” and you have modified stuff inside one of the bundles.","author":"Allan Odgaard","body":"git-svn-id: http://svn.textmate.org/trunk/Bundles/Diff.tmbundle@622 dfb7d73b-c2ec-0310-8fea-fb051d288c6d","date":"2005-04-21T07:41:17+00:00"},{"commit":"fbf765b0c75a08f37048aaf4d4ca57d2b42ad64d","summary":"• Added scopeName key to all languages. Most of them as source.&lt;filename>. • Added a language for plain text files, currently just markups bullet points (so I can continue these on 'enter' using a scoped snippet). • Added a new “firstLineMatch” key to Perl, Ruby, and Shell languages. • The C/Objective-C languages use the scopeName in their include directives, this doesn't work for beta 5. • Ruby now includes “source.ruby” when using #{ ... } in strings. • Added capture names to a few languages (objective-c methods, though it's not very consistant, we'll need to discuss how to split up functions and name the various parts). • Removed plist filetype from XML, assuming that people loading a plist into a text editor would generally use the old-style format.","author":"Allan Odgaard","body":"git-svn-id: http://svn.textmate.org/trunk/Diff.tmbundle@612 dfb7d73b-c2ec-0310-8fea-fb051d288c6d","date":"2005-04-21T07:08:56+00:00"},{"commit":"9d4101e9af28e317b342403c7b408d03589c0175","summary":"Changed key equivalents to option-ctrl-shift-D since ctrl-shift-D is now duplicate line. I hope it's okay that these ended with the longer modifier key sequence, since these are probably second to the duplicate line macro.","author":"Allan Odgaard","body":"git-svn-id: http://svn.textmate.org/trunk/Diff.tmbundle@528 dfb7d73b-c2ec-0310-8fea-fb051d288c6d","date":"2005-03-22T15:41:09+00:00"},{"commit":"7fafee59d53b25b62dc651cf96a31ac61b35d2ea","summary":"Perl Validate gets new standard ^V keystroke. Diff gets -U99999 flag to ensure the whole file shows up in unified format \t(unless there are differences more than 10^5 lines apart, in which case you have bigger problems than a stray \"@@ line change @@\")","author":"Eric Hsu","body":"git-svn-id: http://svn.textmate.org/trunk/Diff.tmbundle@345 dfb7d73b-c2ec-0310-8fea-fb051d288c6d","date":"2005-02-22T20:28:30+00:00"},{"commit":"bc56d885c4ad7e2dbc008f573e0c1520a3e38d47","summary":"* renamed, altered and changed the position of the simple   diff command, it now is below the HTML version.","author":"Torsten Becker","body":"* added eric to the diff READMEs authors section\n\n* changed the gerneral link rules in svn_style.css\n  again to a, a:link, a:visited.\n\n\n\n\ngit-svn-id: http://svn.textmate.org/trunk/Diff.tmbundle@337 dfb7d73b-c2ec-0310-8fea-fb051d288c6d","date":"2005-02-22T13:08:58+00:00"},{"commit":"442d2b06aaa31e58c8650fd3390a05162932a8e9","summary":"Now both commands use control-shift-D as key equivalent. Hope that's okay!","author":"Allan Odgaard","body":"git-svn-id: http://svn.textmate.org/trunk/Diff.tmbundle@319 dfb7d73b-c2ec-0310-8fea-fb051d288c6d","date":"2005-02-20T07:20:49+00:00"},{"commit":"8cb5ce16269545598b29ac2ba3b79a86383958c0","summary":"Fixed silly bug. If you make &amp;'s entities, do it before you replace > with &amp;gt; not after.","author":"Eric Hsu","body":"git-svn-id: http://svn.textmate.org/trunk/Diff.tmbundle@318 dfb7d73b-c2ec-0310-8fea-fb051d288c6d","date":"2005-02-20T06:37:38+00:00"},{"commit":"f7243b1c7bab2241326a63f54e2fb4695a1b4971","summary":"In Diff, I reverted to the Allan's version and made the HTML declare a utf-8 encoding.","author":"Eric Hsu","body":"git-svn-id: http://svn.textmate.org/trunk/Diff.tmbundle@314 dfb7d73b-c2ec-0310-8fea-fb051d288c6d","date":"2005-02-19T18:51:32+00:00"},{"commit":"33bc0c009593a27aa75af073ecb3070c632c09fa","summary":"Added HTML::Entities library. Changed Diff to use the Entities library again. Using diff -s so identical files don't return a sickening blank HTML window.","author":"Eric Hsu","body":"git-svn-id: http://svn.textmate.org/trunk/Diff.tmbundle@312 dfb7d73b-c2ec-0310-8fea-fb051d288c6d","date":"2005-02-19T17:52:37+00:00"},{"commit":"f4d0e6c824a6a6ee8596f94404734aae6742f09f","summary":"• No longer uses command-E as key equivalent (which is “Use selection for Find”).","author":"Allan Odgaard","body":"I generally use control-shift-KEY for bundle stuff.\n\ngit-svn-id: http://svn.textmate.org/trunk/Diff.tmbundle@309 dfb7d73b-c2ec-0310-8fea-fb051d288c6d","date":"2005-02-19T15:09:25+00:00"},{"commit":"e1797ce8cab50209a6625a691cc5611e7ffb27e0","summary":"• Changed diff.pl to not require HTML::Entities (which isn't included with Panther) • Changed command output to HTML","author":"Allan Odgaard","body":"git-svn-id: http://svn.textmate.org/trunk/Diff.tmbundle@308 dfb7d73b-c2ec-0310-8fea-fb051d288c6d","date":"2005-02-19T06:22:20+00:00"},{"commit":"6a0d88b31b8e413d89e11ff4f899d40a00949954","summary":"I added a more ambitious Diff command. It takes two selected files, diffs them and formats the output in HTML so clicking on the change jumps to the correct line in the appropriate document.","author":"Eric Hsu","body":"I had planned for more slick stuff, like using Javascript to allow a click to hide the common parts of the file, and using JS to allow a click to swap the 'old' and 'new' file. But I ran out of time and patience. \n\n\ngit-svn-id: http://svn.textmate.org/trunk/Diff.tmbundle@306 dfb7d73b-c2ec-0310-8fea-fb051d288c6d","date":"2005-02-19T01:32:09+00:00"},{"commit":"20454aaa1aae6bbf750199ef0a94b57e1e547298","summary":"just a small command to diff two files selected in the project drawer against each other, based on the chris thomas' svn add and svn diff commands. (fred b. on the tm list had the idea for this)","author":"Torsten Becker","body":"git-svn-id: http://svn.textmate.org/trunk/Diff.tmbundle@297 dfb7d73b-c2ec-0310-8fea-fb051d288c6d","date":"2005-02-17T19:02:52+00:00"},{"commit":"33ba3e1c6eef9e4ef276a7cc79f6fa316d28c517","summary":"* initial commit of the diff bundle which should highlight   normal, unified and context diff format and some subversion stuff.   for more infos see the Diff/README.txt.","author":"Torsten Becker","body":"* added the diff and modula bundles to the global README.\n\n* added a r-note to the modula-3 highlighting about the\n  changes in r147 from chris thomas, thanks for this btw. :)\n  i cant believe that i left such typos when i released it.\n\n\n\ngit-svn-id: http://svn.textmate.org/trunk/Diff.tmbundle@160 dfb7d73b-c2ec-0310-8fea-fb051d288c6d","date":"2005-01-31T19:13:01+00:00"}]}