{"web":"https://github.com/textmate/lua.tmbundle/commit/","name":"Lua","commits":[{"summary":"Use Lua grammar for scripts with a shebang containing ‘lua’","author":"Allan Odgaard","commit":"609fe340f40b31f4189dabbb38f885b58cf0dd26","body":"","date":"2013-08-13T16:24:59+02:00"},{"summary":"Update Run command (<kbd class='keyEquivalent'>⌘R</kbd>) to use TextMate::Executioner","author":"Allan Odgaard","commit":"424258d39bd7279de33cfb26e6c21a4c9852b7d8","body":"","date":"2013-04-23T20:32:56+07:00"},{"summary":"Allow block comments that do not begin at the start of a line.","author":"Michael Sheets","commit":"ef70cb5d7a0b0842f967a19b561d093d7b3d110e","body":"Before the line comment would catch these lines before the block comment had a chance, now we check for the block case in the line rule.","date":"2013-02-06T05:43:57-06:00"},{"summary":"Add initial semantic classes.","author":"Michael Sheets","commit":"55e2c453d27039ba411638eb518e78470a05480c","body":"","date":"2012-09-08T02:00:34-05:00"},{"summary":"*LuaJIT* FFI `cdef [[` blocks C syntax highlighting","author":"Adam Strzelecki","commit":"692f1b5de9b9b3d63d44b31f74499fb18d0fc493","body":"Note: Currently C syntax highlighting may not work as desider because the problem described at:\n\nhttp://lists.macromates.com/textmate-dev/2011-December/014662.html","date":"2011-12-31T18:29:10+01:00"},{"summary":"Table field and function call syntax highlighting","author":"Adam Strzelecki","commit":"d0896ae8be19d2a8db8835d4715379633c3446a2","body":"","date":"2011-12-31T18:27:08+01:00"},{"summary":"Functions begin with parenthesis, unless first and only param is table or string.","author":"Adam Strzelecki","commit":"c8101c598d8f6f6eaa465015d859272b5aa1d1b9","body":"","date":"2011-12-31T18:24:30+01:00"},{"summary":"Missing `not` keyword syntax highlighting","author":"Adam Strzelecki","commit":"be7c0756db965eae10caf8cca3140400723aeaf9","body":"","date":"2011-12-31T18:22:40+01:00"},{"summary":"Anonymous functions syntax highlighting","author":"Adam Strzelecki","commit":"394a5bf58b67c7637afd9ec8024a39406f1c08b4","body":"","date":"2011-12-31T18:21:04+01:00"},{"summary":"Folding and indent based on keywords theat are at block start: `then`, `do` and `repeat`","author":"Adam Strzelecki","commit":"8c35e93a018d60ad0d7b47add59501c7a8fab89a","body":"Support anonymous functions.","date":"2011-12-31T18:18:28+01:00"},{"summary":"Wrap `stderr` into `error` spans and add HTML header and footer.","author":"Adam Strzelecki","commit":"9a672ab172407743e31f68826affd017027a75d0","body":"","date":"2011-12-31T18:14:40+01:00"},{"summary":"Support for requiredCommands.","author":"Michael Sheets","commit":"8a6c76429c761ecd223e794254d40f20b86d4fca","body":"","date":"2011-11-14T02:02:54-06:00"},{"summary":"Improve comment.line match.","author":"Michael Sheets","commit":"f8df3e04f85bb8ae28b82a5a44c95743cde629e7","body":"","date":"2011-11-14T01:54:08-06:00"},{"summary":"Move folding settings.","author":"Michael Sheets","commit":"9e6b38218a8bbe4a125c4e88cb48501bcbc2b57b","body":"","date":"2011-11-14T01:53:46-06:00"},{"summary":"Add readme.","author":"Michael Sheets","commit":"aeecb9f88a9c2937236c5b512ba86d79352a7df4","body":"","date":"2011-11-14T01:49:29-06:00"},{"summary":"Adding indention preferences, sent in by Gaspard Bucher.","author":"Michael Sheets","commit":"19619f1c77139e4d48ea6c193c431400a505275a","body":"git-svn-id: http://svn.textmate.org/trunk/Bundles/Lua.tmbundle@11777 dfb7d73b-c2ec-0310-8fea-fb051d288c6d","date":"2009-10-07T22:29:15+00:00"},{"summary":"Add Check Syntax command, sent in by Tim Harper.","author":"Michael Sheets","commit":"edacb51ab677a1b2112258091d320ce6bbd5b321","body":"git-svn-id: http://svn.textmate.org/trunk/Bundles/Lua.tmbundle@11776 dfb7d73b-c2ec-0310-8fea-fb051d288c6d","date":"2009-10-07T22:08:11+00:00"},{"summary":"• uuid used for this item was invalid (UUID characters must be [0-9A-F], this UUID ends with G) — I generated a new UUID for the item","author":"Allan Odgaard","commit":"842a6520b9950fbce0b8098e230b7e1098196c80","body":"git-svn-id: http://svn.textmate.org/trunk/Bundles/Lua.tmbundle@9489 dfb7d73b-c2ec-0310-8fea-fb051d288c6d","date":"2008-05-01T22:10:44+00:00"},{"summary":"Patch to allow foldings for local functions. From Tom Wieland.","author":"Michael Sheets","commit":"398d853007c574bb8a79e25c28206615a6f55cc8","body":"git-svn-id: http://svn.textmate.org/trunk/Bundles/Lua.tmbundle@8597 dfb7d73b-c2ec-0310-8fea-fb051d288c6d","date":"2007-12-04T09:13:06+00:00"},{"summary":"Add the following keys to the bundle’s info.plist:","author":"Allan Odgaard","commit":"34c8bbf32ecae29b1d582ae985feeee8a2c536a8","body":"contactName:\n   The full name of the contact for this bundle.\ncontactEmailRot13:\n   A ROT13 encoded email address for the bundle contact (we obfuscate it to avoid spammers from picking up the files, seeing how bundles will often be available via anonymous svn over http).\ndescription:\n   A short description for this bundle. Do link to more info about the language (or whatever) the bundle is about. I decided on using HTML for this (but leave out the initial paragraph tag) since it seemed like overkill to run a single line of text through Markdown.pl, just to convert [foo](link) into &lt;a href=\"link\">foo&lt;/a>\n\nMany of the current descriptions could use some improvements, I just wanted to get the ball rolling :)\n\n\ngit-svn-id: http://svn.textmate.org/trunk/Bundles/Lua.tmbundle@6718 dfb7d73b-c2ec-0310-8fea-fb051d288c6d","date":"2007-03-04T20:11:31+00:00"},{"summary":"• add a Run Script (Terminal) for interactive scripts • rename Run Lua to Run Script (since it is already in the Lua bundle)","author":"Allan Odgaard","commit":"fda2b6995d1c8e699968b2777adfad5fa581342a","body":"git-svn-id: http://svn.textmate.org/trunk/Bundles/Lua.tmbundle@6643 dfb7d73b-c2ec-0310-8fea-fb051d288c6d","date":"2007-02-25T15:27:26+00:00"},{"summary":"• Change comment.line.double-dash to extend through \\n if present. • Adding new punctuation scopes to various rules.","author":"Michael Sheets","commit":"3d6eea89dde4b880ab630cf2163ed5a14c2d91f5","body":"git-svn-id: http://svn.textmate.org/trunk/Bundles/Lua.tmbundle@5498 dfb7d73b-c2ec-0310-8fea-fb051d288c6d","date":"2006-10-17T09:50:29+00:00"},{"summary":"Move 'self' to new variable.language.self rule, delete it from constant.language","author":"Michael Sheets","commit":"277997165b1c4e86afc554a4b78515c5294e9046","body":"git-svn-id: http://svn.textmate.org/trunk/Bundles/Lua.tmbundle@4736 dfb7d73b-c2ec-0310-8fea-fb051d288c6d","date":"2006-08-14T08:38:59+00:00"},{"summary":"Add .lua to two scopes.","author":"Michael Sheets","commit":"07919882c2b0e10553dd35826ad06ee7db2288f7","body":"git-svn-id: http://svn.textmate.org/trunk/Bundles/Lua.tmbundle@4716 dfb7d73b-c2ec-0310-8fea-fb051d288c6d","date":"2006-08-13T06:34:22+00:00"},{"summary":"Remove swallow use in favor of a constant.character.escape pattern.","author":"Michael Sheets","commit":"61f49e37e4e7279c34b61ffab319cc5db7e57fd6","body":"git-svn-id: http://svn.textmate.org/trunk/Bundles/Lua.tmbundle@4650 dfb7d73b-c2ec-0310-8fea-fb051d288c6d","date":"2006-08-10T05:09:38+00:00"},{"summary":"• Change entity.other to keyword.operator.lua","author":"Michael Sheets","commit":"8dcb30ec7d90d499ccc69dbbb145dccd0f60cc12","body":"Said I did this last time, this time I'll actually DO it. :)\n\n\ngit-svn-id: http://svn.textmate.org/trunk/Bundles/Lua.tmbundle@4401 dfb7d73b-c2ec-0310-8fea-fb051d288c6d","date":"2006-07-18T07:31:20+00:00"},{"summary":"• Change entity.scope.function.lua to entity.name.function.scope.lua • Change entity.other to keyword.operator.lua","author":"Michael Sheets","commit":"979c340bcff1d3095b9dfa87e5d02f648330db60","body":"git-svn-id: http://svn.textmate.org/trunk/Bundles/Lua.tmbundle@4400 dfb7d73b-c2ec-0310-8fea-fb051d288c6d","date":"2006-07-18T07:22:26+00:00"},{"summary":"Spiffy up the menu a touch, could use more work.","author":"Michael Sheets","commit":"75bed9f6ea24d9849156f42b7102e31910125c4e","body":"git-svn-id: http://svn.textmate.org/trunk/Bundles/Lua.tmbundle@4312 dfb7d73b-c2ec-0310-8fea-fb051d288c6d","date":"2006-07-17T03:27:33+00:00"},{"summary":"add comment prefs for lua","author":"Jacob Rus","commit":"fdf64b3b8345abd14ebc13a4769525b5529928c2","body":"git-svn-id: http://svn.textmate.org/trunk/Bundles/Lua.tmbundle@4127 dfb7d73b-c2ec-0310-8fea-fb051d288c6d","date":"2006-07-11T18:06:35+00:00"},{"summary":"Change comment.line.lua to comment.line.double-dash.lua and string.quoted.multiline.lua to string.quoted.other.multiline.lua","author":"Michael Sheets","commit":"d175db2f7d7a978ef6ea52ea95800e41dee2e746","body":"git-svn-id: http://svn.textmate.org/trunk/Bundles/Lua.tmbundle@4125 dfb7d73b-c2ec-0310-8fea-fb051d288c6d","date":"2006-07-11T17:38:45+00:00"},{"summary":"add ctrl-shift-cmd-l for lua language","author":"Jacob Rus","commit":"1185bf9fb1996d4efaeac152ed660596a2b0db03","body":"git-svn-id: http://svn.textmate.org/trunk/Bundles/Lua.tmbundle@4089 dfb7d73b-c2ec-0310-8fea-fb051d288c6d","date":"2006-07-09T20:12:26+00:00"},{"summary":"• remove mention of tab trigger from the name","author":"Allan Odgaard","commit":"a6de8adcfcaeb4a8ef0ac5e605cc381a8404fe55","body":"git-svn-id: http://svn.textmate.org/trunk/Bundles/Lua.tmbundle@3648 dfb7d73b-c2ec-0310-8fea-fb051d288c6d","date":"2006-06-14T02:52:10+00:00"},{"summary":"• change to HTML output and add require_cmd","author":"Allan Odgaard","commit":"e870ca81fb0788e133f8e6463aaf8f8865431980","body":"git-svn-id: http://svn.textmate.org/trunk/Bundles/Lua.tmbundle@3492 dfb7d73b-c2ec-0310-8fea-fb051d288c6d","date":"2006-06-01T14:44:11+00:00"},{"summary":"Initial commit of Lua bundle by Gavin Kistner","author":"Paul Bissex","commit":"6c21e79f0f72f2e4c5065ee01df9f43229d9f47e","body":"git-svn-id: http://svn.textmate.org/trunk/Bundles/Lua.tmbundle@2776 dfb7d73b-c2ec-0310-8fea-fb051d288c6d","date":"2006-02-26T08:39:10+00:00"}]}