{"commits":[{"commit":"7e7b0120722d7d9ecfe0b0873cb4171712fbd3ba","author":"Michael Sheets","date":"2011-11-13T17:59:55-06:00","body":"","summary":"Move folding settings."},{"commit":"d0af9a3c2b9b64835606084959b07f7155465831","author":"Michael Sheets","date":"2011-11-13T17:58:07-06:00","body":"","summary":"Add readme."},{"commit":"bc779d8fcf457c489119b7b18d6f474dd7a71e57","author":"Allan Odgaard","date":"2007-03-04T20:11:31+00:00","body":"contactName:\n   The full name of the contact for this bundle.\ncontactEmailRot13:\n   A ROT13 encoded email address for the bundle contact (we obfuscate it to avoid spammers from picking up the files, seeing how bundles will often be available via anonymous svn over http).\ndescription:\n   A short description for this bundle. Do link to more info about the language (or whatever) the bundle is about. I decided on using HTML for this (but leave out the initial paragraph tag) since it seemed like overkill to run a single line of text through Markdown.pl, just to convert [foo](link) into &lt;a href=\"link\">foo&lt;/a>\n\nMany of the current descriptions could use some improvements, I just wanted to get the ball rolling :)\n\n\ngit-svn-id: http://svn.textmate.org/trunk/Bundles/iCalendar.tmbundle@6718 dfb7d73b-c2ec-0310-8fea-fb051d288c6d","summary":"Add the following keys to the bundle’s info.plist:"},{"commit":"4dcf299c6246a2ad54730e00eb06cfb6f19f3145","author":"Michael Sheets","date":"2006-10-14T09:37:19+00:00","body":"git-svn-id: http://svn.textmate.org/trunk/Bundles/iCalendar.tmbundle@5473 dfb7d73b-c2ec-0310-8fea-fb051d288c6d","summary":"Adding new punctuation scopes to various rules."},{"commit":"e8eca7e5bc3d5b5065641b8603d94f9678e3499d","author":"Michael Sheets","date":"2006-08-13T03:43:02+00:00","body":"git-svn-id: http://svn.textmate.org/trunk/Bundles/iCalendar.tmbundle@4711 dfb7d73b-c2ec-0310-8fea-fb051d288c6d","summary":"Really add preference item to remove entity.name.section from the symbol list since it's pretty pointless to have there."},{"commit":"8990a347c002440b38988cdf12359569a0550e6a","author":"Michael Sheets","date":"2006-08-13T03:41:59+00:00","body":"git-svn-id: http://svn.textmate.org/trunk/Bundles/iCalendar.tmbundle@4710 dfb7d73b-c2ec-0310-8fea-fb051d288c6d","summary":"• Change various occurances of .iCalendar to .icalendar to be consistant with the scopeName. • Change keyword.other.iCalendar.component-begin to keyword.other.component-begin.icalendar • Change keyword.other.iCalendar.component-end to keyword.other.component-end.icalendar • Add .icalendar to entity.name.function • Rename entity.name.function to entity.name.section • Add preference item to remove entity.name.section from the symbol list since it's pretty pointless to have there."},{"commit":"b5cdbfe50de68c629813a819341b84944fa92b13","author":"Michael Sheets","date":"2006-07-17T02:48:07+00:00","body":"git-svn-id: http://svn.textmate.org/trunk/Bundles/iCalendar.tmbundle@4303 dfb7d73b-c2ec-0310-8fea-fb051d288c6d","summary":"Add key equivalent of <kbd class='keyEquivalent'>⌃⌥⇧I</kbd> to grammar."},{"commit":"fa442b83edaacad54f1639a812c07339867a4111","author":"Michael Sheets","date":"2006-07-14T10:18:11+00:00","body":"git-svn-id: http://svn.textmate.org/trunk/Bundles/iCalendar.tmbundle@4202 dfb7d73b-c2ec-0310-8fea-fb051d288c6d","summary":"Converted to the new XML format to avoid an escaping issue."},{"commit":"ba0b61dd097e6f10e70245294643e1e85ea9eea9","author":"Allan Odgaard","date":"2005-06-21T22:25:19+00:00","body":"git-svn-id: http://svn.textmate.org/trunk/Bundles/iCalendar.tmbundle@1211 dfb7d73b-c2ec-0310-8fea-fb051d288c6d","summary":"• also updated to new names (using keyword.other now)"},{"commit":"8cf8bed891b045761e83753a063bd958e9750537","author":"Allan Odgaard","date":"2005-05-15T02:18:40+00:00","body":"git-svn-id: http://svn.textmate.org/trunk/Bundles/iCalendar.tmbundle@916 dfb7d73b-c2ec-0310-8fea-fb051d288c6d","summary":"Changed all uses of \\&lt; and \\> to \\b. Beta 9 uses oniguruma as regular expression library and doesn't have the former. Other than that, and lack of conditions (?(n)&lt;true>:&lt;false>) (and different syntax for (?R)) then there shouldn't be any compatibility problems. On the positive side, oniguruma has recursive sub-groups, look-behind, is faster, and gives proper error codes for bad regular expressions!"},{"commit":"78660878e89aa2eb171084341e625cbf389cc9df","author":"Allan Odgaard","date":"2005-05-03T22:36:01+00:00","body":"git-svn-id: http://svn.textmate.org/trunk/Bundles/iCalendar.tmbundle@829 dfb7d73b-c2ec-0310-8fea-fb051d288c6d","summary":"Using the new entity.* hierarchy for functions, classes, and tags."},{"commit":"b823b1feda1d910b55f7c80d990fa08baf0e7f8a","author":"Chris Thomas","date":"2005-04-24T04:28:51+00:00","body":"git-svn-id: http://svn.textmate.org/trunk/Bundles/iCalendar.tmbundle@699 dfb7d73b-c2ec-0310-8fea-fb051d288c6d","summary":"First pass beta 6-ing these languages."},{"commit":"79d4525b50a1ca02e57be6f55410233fb031515b","author":"Allan Odgaard","date":"2005-04-22T08:47:20+00:00","body":"git-svn-id: http://svn.textmate.org/trunk/Bundles/iCalendar.tmbundle@649 dfb7d73b-c2ec-0310-8fea-fb051d288c6d","summary":"Changed all names to singular form."},{"commit":"4754feb9c6ef113d1a6103d22172b6396ff3c729","author":"Allan Odgaard","date":"2005-04-21T07:41:17+00:00","body":"git-svn-id: http://svn.textmate.org/trunk/Bundles/iCalendar.tmbundle@622 dfb7d73b-c2ec-0310-8fea-fb051d288c6d","summary":"Moved all bundles. I'm not sure what happens if you do “svn up” and you have modified stuff inside one of the bundles."},{"commit":"ca0cd8f5b4f4761551191fcc82feaf18fe83c379","author":"Allan Odgaard","date":"2005-04-21T07:08:56+00:00","body":"git-svn-id: http://svn.textmate.org/trunk/iCalendar.tmbundle@612 dfb7d73b-c2ec-0310-8fea-fb051d288c6d","summary":"• Added scopeName key to all languages. Most of them as source.&lt;filename>. • Added a language for plain text files, currently just markups bullet points (so I can continue these on 'enter' using a scoped snippet). • Added a new “firstLineMatch” key to Perl, Ruby, and Shell languages. • The C/Objective-C languages use the scopeName in their include directives, this doesn't work for beta 5. • Ruby now includes “source.ruby” when using #{ ... } in strings. • Added capture names to a few languages (objective-c methods, though it's not very consistant, we'll need to discuss how to split up functions and name the various parts). • Removed plist filetype from XML, assuming that people loading a plist into a text editor would generally use the old-style format."},{"commit":"5f5f431fe027397a4bdc3418b6d8c6ad900e3b23","author":"Allan Odgaard","date":"2005-01-20T20:01:52+00:00","body":"git-svn-id: http://svn.textmate.org/trunk/iCalendar.tmbundle@105 dfb7d73b-c2ec-0310-8fea-fb051d288c6d","summary":"Added UUID to all syntaxes."},{"commit":"5ccddc3adcac99350382df4576863740f328c386","author":"Chris Thomas","date":"2005-01-17T06:59:01+00:00","body":"git-svn-id: http://svn.textmate.org/trunk/iCalendar.tmbundle@90 dfb7d73b-c2ec-0310-8fea-fb051d288c6d","summary":"Implementing new keyword naming in Ada, Fortran, Inform, Pascal, Lisp, iCalendar bundles. Notably added 'constants.numeric.*' class. Some of the syntax files need additional refinement to support fine-grained keyword classes, that's for another day."},{"commit":"2b300f0548500254522530f4eeafda518ead6100","author":"Allan Odgaard","date":"2005-01-09T10:36:22+00:00","body":"git-svn-id: http://svn.textmate.org/trunk/iCalendar.tmbundle@70 dfb7d73b-c2ec-0310-8fea-fb051d288c6d","summary":"Added UUID to each bundle."},{"commit":"a8b4ce92cff50aae1be2a9db6878606e594a884c","author":"Eric Hsu","date":"2005-01-04T20:17:09+00:00","body":"git-svn-id: http://svn.textmate.org/trunk/iCalendar.tmbundle@34 dfb7d73b-c2ec-0310-8fea-fb051d288c6d","summary":"Bug fixes for iCalendar.tmbundle - DTEND was getting highlighted as a END: event. Changed to look for ^BEGIN and ^END. - Also removed '' from highlighting, as events like SUMMARY:Go to Mom's house were getting wrongly highlighted."},{"commit":"f14e2d8af3ccc60c2f9422fd5d079e35fe927d09","author":"Chris Thomas","date":"2005-01-04T06:04:50+00:00","body":"git-svn-id: http://svn.textmate.org/trunk/iCalendar.tmbundle@31 dfb7d73b-c2ec-0310-8fea-fb051d288c6d","summary":"Add iCalendar/vCalendar syntax file. Nested folds are a little wonky without the ability to specify end folding marker captures from the start folding marker, but the  highlighting is useful for basic iCalendar/vCalendar hacking."}],"name":"iCalendar","web":"https://github.com/textmate/icalendar.tmbundle/commit/"}