{"name":"Hyperlink Helper","commits":[{"summary":"Re-add ‘issue’ as a new scheme","commit":"fdefc2cafac482ea52130a5db99df62855bc22e7","date":"2013-08-05T18:29:52-05:00","body":"A recommit of 10fb149, fixes #4. Original commit message:\n\nI am not aware of any precedent for this, but I wish to make it easy to reference issues in the code base without giving a full URL to the issue tracker. With project specific variables we can place the URL (prefix/template) in a project variable and magically have all the issue:// links (for that project) work.","author":"Michael Sheets"},{"summary":"RFC references in text, strings and comments are now recognized","commit":"77255a33b1b652e6fc121ebc9f27abd5994dea40","date":"2013-07-14T18:40:58+02:00","body":"The space between the RFC keyword and the number is optional when the keyword is preceded by a space, e.g. ‘See RFC822’ will be matched but ‘/path/to/rfc822’ will not.\n\nFor the records, links can be opened via enter (<kbd class='keyEquivalent'>⌅</kbd>) which is fn-return on “laptop keyboards”.","author":"Allan Odgaard"},{"summary":"Show tool tip when looking up word via Google returns no results","commit":"83ebbb50b0ee6be90b826254a3a752a5e0f90bc3","date":"2013-06-13T21:47:53+07:00","body":"Previously this would result in an error being inserted into the document.","author":"Allan Odgaard"},{"summary":"Pressing <kbd class='keyEquivalent'>⌅</kbd> to open a URL also works when caret is at the end","commit":"e37fd810cd735032cfc4cae5c102e5a4b27e9a2f","date":"2013-03-10T16:31:45-05:00","body":"Previously when caret was placed immediately after a URL, the key would not work to open it. This is fixed by looking at the caret’s left scope as well as the right one.","author":"Michael Sheets"},{"summary":"Move open Current url command to hyperlink helper and expose in menu structure","commit":"2d3180b8d04bc70cc8d1f9f9608b42f871c3282f","date":"2012-11-29T11:36:15+00:00","body":"","author":"tim bates"},{"summary":"Match URLs using semicolons as delimiters","commit":"980d8947a95e630ad4ed40d2008f5c6c4add3f9c","date":"2012-08-15T14:58:06+10:00","body":"Conflicts:\n\tSyntaxes/Hyperlink.tmLanguage","author":"Adam Sharp"},{"summary":"Don't allow URLs to end in - or #","commit":"e810aecb68db0f036167e3356188508871e7ea69","date":"2012-08-28T04:33:28-05:00","body":"","author":"Michael Sheets"},{"summary":"Add open command for issue URLs","commit":"570d25795d4c68d0ac809073a238c40dabe26ccc","date":"2012-08-15T16:44:26+02:00","body":"The command will read the TM_ISSUE_URL variable from the current environment so you should set this in your project’s .tm_properties file.\n\nThe value should use ‘%s’ for where the issue should be inserted. E.g. for TextMate/.tm_properties we set:\n\n    TM_ISSUE_URL = 'https://github.com/textmate/textmate/issues/%s'","author":"Allan Odgaard"},{"summary":"Add ‘issue’ as a new scheme","commit":"10fb149f474cdca5b9ef6133f7f99d2b6ad62e25","date":"2012-08-15T16:16:38+02:00","body":"I am not aware of any precedent for this, but I wish to make it easy to reference issues in the code base without giving a full URL to the issue tracker. With project specific variables we can place the URL (prefix/template) in a project variable and magically have all the issue:// links (for that project) work.","author":"Allan Odgaard"},{"summary":"Add URL scheme to the scope","commit":"32141373fd475ea4ad420b0fd9eccf6862291d23","date":"2012-08-15T16:15:51+02:00","body":"This makes it easy to setup an override (of the “Open URL” command) for custom schemes.","author":"Allan Odgaard"},{"summary":"Add readme.","commit":"7dec382dd8f2011006db70d10532cb2ad748814d","date":"2011-11-12T20:34:55-06:00","body":"","author":"Michael Sheets"},{"summary":"Match x-man-page: URLs.","commit":"6566f160a4d312c534ba59d996842af47a45d83c","date":"2011-08-23T20:24:08+02:00","body":"The URL scheme registered on OS X is x-man-page: — I made the ‘-page’ suffix optional since the leading ‘x-’ was already optional, presumably because some may want to only write ‘man://scandir/3’ (regardless of URL scheme registered on the host OS).","author":"Allan Odgaard"},{"summary":"Add hyperlink injection grammar.","commit":"f35b3a53dfce89b6cdffc86b03f44382a4197040","date":"2011-08-04T10:10:18+02:00","body":"This is aggressively injected into the text, string, and comment scopes. We may want to restrict the text scope so that we don’t markup hyperlinks in text formatting languages where links require special markup, so as to not confuse the user (about whether his links are auto-detected during conversion).","author":"Allan Odgaard"},{"summary":"Use MediaWiki API instead of scraping HTML pages.","commit":"25e2669c71361d5cfa8c1e2860e9a94dae3394b0","date":"2012-06-05T21:44:16+02:00","body":"","author":"Allan Odgaard"},{"summary":"Change placeholder URL to example.com, thanks to Cliff Matthews.","commit":"a728441cdd62c5fe97865e728fd86b629dc730e2","date":"2009-03-18T18:37:39+00:00","body":"git-svn-id: http://svn.textmate.org/trunk/Bundles/Hyperlink Helper.tmbundle@11384 dfb7d73b-c2ec-0310-8fea-fb051d288c6d","author":"Michael Sheets"},{"summary":"Change scope to simply 'text', making these easier to support in new bundles.","commit":"2c046cc96006eae52a06e3ebff7ff53289f0e07f","date":"2009-02-04T11:15:15+00:00","body":"git-svn-id: http://svn.textmate.org/trunk/Bundles/Hyperlink Helper.tmbundle@11229 dfb7d73b-c2ec-0310-8fea-fb051d288c6d","author":"Michael Sheets"},{"summary":"Adding support for LaTeX to the Hyperlink Helper bundle. (Patch due to Matt Foster: http://lists.macromates.com/textmate-dev/2009-January/013391.html)","commit":"d135908046f772f7576957290a7819a71f193b79","date":"2009-02-03T07:20:16+00:00","body":"git-svn-id: http://svn.textmate.org/trunk/Bundles/Hyperlink Helper.tmbundle@11214 dfb7d73b-c2ec-0310-8fea-fb051d288c6d","author":"Alex Ross"},{"summary":"• escape a $ character","commit":"9a5a0cbfe8e79e0b4c0dd3a8cb3033c3c785ffc7","date":"2008-12-02T17:07:57+00:00","body":"This is not currently required, but I would like to treat the shell variable values as format strings, and this one was the only one (of those in the default bundles) that “breaks” if such change is made.\n\n\ngit-svn-id: http://svn.textmate.org/trunk/Bundles/Hyperlink Helper.tmbundle@10944 dfb7d73b-c2ec-0310-8fea-fb051d288c6d","author":"Allan Odgaard"},{"summary":"• add “-meta.disable-markdown” to the scope selector so that the HTML behavior is used in the segments of Markdown documents where Markdown is not in effect.","commit":"ae040d2bb5f338aa44697f5849e5c339f9be1e2c","date":"2007-12-29T06:25:27+00:00","body":"git-svn-id: http://svn.textmate.org/trunk/Bundles/Hyperlink Helper.tmbundle@8744 dfb7d73b-c2ec-0310-8fea-fb051d288c6d","author":"Allan Odgaard"},{"summary":"• replace PropertyList::load → OSX::PropertyList.load","commit":"db6ed60bea90f7efafe28f65c676bf480aea101f","date":"2007-06-10T17:18:08+00:00","body":"git-svn-id: http://svn.textmate.org/trunk/Bundles/Hyperlink Helper.tmbundle@7482 dfb7d73b-c2ec-0310-8fea-fb051d288c6d","author":"Allan Odgaard"},{"summary":"Was missing a trailing slash for the check that prevented the title lookup for “http://some-site.com/”","commit":"6d270c725d11a212b6fc6875c7c713e68d06ece2","date":"2007-05-05T03:15:49+00:00","body":"git-svn-id: http://svn.textmate.org/trunk/Bundles/Hyperlink Helper.tmbundle@7135 dfb7d73b-c2ec-0310-8fea-fb051d288c6d","author":"Ciarán Walsh"},{"summary":"• replace underscores with spaces in the info text (page name) • update user agent string to TextMate 1.5.5","commit":"9f59738851a4dc9abb796fe047436e4c4b7eac15","date":"2007-04-27T20:08:55+00:00","body":"git-svn-id: http://svn.textmate.org/trunk/Bundles/Hyperlink Helper.tmbundle@7071 dfb7d73b-c2ec-0310-8fea-fb051d288c6d","author":"Allan Odgaard"},{"summary":"Entity-encode mailto: addresses","commit":"d3fe9f2842e2a96edc733d01aafa5f223e0121df","date":"2007-04-24T03:11:29+00:00","body":"git-svn-id: http://svn.textmate.org/trunk/Bundles/Hyperlink Helper.tmbundle@7039 dfb7d73b-c2ec-0310-8fea-fb051d288c6d","author":"Ciarán Walsh"},{"summary":"Fetch the page title for http:// URLs","commit":"c23fe20b43b1c435e1499717da285f10ec71e947","date":"2007-04-24T03:09:06+00:00","body":"git-svn-id: http://svn.textmate.org/trunk/Bundles/Hyperlink Helper.tmbundle@7038 dfb7d73b-c2ec-0310-8fea-fb051d288c6d","author":"Ciarán Walsh"},{"summary":"[CHANGED] The Ruby support modules Dialog and TextMate::Dialog have been merged into TextMate::UI. \"dialog.rb\" is now \"ui.rb\". All of the former Dialog module methods are now accessed through the TextMate::UI module, e.g. \"TextMate::UI.menu(…)\" or \"include TextMate; UI.menu(…)\".","commit":"51fd2ee04dd082a0ed682c8e31d81d1f120c2dc1","date":"2007-04-06T15:28:38+00:00","body":"git-svn-id: http://svn.textmate.org/trunk/Bundles/Hyperlink Helper.tmbundle@6958 dfb7d73b-c2ec-0310-8fea-fb051d288c6d","author":"Chris Thomas"},{"summary":"Disabled keyEquivalent for Wikipedia lookup link maker since it clobbers the built-in close all tabs menu item shortcut","commit":"7ff4e5412f5b712b38823591a2584280397b92d4","date":"2007-03-20T18:37:41+00:00","body":"git-svn-id: http://svn.textmate.org/trunk/Bundles/Hyperlink Helper.tmbundle@6861 dfb7d73b-c2ec-0310-8fea-fb051d288c6d","author":"Thomas Aylott"},{"summary":"• ruby 1.8.2 has to_hash['location'] return a string where ruby 1.8.4 returns an array, so call to_a.first on the result.","commit":"eada7096e5933f9ca9a4ca29c887690e4286de9d","date":"2007-03-16T05:51:14+00:00","body":"git-svn-id: http://svn.textmate.org/trunk/Bundles/Hyperlink Helper.tmbundle@6822 dfb7d73b-c2ec-0310-8fea-fb051d288c6d","author":"Allan Odgaard"},{"summary":"• put quotes around the phrase we are looking up and add ellipsis","commit":"d8b152dd73abf72f1099a5ea480a043d37ce3e46","date":"2007-03-16T05:38:20+00:00","body":"git-svn-id: http://svn.textmate.org/trunk/Bundles/Hyperlink Helper.tmbundle@6821 dfb7d73b-c2ec-0310-8fea-fb051d288c6d","author":"Allan Odgaard"},{"summary":"Adding support for Dokuwiki, Mediawiki, MoinMoin, reStructuredText, and TWiki.","commit":"934a079f05b48bd327e3fe6710eb6bd77d8adfe3","date":"2007-03-16T05:18:13+00:00","body":"git-svn-id: http://svn.textmate.org/trunk/Bundles/Hyperlink Helper.tmbundle@6820 dfb7d73b-c2ec-0310-8fea-fb051d288c6d","author":"Michael Sheets"},{"summary":"• make title use Word / Selection, now that it can wrap just words.","commit":"6534b28e8ecbeb7f6076e2e9510822e3c2d98dfd","date":"2007-03-16T02:04:29+00:00","body":"git-svn-id: http://svn.textmate.org/trunk/Bundles/Hyperlink Helper.tmbundle@6817 dfb7d73b-c2ec-0310-8fea-fb051d288c6d","author":"Allan Odgaard"},{"summary":"• strip ‘ - Wikipedia, the free encyclopedia’ from the title of links (we already prefix it with ‘Wikipedia Entry:’)","commit":"b88d7e2a3ac88f681f7b5cbfb7fa72f45f8f513a","date":"2007-03-16T01:59:55+00:00","body":"git-svn-id: http://svn.textmate.org/trunk/Bundles/Hyperlink Helper.tmbundle@6815 dfb7d73b-c2ec-0310-8fea-fb051d288c6d","author":"Allan Odgaard"},{"summary":"• change input to Selection or Word (rather than “or Document”)","commit":"376ad2889bce5000918fe1c7d71ed2e6060e8b88","date":"2007-03-16T01:57:42+00:00","body":"git-svn-id: http://svn.textmate.org/trunk/Bundles/Hyperlink Helper.tmbundle@6814 dfb7d73b-c2ec-0310-8fea-fb051d288c6d","author":"Allan Odgaard"},{"summary":"• rename to correct case (step 2/2)","commit":"015198c5f3c5790519cd5e7a391d594b2d082cc9","date":"2007-03-16T01:34:53+00:00","body":"git-svn-id: http://svn.textmate.org/trunk/Bundles/Hyperlink Helper.tmbundle@6813 dfb7d73b-c2ec-0310-8fea-fb051d288c6d","author":"Allan Odgaard"},{"summary":"• rename to correct case (step 1/2)","commit":"220b887822403cd69256da72d693290872399b4f","date":"2007-03-16T01:33:29+00:00","body":"git-svn-id: http://svn.textmate.org/trunk/Bundles/Hyperlink Helper_rename.tmbundle@6812 dfb7d73b-c2ec-0310-8fea-fb051d288c6d","author":"Allan Odgaard"},{"summary":"• first version of the HyperLink Helper bundle. It has commands to wrap selection as a link, using a URL from the clipboard, lookup current word on Google, Yahoo, Wikipedia, etc. Currently templates are created for HTML, Markdown, Textile, and BBCode, which is also why all commands are scoped to these four languages.","commit":"9118f688c82b3555c986d6fdadcfbef27991c10b","date":"2007-03-15T22:10:22+00:00","body":"git-svn-id: http://svn.textmate.org/trunk/Bundles/HyperLink Helper.tmbundle@6809 dfb7d73b-c2ec-0310-8fea-fb051d288c6d","author":"Allan Odgaard"}],"web":"https://github.com/textmate/hyperlink-helper.tmbundle/commit/"}