{"commits":[{"commit":"57957c0e788ce7374d099d878c1405b89b1090f3","author":"Michael Sheets","summary":"Add comment headers to menu layout","body":"","date":"2013-06-19T06:04:01-05:00"},{"commit":"8804aeac54a0ab39e647211049ac133ed9d82eee","author":"Michael Sheets","summary":"Add missing UUIDs to snippets","body":"","date":"2013-06-19T05:59:48-05:00"},{"commit":"5f07a24fb24567dbd662f10b8f284edfcfc6857d","author":"Kevin Sawicki","summary":"Use look-behind for whitespace before functions","body":"This will no longer capture the whitespace leading up to a function name.","date":"2013-02-15T10:30:17-08:00"},{"commit":"0200abec9075ccdd77cb2e5790f16e0cb0296284","author":"Cheng Lou","summary":"Sublime build support for litcoffee.","body":"","date":"2013-03-26T15:12:58-04:00"},{"commit":"93f91b264658a42d6db1101c0c6b80f9b49e7b5b","author":"Kevin Sawicki","summary":"Increase indentation after `unless` keyword","body":"","date":"2013-05-23T19:30:45-06:00"},{"commit":"744c2fa76c752e607f6b47f5a38de05025b4d8ae","author":"chenglou","summary":"Comment support (and shortcut) for litcoffee.","body":"I know it seems unnecessary for literate CoffeeScript files, but it's more of a way to quickly test pieces of code.","date":"2013-03-18T13:41:49-03:00"},{"commit":"afd1255320db9653daab2aa73240e8c528204049","author":"Allan Odgaard","summary":"Use “Compiling” in output window title for <kbd class='keyEquivalent'>⌘B</kbd>","body":"Also a minor tweak to the run command to do proper escaping and avoid intermediate shell process.","date":"2013-03-19T15:32:26+01:00"},{"commit":"b571a2709d3be612bda04c2642e6d30e6b944a4e","author":"Allan Odgaard","summary":"<kbd class='keyEquivalent'>⌘B</kbd> will now compile and display selection (if any)","body":"","date":"2013-03-19T15:30:27+01:00"},{"commit":"0555660da94ccfe917a07aeaa0d2e5875e7f89af","author":"Jacob Rus","summary":"Update folding rules to use foldingIndentedBlockStart","body":"Fixes jashkenas/coffee-script-tmbundle#87.","date":"2012-03-21T20:06:52-07:00"},{"commit":"bc71c7e524f8f0802b616914c3274178fefbb59b","author":"Michael Sheets","summary":"Use literal tab character in snippets","body":"TextMate will replace these with the users current indent settings upon insertion.\n\nFixes jashkenas/coffee-script-tmbundle#62.","date":"2013-02-22T02:11:08-06:00"},{"commit":"68514199a18a34b3e1f2d642e755e39ea23adcd0","author":"Michael Sheets","summary":"Allow anonymous sub-classes","body":"Fixes jashkenas/coffee-script-tmbundle#37.","date":"2013-02-22T02:07:02-06:00"},{"commit":"2caf1de072f4592474707955123cf7763e26ef9d","author":"Michael Sheets","summary":"Use the javascript regular expressions grammar","body":"This matches the individual components of the regular expression and prevents escaping issues.\n\nFixes jashkenas/coffee-script-tmbundle#26 &amp; jashkenas/coffee-script-tmbundle#105.","date":"2013-02-22T01:51:47-06:00"},{"commit":"e8d02cedb687f58bcc65053743125952d33aae44","author":"Michael Sheets","summary":"Match function parameters individually","body":"This allows for easier selection of each item.\n\nFixes jashkenas/coffee-script-tmbundle#103","date":"2013-02-22T01:27:35-06:00"},{"commit":"dcceda0b2585185250edb90b4acf5ad2183da7d1","author":"Michael Sheets","summary":"Use meta.embedded scopes for interpolated strings","body":"","date":"2013-02-22T00:59:42-06:00"},{"commit":"dd7998d137159bb6a649955a5fb3d84021ddb8d0","author":"Kevin Sawicki","summary":"Allow function names to begin with `@`","body":"","date":"2012-10-13T09:43:32-07:00"},{"commit":"36ce26e138511c1f1bc8baf0a5426c918a9df297","author":"Allan Odgaard","summary":"Update README for TextMate 2.0","body":"","date":"2013-02-22T07:17:25+01:00"},{"commit":"1639c48b24c747908e1b5b2a3a642988ca44a06e","author":"Allan Odgaard","summary":"Setup ‘coffee’ as required executable","body":"I have only added one default location for ‘coffee’ (‘/opt/local/bin/coffee’) as I have not researched where other installers place it (and under which name). This array should be updated.","date":"2013-02-22T06:51:01+01:00"},{"commit":"70aa8fe4acd0f86f7ee5f650e13d9f19d936486d","author":"Allan Odgaard","summary":"Use “Run Document / Selection” as menu title for <kbd class='keyEquivalent'>⇧⌘R</kbd>","body":"TextMate will automatically make it “Run Document” or “Run Selection” depending on wether or not there is a selection.","date":"2013-02-22T06:40:21+01:00"},{"commit":"bb6b7340b18ab46a9ebcb05fe716ace4c00226f0","author":"Allan Odgaard","summary":"Use TextMate.executor for improved output","body":"Previously these used “selection or document” for what to compile/run, which I changed to entire document, as there is a dedicated command to run the selection. The commands now save the document though still work for untitled documents.\n\nThe runner will hyperlink errors, but since coffee run the generated JavaScript, the line and column references are wrong.","date":"2013-02-22T06:33:08+01:00"},{"commit":"a324dee5eaa03224ed20bbc81df942a56e3dea6c","author":"Alexander Jahraus","summary":"add .coffee.md to fileTypes for CoffeeScript (Literate)","body":"","date":"2013-03-14T02:36:58+01:00"},{"commit":"a104c35478a1a76fb558df53d4ff2a812dba7c72","author":"Jeremy Ashkenas","summary":"tweaking the default code block highlighting","body":"","date":"2013-01-04T15:50:19-10:00"},{"commit":"3f9d9da0868b4b0febc7e7c4f4baa6f15af5faa3","author":"Jeremy Ashkenas","summary":"separating out code","body":"","date":"2013-01-04T09:53:50-10:00"},{"commit":"1b2218bf094e22154887c1e796dbf62cb181a3ee","author":"Jeremy Ashkenas","summary":"Initial draft of literate CoffeeScript support","body":"","date":"2013-01-04T09:32:39-10:00"},{"commit":"28d106ef707cf066c86fb84ed6131904b464f315","author":"Jeremy Ashkenas","summary":"tweaks to clean source","body":"","date":"2013-01-04T09:14:05-10:00"},{"commit":"9315a6dac9e696236178fe7a7b7aa3eb87b4f094","author":"Nathan Sobo","summary":"Increase indentation after `else` keyword","body":"I'm not sure if there's a reason why the `else` keyword isn't increasing indentation of the next line, but I find it convenient. Maybe I'm missing some evil corner-case.","date":"2012-10-19T18:17:00-06:00"},{"commit":"ee85ea87b86927c80911e5f0f7b570afc3163973","author":"Michael Sheets","summary":"Improve pasting indent expectations with indentOnPaste setting.","body":"","date":"2012-09-15T05:22:53-05:00"},{"commit":"c808d3008764650988430cce3863f5afc14e509b","author":"David Worms","summary":"Not highlight event keyword","body":"","date":"2012-08-31T20:24:01+02:00"},{"commit":"0902aac63855047b34e4c4775b4ea851fbe2ee18","author":"Paul Miller","summary":"Remove from variables.","body":"","date":"2012-08-31T13:54:21+03:00"},{"commit":"fdb7ceb4a461babf7c77d22e5441a061eb2d3cac","author":"Paul Miller","summary":"Add “super” to keywords.","body":"","date":"2012-08-31T13:52:40+03:00"},{"commit":"a0938e1c056bd3c41bc945d542d3a8aeb1881fb5","author":"Paul Miller","summary":"Fix highlighting of bounded functions in callbacks.","body":"`a =>` was highlightened as `a &lt;operator>`.","date":"2012-08-20T02:31:44+03:00"},{"commit":"5ecd3aa84b5b02549985023bf7b68d9cd6ab2931","author":"Lacy Garrison","summary":"I am not sure exactly which release of Textmate 1.x moved the location of the bundles directory. However, in version 1.5.10 the bundles have been moved to /Applications/TextMate.app/Contents/SharedSupport/Bundles.","body":"","date":"2012-06-18T22:44:36-03:00"},{"commit":"78dfa0c4327d1fc86ed0f3c1fe815a7e1e89f5d8","author":"Paul Miller","summary":"Revert function syntax.","body":"","date":"2012-03-26T16:15:18+03:00"},{"commit":"ac0d9701a8d0957738442885f9ada47461c157f2","author":"Paul Miller","summary":"Fix the stuff.","body":"","date":"2012-03-23T17:50:34+02:00"},{"commit":"a24b9d584684e1a41d98b4468a5b73ad0ae830fc","author":"Kris Khaira","summary":"Merge git://github.com/jashkenas/coffee-script-tmbundle","body":"","date":"2012-02-27T16:26:58+08:00"},{"commit":"f32a25c25dda7299a91633ac201b45438a1cb8f4","author":"Stephen Belanger","summary":"Fixed class @Something extends SomethingElse","body":"","date":"2012-02-25T20:15:04-08:00"},{"commit":"8931a6e9036f746601ab51e7dc6200544a882b5b","author":"Krikis Esprits","summary":"Preserve coffeescript interpolation in haml templates","body":"","date":"2012-02-24T14:06:19+01:00"},{"commit":"b9fc77c7149e2ba01fa0b2228657ccc88733751c","author":"Kris Khaira","summary":"Shorter h2.","body":"","date":"2012-02-16T14:10:08+08:00"},{"commit":"b44000bea2c9b2269e6c04ab6f775a957e374104","author":"Kris Khaira","summary":"Added h3.","body":"","date":"2012-02-03T06:28:00+08:00"},{"commit":"70ef48bb4c046cc4080626c833a1f0303743a800","author":"Kris Khaira","summary":"Longer border for h1.","body":"","date":"2012-02-03T06:05:22+08:00"},{"commit":"2e0aee584eda4fd934eaaf8ea0d2ba45eba6cae7","author":"Paul Miller","summary":"Add support for binary &amp; octal numbers.","body":"","date":"2012-01-27T22:31:32+02:00"},{"commit":"2f99a513933b12670ae392cb123d7525bf8938a7","author":"Kris Khaira","summary":"Updated h1 and h2 snippets.","body":"","date":"2012-01-27T12:52:31+08:00"},{"commit":"bc6242a4c13ec60679e80415fc2f8d7a5d7a731b","author":"Kris Khaira","summary":"gs","body":"","date":"2012-01-27T12:52:13+08:00"},{"commit":"07c824367f63815552112f75ad9edcceb5039a77","author":"Kris Khaira","summary":"Changed Comment to Subheader.","body":"","date":"2012-01-19T17:40:03+08:00"},{"commit":"24cb809bdcb1ebdf0509641300a3400a49000b84","author":"Kris Khaira","summary":"Renamed Subheader to Header.","body":"","date":"2012-01-19T17:38:55+08:00"},{"commit":"1de5d2f38a7ddd7a84f08ac446317eaab72fab26","author":"Kris Khaira","summary":"Removed white space.","body":"","date":"2012-01-19T17:35:44+08:00"},{"commit":"851ea9180efe48da98c3b1a5f0f15b9ba29ed86b","author":"Kris Khaira","summary":"Snippets for Subheader and Comment.","body":"","date":"2012-01-19T17:33:26+08:00"},{"commit":"d9da0fb43a0bbe0950376a04d1686890a137bd5f","author":"Jeremy Ashkenas","summary":"resolving merge","body":"","date":"2011-12-16T09:53:37-05:00"},{"commit":"7c7e0de7bfe1674d566ae6ba664475c5ee42645c","author":"Jeremy Ashkenas","summary":"deleting sublime text instructions.","body":"","date":"2011-12-16T09:53:01-05:00"},{"commit":"58a223556a78a61eae948530578a1c19247f4666","author":"Jeremy Ashkenas","summary":"Update README.markdown","body":"","date":"2011-12-13T13:42:27-05:00"},{"commit":"0d65c29211c97c22fbfe6d9d0bc145d1546765f1","author":"Jeremy Ashkenas","summary":"Update README.markdown","body":"","date":"2011-12-13T13:32:45-05:00"},{"commit":"52250e4815286f0bed25785589ef9534e5114f74","author":"Mark Bates","summary":"Updated README to include instructions for both TextMate 1 and TextMate 2.","body":"","date":"2011-12-13T13:22:49-05:00"},{"commit":"2559f9ed27ad51cf1e08af3145e5c1bfbc45ad72","author":"Mark Bates","summary":"Updated the CoffeeScript bundle to work with TextMate 2.","body":"","date":"2011-12-13T10:15:07-05:00"},{"commit":"bf97359156c36e97865c1df78e80bbd36719548c","author":"Brandon Fryslie","summary":"Updated Language Grammar scope from \"comment.line.coffee\" to \"comment.line.number-sign.coffee\"","body":"The scope for a single line comment symbol is used by the TextMate Source bundle command 'Continue Line Comment'.  Without specifying the symbol in the scope, the command does not function.  Changing \"comment.line.coffee\" to \"comment.line.number-sign.coffee\" allows this command to be used with CoffeeScript.","date":"2011-10-24T20:22:56-07:00"},{"commit":"e94de576cb2252fd6a0dc6d1ebba31c509d437c4","author":"Angel Pizarro","summary":"added sublime text 2 build system","body":"","date":"2011-09-22T16:05:58-04:00"},{"commit":"fe6f724c150fa7ed9f9ea1ac08a34c6ed01ae690","author":"Daniel Heath","summary":"Compile and display utf-8 characters in source files","body":"","date":"2011-08-26T09:24:17+10:00"},{"commit":"215e29c9cca81674c33214a394d2072a820df8da","author":"Ilya Furman","summary":"More Windows friendly names","body":"","date":"2011-08-22T14:08:54-04:00"},{"commit":"3e6135bccb7c080c02c5d80d239b61858a0698b0","author":"John Burnett","summary":"Renaming to Windows friendly names","body":"","date":"2011-08-16T23:17:10-05:00"},{"commit":"49a55aac5d2d5fd857c78b5b6850c3a4c3f8f9d3","author":"Jeremy Ashkenas","summary":"tweaking pygmentize coloring.","body":"","date":"2011-08-14T15:52:17-04:00"},{"commit":"1df1451d69601762b698761a2756f9762e9f037a","author":"Jeremy Ashkenas","summary":"tidying README","body":"","date":"2011-08-14T15:38:47-04:00"},{"commit":"c26252220c22d075c1c397ed6e74f00804ebc6c4","author":"Jeremy Ashkenas","summary":"fixing function snippets.","body":"","date":"2011-08-14T15:30:27-04:00"},{"commit":"be3d072addfa379ff2af754291ece1fb74b2053c","author":"Dane Morgridge","summary":"added support for coffee.erb files","body":"","date":"2011-07-20T17:25:05-04:00"},{"commit":"e804227a3fd1a5cf59ec272d1f7e6071fe533c97","author":"Tony C. Heupel","summary":"Make the require snippet fit proper spacing, lack of parens and let the user tab again to get to the end of the current line to hit enter if they want.","body":"","date":"2011-07-15T19:03:44-07:00"},{"commit":"96552d166f6163ee86b86f9be957af4076036ab6","author":"Jarod Reid","summary":"dryer function definitions","body":"","date":"2011-07-01T13:46:29-06:00"},{"commit":"afd4b4e86ac2fa2584cdd7da55f4c0cd1c26afef","author":"Jarod Reid","summary":"added cached files to gitignore for sublime support","body":"","date":"2011-07-01T13:41:48-06:00"},{"commit":"5e9c22a3ee10977b03718cade0becee7fdecbc33","author":"drkbrd","summary":"Fix indent for assignment using multiline if/for/while","body":"","date":"2011-06-30T16:41:36+02:00"},{"commit":"db3ad258d6d7c34c0cf580295414772084016202","author":"drkbrd","summary":"Increase indentation after try, catch and finally","body":"","date":"2011-06-30T15:59:04+02:00"},{"commit":"ab546a2d1171ee0534fc474a4dc979a29fe84d53","author":"Vincent Côté-Roy","summary":"not a keyword or operator if starts with $","body":"","date":"2011-06-30T08:36:44-04:00"},{"commit":"12432a1d679387268e43c54adc0c22b64f86b213","author":"drkbrd","summary":"Fix code start-folding for classes","body":"","date":"2011-06-29T17:51:17+02:00"},{"commit":"b23c3b43bf2f54f4fafb50ae7f675308fa891abc","author":"drkbrd","summary":"Fix indentation when a variable begins by if|while|for (Issue #45)","body":"","date":"2011-06-29T16:03:21+02:00"},{"commit":"92ecb107b8c260635962bc44a662540248e9406e","author":"Vincent Côté-Roy","summary":"recognize hashbang signature","body":"","date":"2011-06-23T13:42:26-04:00"},{"commit":"6c4191eca1f30388ce19a7b75a0f4b8df02a3cb8","author":"Aseem Kishore","summary":"\"Compile and Display JS\" command: show line numbers!","body":"","date":"2011-06-20T17:55:23-07:00"},{"commit":"8c981ee258a6e2933001476d4f609704810a1c4f","author":"Tauren Mills","summary":"Added linux instructions for ST2","body":"","date":"2011-06-15T13:29:34-07:00"},{"commit":"555302a902c0b4ff9a784d1bad726d6df7a50a6e","author":"Tauren Mills","summary":"Added information on using with Sublime Text 2","body":"","date":"2011-06-15T12:04:48-07:00"},{"commit":"d566627e18da63d7a7cd81e79ea7c2735de915f1","author":"Pat Nakajima","summary":"Syntax highlight compiled display","body":"","date":"2011-06-04T15:56:21-04:00"},{"commit":"24589a08cbc0a7cb03e8cf01d18f94c44e538770","author":"Jeremy Ashkenas","summary":"fixing herecomment highlighting.","body":"","date":"2011-05-23T10:41:50-04:00"},{"commit":"f8abe47a18578690498d349569340ce7c6e9a630","author":"Mads Hartmann","summary":"removing bundleUUID","body":"","date":"2011-05-15T16:19:40+02:00"},{"commit":"b2ccd857fce278f58989752ba45e518c93c20c04","author":"Mads Hartmann","summary":"Fixed bug in multi-line comment","body":"The bug caused single line comments to precede multi-line comments when there were spaces/tabs\nbefore the start of the comment. I fixed this and simplified the regular expression a bit.","date":"2011-05-14T09:18:21+02:00"},{"commit":"595b853b21fd2ce997d925c81f927433a4784457","author":"Mads Hartmann","summary":"Structured the items in the menu so you can find what you're looking for","body":"","date":"2011-05-09T19:01:58+02:00"},{"commit":"76e6ea34ec6575ada523def85acc0d398e56cc99","author":"Jeremy Ashkenas","summary":"merging #168","body":"","date":"2011-05-09T10:11:46-04:00"},{"commit":"7b5d4f255d7e572ddd62e60d12445ea4998b9503","author":"Jeremy Ashkenas","summary":"merging #27","body":"","date":"2011-05-09T10:10:07-04:00"},{"commit":"db3724219055379a71b32054ef540eac9ab3365c","author":"Mads Hartmann","summary":"Removed bundleUUID keys","body":"","date":"2011-05-09T16:03:59+02:00"},{"commit":"a25c4145f553f15f5b3d2d8bb1d76b14fadaeb0a","author":"Jeremy Ashkenas","summary":"Issue #13, indendation rules for function arrows.","body":"","date":"2011-05-08T22:20:52-04:00"},{"commit":"e6a0f5213a5a6442e9786dcbe957c2482a159116","author":"Jeremy Ashkenas","summary":"merging #21","body":"","date":"2011-05-08T22:08:36-04:00"},{"commit":"53d2ca6299ec9a7bc54429db8a4ff5daf457087f","author":"Jeremy Ashkenas","summary":"Issue #22. comment symbols in extended regexes, when immediately escaped.","body":"","date":"2011-05-08T21:44:48-04:00"},{"commit":"5ec6f07f2e0b46a447635841ba379a62cd4f8068","author":"Jeremy Ashkenas","summary":"adding do as a keyword","body":"","date":"2011-05-08T21:21:51-04:00"},{"commit":"32996aa7d9153fb10143aec37181bcd3b8692892","author":"Samuel Clay","summary":"Adding \"f = (params) ->\" to scope selector and to Symbol List. Command+Shift+T now shows function definitions.","body":"","date":"2011-05-02T14:05:05-04:00"},{"commit":"72469cdb5b95892d5eacc654a8db7f66598f8301","author":"Myles Byrne","summary":"Highlight constructors with more than two dots - eg: new Foo.Bar.Baz","body":"","date":"2011-04-28T15:45:08+10:00"},{"commit":"9434d0302ba3c63df5ce9e9a5a63eb6b4b518fc5","author":"Myles Byrne","summary":"Enable comment text reformatting","body":"Without this patch, hitting ^Q while in the scope of a comment\n(comment.line.coffee) does not reformat the whole comment to the word-wrap\ncolumn boundary like it does when in the same scope on a ruby file. Telling\nTextMate to treat the whitespace before the `#` character as part of the\ncomment (like in the ruby grammar) fixes the issue.","date":"2011-04-24T13:32:44+10:00"},{"commit":"df14763a5ca27e9b1fa8baef1a9a0979507a31e2","author":"Mads Hartmann","summary":"merged fork from jrus","body":"","date":"2011-03-30T19:09:24+02:00"},{"commit":"76dc9d57d106915b24c05cac2418841552b02058","author":"Mads Hartmann","summary":"Disliked font-size: 22 on output","body":"","date":"2011-03-25T18:10:30+01:00"},{"commit":"ca4c628626845345370674b315b12fd2e3c3a611","author":"Mads Hartmann","summary":"Added grammer for annotations","body":"","date":"2011-03-25T17:43:41+01:00"},{"commit":"583d5099712d05c5433f039a442dbac42e8ea236","author":"Jacob Rus","summary":"change commands to use 'pre' tool. This escapes &lt; and &amp;, and wraps output in an HTML skin.","body":"","date":"2011-03-23T07:04:00-04:00"},{"commit":"fcf325e14d679ee6290961bc40513bf6a75840b0","author":"Myles Byrne","summary":"Support dots in class names","body":"  e.g. class ns.PlacementPeriodField extends Backbone.View","date":"2011-03-18T18:32:17+11:00"},{"commit":"ab56645b654266a12e2e029cf81eabb1aa97aaab","author":"Carlos Brando","summary":"Added TM_COFFEE shell variable, so you can set a different path to coffee.","body":"","date":"2011-03-15T10:43:01-03:00"},{"commit":"6921120b489463cc5553a134557d203f84411f78","author":"Erlend Halvorsen","summary":"Fixed syntax highlighting of 'Class extends Parent'","body":"","date":"2011-02-10T10:31:08+01:00"},{"commit":"eb75c4531893e815a40edb42f702152b4ba17a8f","author":"Jeremy Ashkenas","summary":"Issue #14 ... removing old colon-style assignment.","body":"","date":"2010-12-23T08:59:32-08:00"},{"commit":"671f9d9a9477ef9d1d7d45a28e37158f01d86185","author":"Jeremy Ashkenas","summary":"slightly stricter param highlighting.","body":"","date":"2010-12-12T12:07:16-05:00"},{"commit":"135d8db4b98b0dada8a472ad03ab1b22f255dad7","author":"Trevor Burnham","summary":"Adding Heredoc comment command","body":"","date":"2010-12-07T23:19:29-05:00"},{"commit":"c507324821eba23c03a19e3811b96c76766ec879","author":"Jeremy Ashkenas","summary":"Issue #8. Command-single-quote generates a single-quoted heredoc section.","body":"","date":"2010-12-05T14:51:25-05:00"},{"commit":"72a6042a9629859e5ca123e11cad5765343a4dd4","author":"Jeremy Ashkenas","summary":"Issue #8. Interpolated code expansions in double-quoted heredocs.","body":"","date":"2010-12-05T14:49:37-05:00"},{"commit":"d9d6a31d814f1c617d474b6b628d2f3e8e425808","author":"Jeremy Ashkenas","summary":"Issue #10. Improved foldings for functions, object literals, and array literals.","body":"","date":"2010-12-05T14:43:57-05:00"},{"commit":"c80ddb2d77ecd1f23a337485179c1c59d905d9d9","author":"Jeremy Ashkenas","summary":"Issue #11. TextMate/PATH","body":"","date":"2010-12-05T14:34:37-05:00"},{"commit":"083315228b7f234468c83cfb9e98b00d5c008e07","author":"Jeremy Ashkenas","summary":"s/--no-wrap/--bare","body":"","date":"2010-12-05T14:31:48-05:00"},{"commit":"583da06362203085f33b7803010c8c07473d6f6c","author":"Jeremy Ashkenas","summary":"removing from and to from syntax highlighting...","body":"","date":"2010-11-20T15:10:00-05:00"},{"commit":"ebf4734140ebb36517da00b446c05a4e6f3bfe6d","author":"Jeremy Ashkenas","summary":"fixing regexp highlighting","body":"","date":"2010-11-09T22:22:14-05:00"},{"commit":"672e15799587d4f2269595076c3fc0899cf09906","author":"Jeremy Ashkenas","summary":"fixing a quirk in function param highlighting...","body":"","date":"2010-11-09T00:53:20-05:00"},{"commit":"bcdc78c09609490e57f0d2142c394ffd96dba6c8","author":"Jeremy Ashkenas","summary":"fixing function parameter highlighting for new default arguments.","body":"","date":"2010-11-04T23:11:22-04:00"},{"commit":"2878d64eec9d123f26dbe8392d4a594662768d84","author":"Jeremy Ashkenas","summary":"Moving keyword.operator.coffee up to higher precedence.","body":"","date":"2010-11-04T23:07:27-04:00"},{"commit":"74c52371e336062abfa57fa626c46245bbad1fa9","author":"Trevor Burnham","summary":"Replacing references to `/usr/local/bin/coffee` with just `coffee`","body":"","date":"2010-10-28T11:46:03-04:00"},{"commit":"c6a26b28d9ef61ad29deb11252d0c54ea7b69855","author":"Jeremy Ashkenas","summary":"Adding from/to to the keywords, and some tweaks to the evaluate commands...","body":"","date":"2010-10-24T21:02:10-04:00"},{"commit":"a0fd64c727fa38d12ed132155a5d1d54801d296d","author":"Jeremy Ashkenas","summary":"Highlighting interpolations and comments inside of heregexes.","body":"","date":"2010-10-05T09:26:04-04:00"},{"commit":"e225dbe088774fa31f45864d4c2ccaba218620bd","author":"Jeremy Ashkenas","summary":"adding imgy extensions to heregexes.","body":"","date":"2010-10-05T00:21:40-04:00"},{"commit":"e8efe84c4632a09652f140f8668ea720b3b08924","author":"Jeremy Ashkenas","summary":"added heregex highlighting","body":"","date":"2010-10-04T23:49:08-04:00"},{"commit":"f3a778e1a59d247a6b029e71dd22c7373ee9e691","author":"Jeremy Ashkenas","summary":"enhancing destructuring highlighting.","body":"","date":"2010-10-04T22:08:30-04:00"},{"commit":"0a399a9c75a5dc44f0538e052d00466687eec07f","author":"Jeremy Ashkenas","summary":"Allow the textmate helper to run the selected text by default, falling back to the whole doc.","body":"","date":"2010-09-26T10:29:33-04:00"},{"commit":"e99747bfe2dbe094e1247b5ac57fbf97481398bf","author":"Jeremy Ashkenas","summary":"fixing assignment double-equals highlighting.","body":"","date":"2010-09-19T09:18:15-04:00"},{"commit":"c2a2df9f7c7b3bba72720404bcf0a1f43ee5eec5","author":"Jeremy Ashkenas","summary":"making spaced assignment operators highlight the same.","body":"","date":"2010-09-13T21:08:13-04:00"},{"commit":"3cc7839e9d03e7d02790bd2e004bd52151ddf3f1","author":"Jeremy Ashkenas","summary":"escape HTML tags in compiled JS.","body":"","date":"2010-09-13T09:02:15-04:00"},{"commit":"105b0333d2f62a709e8bd72350693664b0a739d9","author":"Jeremy Ashkenas","summary":"Updating herecomment highlighter in anticipation of Issue #572","body":"","date":"2010-08-23T20:23:25-04:00"},{"commit":"618571cec630facd8100a66ad5d9bb6d6986cf69","author":"Jeremy Ashkenas","summary":"one more tweak to regex lexing.","body":"","date":"2010-08-23T20:14:01-04:00"},{"commit":"40b338c3ca75ddda8306bd3821eeb4db2554ec10","author":"Jeremy Ashkenas","summary":"merged bts","body":"","date":"2010-08-23T20:08:32-04:00"},{"commit":"8fe3a07f6fa7161c0bcfa4e9db8f0ae15c655830","author":"Jeremy Ashkenas","summary":"regex lexing shouldn't be greedy","body":"","date":"2010-08-23T20:06:59-04:00"},{"commit":"1d20cecc83189b245b70ffa10c77d3ad2cf5afdf","author":"brian schroeder","summary":"remove whitespace from capture for class name","body":"","date":"2010-08-22T17:03:01-07:00"},{"commit":"c47af2cf565f5fdf1e3fbee189a1f5aeaac56556","author":"Jeremy Ashkenas","summary":"tweaks to the highlighter for 0.9","body":"","date":"2010-08-11T22:08:44-04:00"},{"commit":"70e67a06ae876ca988906d4b9fe1bfe72c2a5087","author":"Jeremy Ashkenas","summary":"Updating coffee-script-tmbundle's handling of interpolation and snippet expansion within double-quoted strings.","body":"","date":"2010-08-08T00:03:49-04:00"},{"commit":"fd2cce2af102355c62753e8614c81414b08c89a8","author":"Jeremy Ashkenas","summary":"adding anonymous class highlighting.","body":"","date":"2010-07-27T22:04:37-04:00"},{"commit":"ad3646292231627599b2d011d9249e14f84ed186","author":"Jeremy Ashkenas","summary":"switching over interpolation highlighting to use # instead of $","body":"","date":"2010-07-26T23:07:33-04:00"},{"commit":"e23663c887772c04f0011e4889b0a64c5ea9faca","author":"Jeremy Ashkenas","summary":"better highlighting for equals signs.","body":"","date":"2010-07-24T17:02:13-07:00"},{"commit":"8389efe45d85ac36d64f0af33031edafd45ea0bb","author":"Jeremy Ashkenas","summary":"adding 'for all key of object' syntax to the highlighter.","body":"","date":"2010-07-15T21:18:55-04:00"},{"commit":"486c421b72b9488843b821c239024c8413ae0a27","author":"Jeremy Ashkenas","summary":"adding interpolation highlighting to double-quoted heredocs.","body":"","date":"2010-07-12T22:37:46-04:00"},{"commit":"382640c1b275dd7c07614d197989f1a28aa89065","author":"Jeremy Ashkenas","summary":"adding better outdent support, for else, catch, and finally.","body":"","date":"2010-07-03T14:44:32-04:00"},{"commit":"687fcbe55fb954b2f104269c3bde4bb9a47298bc","author":"Jeremy Ashkenas","summary":"adding support for non-highlighted keyword properties on objects","body":"","date":"2010-06-15T00:53:29-04:00"},{"commit":"7f3bcad479d44066a1270f59baffa12fe2b97408","author":"Jeremy Ashkenas","summary":"simplifying regex highlighter...","body":"","date":"2010-06-13T00:46:17-04:00"},{"commit":"bec1ac3c755b79ce6e5d83ca28e2fd95cdc51828","author":"Jeremy Ashkenas","summary":"adding 'loop' as a syntax-highlighted operator.","body":"","date":"2010-06-12T12:14:14-04:00"},{"commit":"e5219cc955ce340fa667c9c18fcaeb4cf99ec494","author":"Jeremy Ashkenas","summary":"small update to block comments...","body":"","date":"2010-06-02T00:01:37-04:00"},{"commit":"e159a27797d3fb68d1959f69ced52155d915709d","author":"Jeremy Ashkenas","summary":"updating the README a bit for the tmbundle","body":"","date":"2010-05-31T16:45:08-04:00"},{"commit":"df984a93191afcea9a4e58036cc6472cae3ba145","author":"Jeremy Ashkenas","summary":"fixing a bug in the herecomment syntax highlighting with a little bit of negative lookahead.","body":"","date":"2010-05-12T21:11:49-04:00"},{"commit":"a5bf1934b854f77f5c349c770a8728ab92d23104","author":"Jeremy Ashkenas","summary":"adding the new herecomment (block comment) syntax, for highlighting","body":"","date":"2010-05-12T21:05:41-04:00"},{"commit":"c7bea54ab2f1a595a0e3af2a15e1e5fcf4f7ac85","author":"Jeremy Ashkenas","summary":"adding a command to display selected coffee as compiled JS.","body":"","date":"2010-04-28T17:27:45-04:00"},{"commit":"82ea37c3fba8e1af932c7f065af0ec7763878561","author":"Jeremy Ashkenas","summary":"removing the String Interpolation syntax -- the pure-variable case is more common than the expression one.","body":"","date":"2010-03-31T21:22:32-04:00"},{"commit":"f9caf9a0d790459cc0e4f7305884287d7be21a4f","author":"matehat","summary":"Added string interpolation and escaped characters to heredoc double quoted strings","body":"","date":"2010-03-30T15:32:29-04:00"},{"commit":"6230a1785f93ecf3fe908e91b73fa3d30027f05c","author":"Jeremy Ashkenas","summary":"adding pipes as a highlighted operator","body":"","date":"2010-03-27T10:24:53-04:00"},{"commit":"af7c807c94a49ed201edfee9410132a3babe96d4","author":"Jeremy Ashkenas","summary":"removing 'map' from the Snippets -- that's not part of coffee.","body":"","date":"2010-03-17T21:02:27-04:00"},{"commit":"9647bc2694ba6f65fdc2505ce9e75d6d5d165f38","author":"Dr Nic Williams","summary":"added 'require' snippet for nodejs usage","body":"","date":"2010-03-17T22:49:33+11:00"},{"commit":"27bc059f9e7c84743259dadb492f51c5c695d233","author":"Dr Nic Williams","summary":"paste in some clipboarded JavaScript into","body":"","date":"2010-03-17T09:37:29+10:00"},{"commit":"b99869ad41d3991772c9480c9782d5ea5c9a20ab","author":"Dr Nic Williams","summary":"Added command to print \"\"\"...\"\"\" heredoc string format","body":"","date":"2010-03-17T09:34:02+10:00"},{"commit":"d3c0b06941776d46de9000365d1ef2120fdb2869","author":"Dr Nic Williams","summary":"Run commands display within &lt;pre> tags to retain console-like formatting","body":"","date":"2010-03-17T09:33:21+10:00"},{"commit":"ddf743dbaef4256e8652d266735b93d05f44fe0b","author":"Dr Nic Williams","summary":"added Align Assignments (ported from Source.tmbundle)","body":"","date":"2010-03-17T09:01:42+10:00"},{"commit":"2f0fbaa57e5b0de40c0e2d6adc78ad814d32a745","author":"Dr Nic Williams","summary":"change snippet key bindings to standard TextMate pattern of 2 or 3 letter prefix + first letter of each part of generated command/snippet","body":"","date":"2010-03-16T22:00:36+10:00"},{"commit":"c6d708fbd152718aac9a26b64384ec13bad38eed","author":"Dr Nic Williams","summary":"map snippet","body":"","date":"2010-03-15T19:36:54+10:00"},{"commit":"9b3c99a95121c6fabcf05994c8cb848c2b87c83e","author":"Dr Nic Williams","summary":"assign a scope, and a clean key binding to 'Run selected text.tmCommand'","body":"","date":"2010-03-15T19:36:49+10:00"},{"commit":"7468e3bb92a534f831d24bfc59f4bad106f6ae0b","author":"matehat","summary":"Fixed New function command behavior, as no key-equivalent was triggered and 2 line breaks were added","body":"","date":"2010-03-14T16:06:29-04:00"},{"commit":"810b256798eafd40418d4d2b37c94ca221aa6ed2","author":"Jeremy Ashkenas","summary":"Reworking the bundle a bit for consistency -- remember, tabs are two spaces, folks. And LF line endings in the source.","body":"","date":"2010-03-14T08:48:41-07:00"},{"commit":"5fe4482992b82131de963e2ae38b12d5d166d2c9","author":"Jeremy Ashkenas","summary":"back to markdown for the readme","body":"","date":"2010-03-14T08:09:16-07:00"},{"commit":"3f73c4476f89dc33dc72209db8f1c53877aa057d","author":"Jeremy Ashkenas","summary":"updating the bundle's readme","body":"","date":"2010-03-14T08:02:08-07:00"},{"commit":"b2536585e631ccb5eeb09ea17f120bd89770f226","author":"matehat","summary":"Updated readme to include new commands","body":"","date":"2010-03-12T17:16:19-05:00"},{"commit":"b972cde9a52f850fd1109275f09f12aef3bc9569","author":"matehat","summary":"Added run commands","body":"","date":"2010-03-12T17:15:30-05:00"},{"commit":"e77f0c94bfd48ffa0ae81d3e423e1d31820226d4","author":"matehat","summary":"Updated readme to fix typo","body":"","date":"2010-03-12T16:58:18-05:00"},{"commit":"24c7b9f48ae657205566cbbc4303851a871d2072","author":"matehat","summary":"Updated the readme file to make it more complete","body":"","date":"2010-03-12T16:55:45-05:00"},{"commit":"8904e65c8274ca09fe2a6d51b08cc5cb25433449","author":"Jeremy Ashkenas","summary":"Copying the old bundle over","body":"","date":"2010-03-14T07:50:19-07:00"},{"commit":"ac2c76b114123033657a4768a79d2011995cdc1c","author":"Jeremy Ashkenas","summary":"Let's get this TMBundle started.","body":"","date":"2010-03-14T07:34:03-07:00"}],"name":"CoffeeScript","web":"https://github.com/textmate/coffee-script.tmbundle/commit/"}