{"commits":[{"summary":"Limit amount of indent for soft wrapped line comments","body":"We now re-use the line’s indent and add at most 4 more spaces. This should avoid the bad cases with long lines causing the comment to be wrapped with a problematic small width.","date":"2013-07-21T16:13:02+02:00","commit":"69e84e16f3102da8772e9e76cf63bc30fa53b9fd","author":"Allan Odgaard"},{"summary":"Shell scripts are made executable on save","body":"Previously only ruby, perl, and python scripts (with a shebang) were made executable.","date":"2013-05-09T11:16:49+07:00","commit":"49234241f6679d77d5e085e300cade0acd276947","author":"Allan Odgaard"},{"summary":"Typing single-quote with selection in string will wrap selection","body":"Normally we have single-quote disabled as a paired character for strings (and comments) but when there is a selection it’s more likely that the user wants to wrap the selection than replace selection with a single-quote character.","date":"2013-03-14T12:37:20+01:00","commit":"2436fd3aca0f84ac18d5bcf6f1c1cf1bae716db3","author":"Allan Odgaard"},{"summary":"Disable indent corrections for quoted strings","body":"Previously this was only done for strings in PHP sources but it makes sense to set globally.","date":"2013-03-14T12:30:35+01:00","commit":"2c613cf1b9933283258bd5304def56058fece312","author":"Allan Odgaard"},{"summary":"Ignore block-comments when estimating indent","body":"This setting was previously found in the C bundle.","date":"2013-03-13T16:06:40+01:00","commit":"f5bb8e174581a8ba163c3df6c99bf0f1cb5890f5","author":"Allan Odgaard"},{"summary":"Add backtick to chars stripped when pressing ] (with a selection)","body":"","date":"2013-02-19T13:07:14+01:00","commit":"327c44747c64838f289e0b92dd5c4cbd1ec83384","author":"Allan Odgaard"},{"summary":"Don't re-indent code as it is being commented in/out.","body":"When commenting or uncommenting text we want to leave the text as it is rather than indenting to the point of the first like a normal command.\n\nFixes textmate/textmate#387, however it will require a TextMate update as this flag is not currently enabled in 2.0.","date":"2013-02-07T05:39:32-06:00","commit":"53579ed0c5295915304a4bb7ede33b851973b6b7","author":"Michael Sheets"},{"summary":"Don't enable spell checking for strings in embedded code.","body":"We enable spell checking for strings in the source scope which allows sensible spell checking. However inside of the text scope we want to not enable these when they appear in embedded source code (eg: PHP) as it is more common to want to have spell checking enabled in text files without getting it in the source portion.","date":"2013-02-07T05:34:32-06:00","commit":"e3c3e64fbe43f93e24a002e6aa052646525a1faa","author":"Michael Sheets"},{"summary":"Disable indent auto-corrections for comment blocks","body":"Languages do not have indent patterns that handle (block) comments, so TextMate basically never does the right thing inside these.\n\nIdeally we would also disable it for the line following the block comment (since the estimated indent there is thrown off by the block comment), but that is presently not possible. Users can disable auto-corrections for the entire file scope, should they run into this a lot.\n\nCloses textmate/textmate#721.","date":"2013-01-29T11:53:23+01:00","commit":"07fc4bd926c481115b0c8c21c1e3d725e51dae1f","author":"Allan Odgaard"},{"summary":"Update scope for wrap/unwrap actions","body":"These are now scoped so they only fire when there is a single continuous selection, as presently, they do not work for discontinuous selections.","date":"2012-09-30T15:33:17+02:00","commit":"9a568e782697ed8716263bd9351c0bdd972d4ee1","author":"Allan Odgaard"},{"summary":"Preserve selection for large selections","body":"If selection is larger than ARG_MAX (256 KB) then TM_SELECTED_TEXT will be set to a placeholder value.","date":"2012-09-19T12:39:41+02:00","commit":"15aa0965ba80f03ec18f60af3a0581d6522e7e6c","author":"Allan Odgaard"},{"summary":"Only activate when the selection is continuous.","body":"","date":"2012-09-19T05:13:21-05:00","commit":"9c24fc22fe3c43981b570b7887dc2a2aa0286da8","author":"Michael Sheets"},{"summary":"New “Strip Wrap Characters” action bound to ‘]’","body":"This will strip a single pair of leading/trailing braces, quotes, and similar. It also works to strip an Objective-C string: @\"foo\" → foo.\n\nThe command is only active when there is a selection.\n\nPresently no effort is done to actually ensure the stripped characters are actually balanced. It doesn’t seem like any real benefit would be derived for adding this complexity.","date":"2012-09-05T13:40:27+02:00","commit":"b8f53a952939bee7580c798dcd2b9a7b8694c44c","author":"Allan Odgaard"},{"summary":"Fixed Reformat Comment to use a default value of 80 when there is no TM_COLUMNS environment variable","body":"","date":"2012-01-17T22:07:59-08:00","commit":"71a9e461c8e367399209e5a82d87920615464ad5","author":"Daniel Grady"},{"summary":"Fix \"Move to BOL and Insert LF\" for first line","body":"","date":"2012-05-21T18:00:47+03:00","commit":"f1d1b2d670b839d20c406884520cc25a3644277d","author":"Elia Schito"},{"summary":"Require Bundle Support bundle.","body":"","date":"2011-12-20T04:59:53-06:00","commit":"421e60fc726be242d087fda74df44d391fabafe4","author":"Michael Sheets"},{"summary":"Add better line comment softWrap settings.","body":"","date":"2011-12-06T18:55:39-06:00","commit":"b6c98e71225c6efbb4eb470790429697adc85171","author":"Michael Sheets"},{"summary":"Remove softWrap pref in favor of more exact rules.","body":"","date":"2011-12-06T18:43:16-06:00","commit":"0869e895d6f4229e96316faaed0cf35d9ae65403","author":"Michael Sheets"},{"summary":"Switch eventSpecifier to semanticClass.","body":"","date":"2011-12-02T03:54:24-06:00","commit":"49b4ddcffdc96d8e325ed6e13fa9a08d7820c9e7","author":"Michael Sheets"},{"summary":"Enable softWrap for line comments.","body":"","date":"2011-12-02T01:56:04-06:00","commit":"1e7b1e0ec14d66014afb4c5ad4b88d444aede124","author":"Michael Sheets"},{"summary":"Add characterClass for punctuation.separator","body":"","date":"2011-11-27T03:39:47-06:00","commit":"dcbe9cfdba70fd7af07b6e88ccff27308c4657d2","author":"Michael Sheets"},{"summary":"Disable when there is a selection.","body":"","date":"2011-11-18T18:22:47-06:00","commit":"703a36a984bb33a0fdb1962e7ecce0bb041c7224","author":"Michael Sheets"},{"summary":"Add readme.","body":"","date":"2011-11-12T18:19:16-06:00","commit":"e296f930a911d329ffe19c0bfe78e890e6b22d2a","author":"Michael Sheets"},{"summary":"Improved insertion based on current context.","body":"","date":"2011-10-05T15:16:22-05:00","commit":"b2a91b5a134a7368255c2b7bfcc52e1760eb5554","author":"Michael Sheets"},{"summary":"Add characterClass for storage.","body":"","date":"2011-09-26T02:59:38-05:00","commit":"c2ab88c0bec5d0fcd4c3cc86360b089787063163","author":"Michael Sheets"},{"summary":"Check file on disk rather than displayed text.","body":"","date":"2011-09-25T14:36:20-05:00","commit":"8da4f5c2ffaf620b746d0df45634e905f94a7df0","author":"Michael Sheets"},{"summary":"Add command to make scripts executable on save.","body":"Scoped to perl, python and ruby.","date":"2011-09-22T01:39:53-05:00","commit":"ffd2b2786434dd7dd0aec2921c8dea8c202ff301","author":"Michael Sheets"},{"summary":"Add wrap/unwrap braces commands.","body":"","date":"2011-09-22T01:35:00-05:00","commit":"6cde021e93d2c2874b92b6352cb00abbc76f1b68","author":"Michael Sheets"},{"summary":"Add commands for space ↔ tab conversion.","body":"","date":"2011-09-22T01:32:22-05:00","commit":"0549641a782b23c5e2521b68ad3c8bc5af304e94","author":"Michael Sheets"},{"summary":"Add base character classes.","body":"","date":"2011-09-19T04:29:27-05:00","commit":"b5e22b2d5d68581359ad267088e6f15cb63da44c","author":"Michael Sheets"},{"summary":"Disable smartTypingPairs inside constant.character.escape","body":"","date":"2011-09-19T00:06:43-05:00","commit":"d7a5912a8e8d25567ced5317ca6ab86bf3bc55a3","author":"Michael Sheets"},{"summary":"Disable highlightPairs for constant.character.escape","body":"","date":"2011-09-19T00:05:50-05:00","commit":"bc0a8c0406ceee1fb73cb5702a508312e1a570b5","author":"Michael Sheets"},{"summary":"Improve scope of empty item snippet.","body":"","date":"2011-09-17T00:48:01-05:00","commit":"7c88734348bf8200f961638296f70f0a32a2dcb7","author":"Michael Sheets"},{"summary":"Snippet for overloading <kbd class='keyEquivalent'>↩</kbd> inside empty punctuation.","body":"","date":"2011-09-16T00:56:12-05:00","commit":"d4dbbc1015d0c8e5a84fa7d4c8c9f160e88c69f2","author":"Michael Sheets"},{"summary":"Don't pair single quotes in a (ruby) heredoc.","body":"","date":"2010-07-01T21:28:59-07:00","commit":"20e89b7fec63b33d43a29e4cf0921da3c15cd83c","author":"Adam Vandenberg"},{"summary":"Don't depend on RDoc::Usage any more","body":"This was removed from Ruby 1.9 with no replacement. Since all it\ndoes is print out a nice usage message, and since this is being\nused internally by Textmate, AND since this code has not been touched\nin 5 years, I think it's perfectly valid to simple hard-wire the\n\"usage\" output and remove the dependency, so that you can reflow\ncomments when using Ruby 1.9.","date":"2011-07-17T14:09:13-03:00","commit":"286c8cfd0c4f29c227cc749963e6f70c590715b2","author":"Norman Clarke"},{"summary":"Don’t increase indent for ‘{}’.","body":"This construct generally should not appear in code, but temporarily appears when typing auto-paired braces. It’s basically a workaround for that.","date":"2011-01-30T13:17:46+01:00","commit":"421ef13a9135ee14f24b20ab11eaf104e7e826ae","author":"Allan Odgaard"},{"summary":"Fixed a problem with rubywrap wrapping separate blocks together","body":"If a long comment block had two paragraphs in it, like this\n\n% Lorem ipsum dolor sit amet, consectetur adipisicing elit, sed do eiusmod\n% Lorem ipsum dolor sit amet, consectetur adipisicing elit, sed do eiusmod\n%\n% Lorem ipsum dolor sit amet, consectetur adipisicing elit, sed do eiusmod\n% Lorem ipsum dolor sit amet, consectetur adipisicing elit, sed do eiusmod\n\nrubywrap would incorrectly wrap it all together into one paragraph, like this\n\n% Lorem ipsum dolor sit amet, consectetur adipisicing elit, sed do eiusmod Lorem\n% ipsum dolor sit amet, consectetur adipisicing elit, sed do eiusmod Lorem ipsum\n% dolor sit amet, consectetur adipisicing elit, sed do eiusmod Lorem ipsum dolor\n% sit amet, consectetur adipisicing elit, sed do eiusmod\n\nNow, it keeps the paragraphs separate, like this\n\n% Lorem ipsum dolor sit amet, consectetur adipisicing elit, sed do eiusmod Lorem\n% ipsum dolor sit amet, consectetur adipisicing elit, sed do eiusmod\n%\n% Lorem ipsum dolor sit amet, consectetur adipisicing elit, sed do eiusmod Lorem\n% ipsum dolor sit amet, consectetur adipisicing elit, sed do eiusmod\n\nThis happened because the code to loop through lines until reaching the end of a block was comparing the length of a line to the preindent plus postindent plus length of the comment prefix. In the example above, when rubywrap examines the empty comment line, the preindent is zero, post indent is zero, and length of the comment prefix is two ('% '). The length of the entire line is *three*, because the newline character at the end also counts; since the length of the line is greater than the sum, rubywrap thinks this line belongs to the same block. Instead, we now compare the sum to the length of the line minus 1.\n\nIn the unusual case that an empty comment line appears at the end of the file with no newline character at the end, this line will also be split into its own block, since its length is one less than expected.","date":"2010-09-23T13:19:17-05:00","commit":"382ac92f39fc78b109e065f0274d5a4d86af26a7","author":"Daniel Grady"},{"summary":"Reformat Comment (by way of rubywrap.rb) no longer adds extra whitespace","body":"Previously, using Reformat Comment on a block that looked like\n\n// lorem ...\n//\n// lorem ...\n\nwould add an extra space at the end of the second line every time you ran the command. This was due to the @@re_comment regular expression matching the newline character at the end of the second line and thereby setting the post_indent variable incorrectly. The regexp now only matches trailing spaces after the comment prefix. (Matching tabs is unnecessary because the text is detabified.)","date":"2010-09-08T10:55:23-05:00","commit":"9e0f722c17a816623c732afdce3db717be750d0c","author":"Daniel Grady"},{"summary":"Reformat Comment respects the user-set wrap column","body":"","date":"2010-09-08T10:52:13-05:00","commit":"c879ffca621b7aaa34996ceccf88c11bcaca3e2f","author":"Daniel Grady"},{"summary":"Extend scope of “Toggle Single/Double String Quotes” to ‘string.regexp.{single,double}-quoted’.","body":"git-svn-id: http://svn.textmate.org/trunk/Bundles/Source.tmbundle@11952 dfb7d73b-c2ec-0310-8fea-fb051d288c6d","date":"2010-10-03T08:03:48+00:00","commit":"aca8be3f6cd5f544fe1852f3f599bc90db2fd7c4","author":"Allan Odgaard"},{"summary":"Removed a duplicate entry for \"percentage\" which caused two new comment lines to be inserted instead of one.","body":"git-svn-id: http://svn.textmate.org/trunk/Bundles/Source.tmbundle@10637 dfb7d73b-c2ec-0310-8fea-fb051d288c6d","date":"2008-09-25T12:51:00+00:00","commit":"8f88af536bfa772dcd1dd908c8957df79c3a4420","author":"Jeroen van der Ham"},{"summary":"Add support for additional punctuation characters. (semicolon, apostrophe, backtick, at-sign, double-backslash, double-dot, double-number-sign, exclamation, percentage, and slash)","body":"git-svn-id: http://svn.textmate.org/trunk/Bundles/Source.tmbundle@10510 dfb7d73b-c2ec-0310-8fea-fb051d288c6d","date":"2008-09-02T04:12:53+00:00","commit":"ad42dc1b2e63093dafd0025863149a783b0d7669","author":"Michael Sheets"},{"summary":"A Ruby 1.9 support patch from Charles Turner.","body":"git-svn-id: http://svn.textmate.org/trunk/Bundles/Source.tmbundle@10503 dfb7d73b-c2ec-0310-8fea-fb051d288c6d","date":"2008-08-29T16:09:43+00:00","commit":"7631292812415a3f1784f3a052de8a649c3147d1","author":"James Edward Gray II"},{"summary":"• when used with a multi-line selection, add newlines around the inserted markers","body":"git-svn-id: http://svn.textmate.org/trunk/Bundles/Source.tmbundle@9779 dfb7d73b-c2ec-0310-8fea-fb051d288c6d","date":"2008-05-29T11:58:32+00:00","commit":"8c844ac719977cd3f0d928bbdc45a0733140ba5d","author":"Allan Odgaard"},{"summary":"Patch from Doug Tolton adding PascalCase, name changed to match.","body":"Now exits if there is no word to convert.\n\n\ngit-svn-id: http://svn.textmate.org/trunk/Bundles/Source.tmbundle@9669 dfb7d73b-c2ec-0310-8fea-fb051d288c6d","date":"2008-05-24T01:10:30+00:00","commit":"bb7cf57ad5563ff6c6e45d16a3286d61c28501fb","author":"Michael Sheets"},{"summary":"Trying a fix for wrapping long content containing no spaces.","body":"git-svn-id: http://svn.textmate.org/trunk/Bundles/Source.tmbundle@9209 dfb7d73b-c2ec-0310-8fea-fb051d288c6d","date":"2008-03-25T21:45:45+00:00","commit":"e4c8e9cc174298359ac81663e255fa29783ff9e2","author":"James Edward Gray II"},{"summary":"add some prefs to fsharp","body":"git-svn-id: http://svn.textmate.org/trunk/Bundles/Source.tmbundle@9086 dfb7d73b-c2ec-0310-8fea-fb051d288c6d","date":"2008-03-10T21:07:20+00:00","commit":"707ab2065b9f80c3e46818d350dd8e3121696c35","author":"David Powers"},{"summary":"Exclude most all operators from being aligned. Thanks to robc.","body":"git-svn-id: http://svn.textmate.org/trunk/Bundles/Source.tmbundle@8856 dfb7d73b-c2ec-0310-8fea-fb051d288c6d","date":"2008-02-11T11:53:36+00:00","commit":"a4ee01a22eba4383a525ec44800b0d25755aee34","author":"Michael Sheets"},{"summary":"• update my email address (from a throw-away address to something a little more permanent)","body":"git-svn-id: http://svn.textmate.org/trunk/Bundles/Source.tmbundle@8398 dfb7d73b-c2ec-0310-8fea-fb051d288c6d","date":"2007-11-04T00:58:40+00:00","commit":"dbcc748152a2ac884b0d29f738c14c15da28b6b3","author":"Allan Odgaard"},{"summary":"• update other uses of niutil/dscl to TM_FULLNAME","body":"git-svn-id: http://svn.textmate.org/trunk/Bundles/Source.tmbundle@8309 dfb7d73b-c2ec-0310-8fea-fb051d288c6d","date":"2007-10-19T12:59:42+00:00","commit":"1cd6ad5e9ac48bf776a1d5a0d1b3360338b31118","author":"Allan Odgaard"},{"summary":"Improving our support for line comments that look like block comments.","body":"git-svn-id: http://svn.textmate.org/trunk/Bundles/Source.tmbundle@7425 dfb7d73b-c2ec-0310-8fea-fb051d288c6d","date":"2007-06-01T16:15:10+00:00","commit":"0cdbf6efefe0163d98d6a325f87ae201be7cf638","author":"James Edward Gray II"},{"summary":"• take measures to avoid miscellaneous Ruby warnings (when having RUBYOPT set to -w) — patch from Simon Ruderich","body":"git-svn-id: http://svn.textmate.org/trunk/Bundles/Source.tmbundle@7220 dfb7d73b-c2ec-0310-8fea-fb051d288c6d","date":"2007-05-11T12:35:40+00:00","commit":"9c45da46bd8514c7d93f9faf281fd7d20bc0831e","author":"Allan Odgaard"},{"summary":"add comments preferences for Erlang and some comment documentation to the Source/Toggle Comment command","body":"git-svn-id: http://svn.textmate.org/trunk/Bundles/Source.tmbundle@7152 dfb7d73b-c2ec-0310-8fea-fb051d288c6d","date":"2007-05-06T19:10:26+00:00","commit":"5b5b64951f6d3c9f7c0e7888744a5e301d10a18d","author":"David Powers"},{"summary":"Fixing this command to only move the caret when to the right of the comment character as reported by allan.  This command deals with a scary amount of edge cases now and I still get regular reports.  I probably need to rewrite it now taking advantage of all that I have learned...","body":"git-svn-id: http://svn.textmate.org/trunk/Bundles/Source.tmbundle@7015 dfb7d73b-c2ec-0310-8fea-fb051d288c6d","date":"2007-04-19T20:05:12+00:00","commit":"2ebc08334c4dcd13373d835ed6378b6abda34604","author":"James Edward Gray II"},{"summary":"• this command will wrap the selection in block comment characters found in the current environment, i.e. make “foo” into “/*foo*/” for most languages, or, when there is no selection, insert the start/stop markers with an empty indented line in between (where caret is placed)","body":"git-svn-id: http://svn.textmate.org/trunk/Bundles/Source.tmbundle@6973 dfb7d73b-c2ec-0310-8fea-fb051d288c6d","date":"2007-04-10T19:54:55+00:00","commit":"25ecb40d897c6e05a3c331fae91474e2ea77372e","author":"Allan Odgaard"},{"summary":"Fixing another block comment bug found by jidar.  The caret will now be placed correctly when a block comment is inserted on an empty line.","body":"git-svn-id: http://svn.textmate.org/trunk/Bundles/Source.tmbundle@6909 dfb7d73b-c2ec-0310-8fea-fb051d288c6d","date":"2007-03-28T14:34:50+00:00","commit":"0e80a3c112f4fe0fee80cfe88c74f3c0991e836d","author":"James Edward Gray II"},{"summary":"Extending yesterday's fix for this command to cover block comments as well.","body":"git-svn-id: http://svn.textmate.org/trunk/Bundles/Source.tmbundle@6808 dfb7d73b-c2ec-0310-8fea-fb051d288c6d","date":"2007-03-15T15:30:06+00:00","commit":"eec2f9e8f07da744bfb69f20df3b55cdd8aa6df4","author":"James Edward Gray II"},{"summary":"Fixing a bug that prevented commenting out lines that contain whitespace only.  Also enhancing caret placement logic, to maintain caret position in whitespace only lines, as suggested by jidar.","body":"git-svn-id: http://svn.textmate.org/trunk/Bundles/Source.tmbundle@6797 dfb7d73b-c2ec-0310-8fea-fb051d288c6d","date":"2007-03-14T02:02:42+00:00","commit":"0e20640dea5ae3d9ed1f0f7f49607ec31ada6f0f","author":"James Edward Gray II"},{"summary":"Add the following keys to the bundle’s info.plist:","body":"contactName:\n   The full name of the contact for this bundle.\ncontactEmailRot13:\n   A ROT13 encoded email address for the bundle contact (we obfuscate it to avoid spammers from picking up the files, seeing how bundles will often be available via anonymous svn over http).\ndescription:\n   A short description for this bundle. Do link to more info about the language (or whatever) the bundle is about. I decided on using HTML for this (but leave out the initial paragraph tag) since it seemed like overkill to run a single line of text through Markdown.pl, just to convert [foo](link) into &lt;a href=\"link\">foo&lt;/a>\n\nMany of the current descriptions could use some improvements, I just wanted to get the ball rolling :)\n\n\ngit-svn-id: http://svn.textmate.org/trunk/Bundles/Source.tmbundle@6718 dfb7d73b-c2ec-0310-8fea-fb051d288c6d","date":"2007-03-04T20:11:31+00:00","commit":"2e3a0da8bcd707c79f4551dee04b9111cad2b7ba","author":"Allan Odgaard"},{"summary":"Patch from Ciaran Walsh (conversion nabbed from Rails' inflector.rb):  • make URLString → url_string  • make $FooBar → $_foo_bar (when $ is a word character)  • change ‘CamelCase’ → ‘camelCase’ in title to reflect the operation of the command","body":"git-svn-id: http://svn.textmate.org/trunk/Bundles/Source.tmbundle@6652 dfb7d73b-c2ec-0310-8fea-fb051d288c6d","date":"2007-02-26T01:40:04+00:00","commit":"d70b6b7795e140e0a5432233cfe04576d3902228","author":"Allan Odgaard"},{"summary":"A patch from zubin to make Align Assignments work with => hash-style markers (by not adding a space after the = if a > follows).","body":"git-svn-id: http://svn.textmate.org/trunk/Bundles/Source.tmbundle@6618 dfb7d73b-c2ec-0310-8fea-fb051d288c6d","date":"2007-02-22T20:57:54+00:00","commit":"41451d15f1dd3cec18cc673d05add10010a3eeba","author":"James Edward Gray II"},{"summary":"A fix for the issue jidar reported today where triggering the comment command with the caret at the end of the line could cause the command to crash in some instances.","body":"git-svn-id: http://svn.textmate.org/trunk/Bundles/Source.tmbundle@6617 dfb7d73b-c2ec-0310-8fea-fb051d288c6d","date":"2007-02-22T19:18:06+00:00","commit":"e62d52262fa17a0605a4967420073e60b0e8165b","author":"James Edward Gray II"},{"summary":"A fix for the issue allan raised to me today where the comment command would not skip over an indent if the caret was at the beginning of a line.","body":"git-svn-id: http://svn.textmate.org/trunk/Bundles/Source.tmbundle@6612 dfb7d73b-c2ec-0310-8fea-fb051d288c6d","date":"2007-02-20T22:08:19+00:00","commit":"7a1e2038f6a5cff57a8bdc9473cc20373ead1e3b","author":"James Edward Gray II"},{"summary":"An attempt to maintain the caret position when commenting/uncommenting non-blank lines.","body":"git-svn-id: http://svn.textmate.org/trunk/Bundles/Source.tmbundle@6572 dfb7d73b-c2ec-0310-8fea-fb051d288c6d","date":"2007-02-12T19:48:02+00:00","commit":"12f3ed714ae2f610d7e5ae90e3bf93a14c20d7fe","author":"James Edward Gray II"},{"summary":"• Rolling back change to smart-typing pairs that I made yesterday.  People type contractions in double quoted strings, making it very annoying for ' to be a smart typing pair.","body":"git-svn-id: http://svn.textmate.org/trunk/Bundles/Source.tmbundle@6306 dfb7d73b-c2ec-0310-8fea-fb051d288c6d","date":"2006-12-07T14:56:29+00:00","commit":"af03d635bf8244610eb396710daa7d6455d4ce6f","author":"Alex Ross"},{"summary":"• Add the single quote character to smart-typing pairs inside of strings and comments, and extend scope of this preference to string.quoted.single.","body":"git-svn-id: http://svn.textmate.org/trunk/Bundles/Source.tmbundle@6304 dfb7d73b-c2ec-0310-8fea-fb051d288c6d","date":"2006-12-07T01:54:07+00:00","commit":"1fb986c7ce708ca9a3cf6a577c04f18c902ecbe7","author":"Alex Ross"},{"summary":"An attempt at the much-requested feature for moving the caret after the comment character when this command is triggered for blank lines.","body":"git-svn-id: http://svn.textmate.org/trunk/Bundles/Source.tmbundle@6268 dfb7d73b-c2ec-0310-8fea-fb051d288c6d","date":"2006-11-30T15:44:40+00:00","commit":"31bbfb8cd9f94ebab5a8b51a321b49cca75bae5c","author":"James Edward Gray II"},{"summary":"• Revert to USER. LOGNAME doesn't get propagated in subshells at least part of the time. This may depend on the shell version or other system-specific configuration.","body":"In multiplatform environments, people frequently seem to use LOGNAME || USER. I've chosen to revert to USER for clarity, but we (TM bundle collective) may prefer to go with LOGNAME || USER for paranoia's sake.\n\ngit-svn-id: http://svn.textmate.org/trunk/Bundles/Source.tmbundle@6227 dfb7d73b-c2ec-0310-8fea-fb051d288c6d","date":"2006-11-25T06:03:26+00:00","commit":"9f1144a85acedd0e1b67a164129071a96ee7dec2","author":"Chris Thomas"},{"summary":"• make scope selector strings - punctuation","body":"git-svn-id: http://svn.textmate.org/trunk/Bundles/Source.tmbundle@6173 dfb7d73b-c2ec-0310-8fea-fb051d288c6d","date":"2006-11-17T23:49:48+00:00","commit":"3b61782a0489b3c05ec954f5354bfe6f5d5d8798","author":"Allan Odgaard"},{"summary":"• set default values for TM_PROJECT_DIRECTORY and TM_COMMENT_START. The latter is missing e.g. in text files • use LOGNAME instead of USER, since the latter is deprecated, see environ(7) (not that it will ever go away, or we do not use it a ton of other places)","body":"git-svn-id: http://svn.textmate.org/trunk/Bundles/Source.tmbundle@6082 dfb7d73b-c2ec-0310-8fea-fb051d288c6d","date":"2006-11-12T10:54:36+00:00","commit":"60c045d3e583b39a0f090ac369d8a3fcac8d9b82","author":"Allan Odgaard"},{"summary":"Rewrite the 'insert comment header' snippet as a language-neutral command. • Support all languages • Support both line- and begin/end-style comments • Use dscl to find username, niutil is deprecated • File and project names are snippetized if they couldn't be filled in automagically • Fall back to username for copyright assignment if there is no TM_ORGANIZATION_NAME","body":"git-svn-id: http://svn.textmate.org/trunk/Bundles/Source.tmbundle@6061 dfb7d73b-c2ec-0310-8fea-fb051d288c6d","date":"2006-11-10T18:33:35+00:00","commit":"95985f09290d08f6cb7e846443c867dcfe59e63c","author":"Chris Thomas"},{"summary":"• add ‘curly single quotes’ as smart typing pairs for source.* and strings/comments in source.*","body":"git-svn-id: http://svn.textmate.org/trunk/Bundles/Source.tmbundle@5796 dfb7d73b-c2ec-0310-8fea-fb051d288c6d","date":"2006-10-31T03:33:28+00:00","commit":"7f1856ed78860983f1ce18f6bf974751cb4b6f28","author":"Allan Odgaard"},{"summary":"• do not save current file when invoked","body":"git-svn-id: http://svn.textmate.org/trunk/Bundles/Source.tmbundle@5649 dfb7d73b-c2ec-0310-8fea-fb051d288c6d","date":"2006-10-26T19:45:56+00:00","commit":"892abe1b1c8966b3b50d9c49f03c7ea108bfbba5","author":"Allan Odgaard"},{"summary":"• use <kbd class='keyEquivalent'>⌃:</kbd> for String/Symbol toggling and <kbd class='keyEquivalent'>⌃_</kbd> for CamelCase/underscore toggling","body":"git-svn-id: http://svn.textmate.org/trunk/Bundles/Source.tmbundle@5164 dfb7d73b-c2ec-0310-8fea-fb051d288c6d","date":"2006-09-11T23:13:11+00:00","commit":"0ec45a2be63282e51ffb2ed857d7152be93023d8","author":"Allan Odgaard"},{"summary":"• move rubywrap.rb to Source bundle • allow any character to be the first in the comment “token” since e.g. Fortran can use C to start comments (when at the beginning of the line)","body":"git-svn-id: http://svn.textmate.org/trunk/Bundles/Source.tmbundle@4909 dfb7d73b-c2ec-0310-8fea-fb051d288c6d","date":"2006-08-24T01:01:27+00:00","commit":"bb1d2a66e39298726e87c79745ebf507c3539c00","author":"Allan Odgaard"},{"summary":"Revision #542 of the Reformat Comment command supporting LaTeX comments and fixing environment variable check.  How did I get this job again?  ;)","body":"git-svn-id: http://svn.textmate.org/trunk/Bundles/Source.tmbundle@4906 dfb7d73b-c2ec-0310-8fea-fb051d288c6d","date":"2006-08-24T00:04:27+00:00","commit":"1ca1a3c98722976f66184085daab8ac1765b74c2","author":"James Edward Gray II"},{"summary":"Moving and cleaning up Reformat Comment.","body":"git-svn-id: http://svn.textmate.org/trunk/Bundles/Source.tmbundle@4905 dfb7d73b-c2ec-0310-8fea-fb051d288c6d","date":"2006-08-23T22:18:13+00:00","commit":"a42cfa6f344373d91e0e532a9e56a571f53b4b9f","author":"James Edward Gray II"},{"summary":"* made the toggle string commands work with ruby-1.8.5 without warnings (\":\" after \"when\" is deprecated, you should use \";\"), works also with the default 1.8.2, not tested with 1.6 but it should also work.","body":"* added .gemspec to the default file extensions for ruby\n\n\ngit-svn-id: http://svn.textmate.org/trunk/Bundles/Source.tmbundle@4821 dfb7d73b-c2ec-0310-8fea-fb051d288c6d","date":"2006-08-17T00:05:16+00:00","commit":"1c65f7359a7a120cf6949b2b595dc0d42c7639b6","author":"Torsten Becker"},{"summary":"(Part of the global rename of entity.name.class to entity.name.type)","body":"Change the global symbol list preference to use entity.name.type\n\n\ngit-svn-id: http://svn.textmate.org/trunk/Bundles/Source.tmbundle@4758 dfb7d73b-c2ec-0310-8fea-fb051d288c6d","date":"2006-08-15T08:43:31+00:00","commit":"c629abe67d1ba088fb340ef839cc58b2e1dcee4a","author":"Michael Sheets"},{"summary":"• add a mapping for asterisk to * (Fortran uses that)","body":"git-svn-id: http://svn.textmate.org/trunk/Bundles/Source.tmbundle@4727 dfb7d73b-c2ec-0310-8fea-fb051d288c6d","date":"2006-08-13T22:38:49+00:00","commit":"84b77df95c8dc5fc3e2b729041571b557f9c2a42","author":"Allan Odgaard"},{"summary":"• also expect tabs to be found around the equal character","body":"git-svn-id: http://svn.textmate.org/trunk/Bundles/Source.tmbundle@4058 dfb7d73b-c2ec-0310-8fea-fb051d288c6d","date":"2006-07-07T14:19:16+00:00","commit":"70e6eb9e76ad86d278f4fed684a061a2f3d64f14","author":"Allan Odgaard"},{"summary":"• add the Align Assignments command by Chris Poirier. I gave it key equivalent <kbd class='keyEquivalent'>⌥⌘]</kbd> which is analogous with <kbd class='keyEquivalent'>⌥⌘[</kbd> for Indent Line/Selection — though that key combination sucks for most European users.","body":"git-svn-id: http://svn.textmate.org/trunk/Bundles/Source.tmbundle@4031 dfb7d73b-c2ec-0310-8fea-fb051d288c6d","date":"2006-07-06T16:28:20+00:00","commit":"83cf4929e6b20c992c26500c631c4c87a152771e","author":"Allan Odgaard"},{"summary":"• the CTags bundle should supersede this","body":"git-svn-id: http://svn.textmate.org/trunk/Bundles/Source.tmbundle@3981 dfb7d73b-c2ec-0310-8fea-fb051d288c6d","date":"2006-07-03T06:31:16+00:00","commit":"73861e9a5d6afc34a5e838b8b144ef3cc64e52a8","author":"Allan Odgaard"},{"summary":"• correctly handle empty lines in line mode when both a start and end marker is set (previously would insert end marker after the newline character)","body":"git-svn-id: http://svn.textmate.org/trunk/Bundles/Source.tmbundle@3824 dfb7d73b-c2ec-0310-8fea-fb051d288c6d","date":"2006-06-26T18:24:26+00:00","commit":"5eb0630a3794b7cc349d8233e6728c169e441f54","author":"Allan Odgaard"},{"summary":"Limit to 'source' scope","body":"git-svn-id: http://svn.textmate.org/trunk/Bundles/Source.tmbundle@3728 dfb7d73b-c2ec-0310-8fea-fb051d288c6d","date":"2006-06-19T04:14:31+00:00","commit":"09a35db75bb186cf266a69017898fde5577e6286","author":"Chris Thomas"},{"summary":"• Add command to toggle the current word between CamelCase and underscore_delimited naming conventions. Currently assigned to control-shift-S, probably want to change that, maybe none by default? • Add whitespace surrounding slash to \"Single / Double\" for consistency -- Ruby has \"Toggle String / Symbol\", might as well use that as the other.","body":"git-svn-id: http://svn.textmate.org/trunk/Bundles/Source.tmbundle@3727 dfb7d73b-c2ec-0310-8fea-fb051d288c6d","date":"2006-06-19T03:58:36+00:00","commit":"88991dde69e4b28654a1113ee978332d5f43c33f","author":"Chris Thomas"},{"summary":"Have opt-cmd-enter insert a line above in HTML rather than jump to end of line and add a period","body":"git-svn-id: http://svn.textmate.org/trunk/Bundles/Source.tmbundle@3665 dfb7d73b-c2ec-0310-8fea-fb051d288c6d","date":"2006-06-14T15:47:58+00:00","commit":"41e9efd32f0ba95ec2d7bf97ad7abe0512b78785","author":"David Powers"},{"summary":"• remove mention of tab trigger from the name","body":"git-svn-id: http://svn.textmate.org/trunk/Bundles/Source.tmbundle@3648 dfb7d73b-c2ec-0310-8fea-fb051d288c6d","date":"2006-06-14T02:52:10+00:00","commit":"19fedbbdfb6f18cf4385b9a842f0adae4604388e","author":"Allan Odgaard"},{"summary":"Trying a work around for the missing all?() iterator in Ruby 1.6.","body":"git-svn-id: http://svn.textmate.org/trunk/Bundles/Source.tmbundle@3393 dfb7d73b-c2ec-0310-8fea-fb051d288c6d","date":"2006-05-23T17:24:58+00:00","commit":"ad26aa31c23ab9e2d54e4fab8b92126fca2b9de9","author":"James Edward Gray II"},{"summary":"• added menu structure and renamed a few items to better fit with this new presentation","body":"git-svn-id: http://svn.textmate.org/trunk/Bundles/Source.tmbundle@3383 dfb7d73b-c2ec-0310-8fea-fb051d288c6d","date":"2006-05-21T11:06:01+00:00","commit":"f893e643cefb58defddaa5b6f14f98d05cdcedfc","author":"Allan Odgaard"},{"summary":"• remove these, as Brad Choate’s command to generate HTML + CSS from a TM theme will take its place","body":"git-svn-id: http://svn.textmate.org/trunk/Bundles/Source.tmbundle@3382 dfb7d73b-c2ec-0310-8fea-fb051d288c6d","date":"2006-05-21T11:04:22+00:00","commit":"5da17f10c7863d35f926a9010500a8540de8d140","author":"Allan Odgaard"},{"summary":"Allan won't rest until TextMate is a single line of shell code","body":"git-svn-id: http://svn.textmate.org/trunk/Bundles/Source.tmbundle@3304 dfb7d73b-c2ec-0310-8fea-fb051d288c6d","date":"2006-05-11T21:38:07+00:00","commit":"5980b3d76692cf201b624e6f1ffef9400114d82b","author":"David Powers"},{"summary":"Make move to EOL obey TM_LINE_TERMINATOR env var","body":"git-svn-id: http://svn.textmate.org/trunk/Bundles/Source.tmbundle@3303 dfb7d73b-c2ec-0310-8fea-fb051d288c6d","date":"2006-05-11T20:00:22+00:00","commit":"276768f00886141f8c9d0d808aa05861046eb2cf","author":"David Powers"},{"summary":"remove old versions of \";\" EOL insertion","body":"git-svn-id: http://svn.textmate.org/trunk/Bundles/Source.tmbundle@3302 dfb7d73b-c2ec-0310-8fea-fb051d288c6d","date":"2006-05-11T19:52:28+00:00","commit":"4d7782f9a7709e95cbd8dd4b523b03c790c276df","author":"David Powers"},{"summary":"Improved move EOL and add ; commands (won't add ; if it is already there, strips trailing whitespace)","body":"git-svn-id: http://svn.textmate.org/trunk/Bundles/Source.tmbundle@3301 dfb7d73b-c2ec-0310-8fea-fb051d288c6d","date":"2006-05-11T19:43:56+00:00","commit":"6fc632939c5841134e49332ba08ff80bf0741b1f","author":"David Powers"},{"summary":"Trying a workaround for the Ruby 1.6.8 bug reported on the mailing list.","body":"git-svn-id: http://svn.textmate.org/trunk/Bundles/Source.tmbundle@3229 dfb7d73b-c2ec-0310-8fea-fb051d288c6d","date":"2006-05-05T19:07:14+00:00","commit":"595a5beaa56c9a192f48cba8323bd741169d0fe9","author":"James Edward Gray II"},{"summary":"Fixing a bug in Toggle Comment where it didn't properly handle blank unindented lines.","body":"git-svn-id: http://svn.textmate.org/trunk/Bundles/Source.tmbundle@3142 dfb7d73b-c2ec-0310-8fea-fb051d288c6d","date":"2006-04-27T19:17:56+00:00","commit":"a9b64c2c4274d01f256c776baaf8e35381f31296","author":"James Edward Gray II"},{"summary":"• when a TM_COMMENT_STOP character is given, the default value of TM_COMMENT_MODE is block (instead of line) • strip all comment preferences to minimal number of variables (by relying on the smart default values)","body":"git-svn-id: http://svn.textmate.org/trunk/Bundles/Source.tmbundle@3044 dfb7d73b-c2ec-0310-8fea-fb051d288c6d","date":"2006-04-15T13:46:06+00:00","commit":"c7bb7166806c13c175b3edf75d54987c8301a03e","author":"Allan Odgaard"},{"summary":"Improve Move to BOL and Insert LF Macro (handles auto indent properly now)","body":"git-svn-id: http://svn.textmate.org/trunk/Bundles/Source.tmbundle@3028 dfb7d73b-c2ec-0310-8fea-fb051d288c6d","date":"2006-04-13T12:53:59+00:00","commit":"bd18411c84115816b76fa2b1dc47f678bbedf2bd","author":"David Powers"},{"summary":"Update plist for Source (bad previous commit of Move to BOL macro)","body":"git-svn-id: http://svn.textmate.org/trunk/Bundles/Source.tmbundle@3027 dfb7d73b-c2ec-0310-8fea-fb051d288c6d","date":"2006-04-13T12:50:47+00:00","commit":"40302d877669016da18d87604c364250fbfc2253","author":"David Powers"},{"summary":"Make cmd-opt-return do something more useful in languages without ; line termination","body":"git-svn-id: http://svn.textmate.org/trunk/Bundles/Source.tmbundle@3025 dfb7d73b-c2ec-0310-8fea-fb051d288c6d","date":"2006-04-13T12:48:58+00:00","commit":"a0f2adfed42ae7ea33453fcc1dc4721b19f05e6c","author":"David Powers"},{"summary":"• convert current string from either double or single quotes to the opposite, key equivalent is ctrl-\"","body":"git-svn-id: http://svn.textmate.org/trunk/Bundles/Source.tmbundle@3003 dfb7d73b-c2ec-0310-8fea-fb051d288c6d","date":"2006-04-11T23:00:30+00:00","commit":"545b34ff80476f4b40ace8a254414fc926cb7475","author":"Allan Odgaard"},{"summary":"• made comments its own entry (instead of part of the miscellaneous) • added additional comment variants for the languages which have them (that I am aware of, and have the bundle enabled)","body":"git-svn-id: http://svn.textmate.org/trunk/Bundles/Source.tmbundle@2973 dfb7d73b-c2ec-0310-8fea-fb051d288c6d","date":"2006-04-09T03:04:28+00:00","commit":"f305ece9ff18d6753746335387166bfdec36fb22","author":"Allan Odgaard"},{"summary":"• make the leading space of comment markers optional while removing • fix potential nil inserted when block commenting lines • use same indent level when inserting line comments • ensure that a single empty line do not count as having successfully removed line comments from the text • do not insert extra newline for block comments","body":"git-svn-id: http://svn.textmate.org/trunk/Bundles/Source.tmbundle@2965 dfb7d73b-c2ec-0310-8fea-fb051d288c6d","date":"2006-04-07T00:05:16+00:00","commit":"fb1589fa2e37b29fe9ec4c63d232ae70d18babd1","author":"Allan Odgaard"},{"summary":"Rewritten Toggle Comment script by James Edward Gray II.","body":" • allow multiple comment variants to be set for a language. Use the normal environment variables with _n suffixes (with n >= 2). See e.g. PHP / Comments for an example.\n • indent comment characters by default, but can be disabled using TM_COMMENT_DISABLE_INDENT (per variant)\n • can remove comments even when the start-marker has trailing space, but there is none in the source\n • will only remove line-comments if all selected lines are commented (otherwise it will add a level)\n\n\n\ngit-svn-id: http://svn.textmate.org/trunk/Bundles/Source.tmbundle@2964 dfb7d73b-c2ec-0310-8fea-fb051d288c6d","date":"2006-04-06T22:34:57+00:00","commit":"789b36b67c22023bbaf982d41b0ae63c79a1ad38","author":"Allan Odgaard"},{"summary":"Updated to a universal binary.","body":"git-svn-id: http://svn.textmate.org/trunk/Bundles/Source.tmbundle@2915 dfb7d73b-c2ec-0310-8fea-fb051d288c6d","date":"2006-03-30T02:50:30+00:00","commit":"63b5feda6e44a63ecc76c2446baa59e23e5ffba9","author":"Matthew Gilbert"},{"summary":"• fix escaping of special characters in the comment start/stop string","body":"git-svn-id: http://svn.textmate.org/trunk/Bundles/Source.tmbundle@2863 dfb7d73b-c2ec-0310-8fea-fb051d288c6d","date":"2006-03-18T04:08:01+00:00","commit":"715bcdacfcf579b15a77b149daa05edd29d8f73b","author":"Allan Odgaard"},{"summary":"Improve the tabify command to use TM_TAB_SIZE instead of guessing based on the first spaces encountered if the file appears to be mixed tabs and spaces","body":"git-svn-id: http://svn.textmate.org/trunk/Bundles/Source.tmbundle@2835 dfb7d73b-c2ec-0310-8fea-fb051d288c6d","date":"2006-03-08T01:50:52+00:00","commit":"92f683f7df532288f20c7691b48aac4d4876e7bb","author":"David Powers"},{"summary":"• back to not having spell checking enabled for comments","body":"git-svn-id: http://svn.textmate.org/trunk/Bundles/Source.tmbundle@2747 dfb7d73b-c2ec-0310-8fea-fb051d288c6d","date":"2006-02-22T11:20:55+00:00","commit":"079b47ae4ab602caed4c6db2daa185d86c6f450a","author":"Allan Odgaard"},{"summary":"• remove numpad modifier key for the enter key equivalent that these bundle items use (so it work for laptop keyboards)","body":"git-svn-id: http://svn.textmate.org/trunk/Bundles/Source.tmbundle@2678 dfb7d73b-c2ec-0310-8fea-fb051d288c6d","date":"2006-02-07T01:11:49+00:00","commit":"e4936f973d9fbefaaba4087322d98a93675b5168","author":"Allan Odgaard"},{"summary":"Modified Lookup Definition to use CocoaDialog for input if no text is selected.","body":"git-svn-id: http://svn.textmate.org/trunk/Bundles/Source.tmbundle@2620 dfb7d73b-c2ec-0310-8fea-fb051d288c6d","date":"2006-01-30T00:19:46+00:00","commit":"aaaa2867c7f89ba5b6869099c672079dec381a94","author":"Matthew Gilbert"},{"summary":"• subtract “comment” from the “source” scope (so comments get spell checked)","body":"git-svn-id: http://svn.textmate.org/trunk/Bundles/Source.tmbundle@2597 dfb7d73b-c2ec-0310-8fea-fb051d288c6d","date":"2006-01-25T16:38:00+00:00","commit":"ea82967ad61708966e704217f1129d05d0f214b1","author":"Allan Odgaard"},{"summary":"Initial checkin of lookup definition support using ctags.","body":"git-svn-id: http://svn.textmate.org/trunk/Bundles/Source.tmbundle@2554 dfb7d73b-c2ec-0310-8fea-fb051d288c6d","date":"2006-01-08T18:59:31+00:00","commit":"6db7ad459fa847b45e04aadbcf4d58a96470aeb4","author":"Matthew Gilbert"},{"summary":"• change scope selector so that spell checking is only enabled in double-quoted strings — mainly because unquoted strings are things like here-docs and regexps, but probably I should have made it double + single quoted strings…","body":"git-svn-id: http://svn.textmate.org/trunk/Bundles/Source.tmbundle@2378 dfb7d73b-c2ec-0310-8fea-fb051d288c6d","date":"2005-12-03T03:56:07+00:00","commit":"fa7e03a61683e98d15246da14a4bdc390f93130e","author":"Allan Odgaard"},{"summary":"• fixed the lowercase I in Insert","body":"git-svn-id: http://svn.textmate.org/trunk/Bundles/Source.tmbundle@2321 dfb7d73b-c2ec-0310-8fea-fb051d288c6d","date":"2005-11-28T05:21:14+00:00","commit":"12a5ef87f9b0d4fce7618a63255b99948680c27c","author":"Allan Odgaard"},{"summary":"• this command uses enscript to produce a (pretty printed) PDF, which is shown via the HTML output (and can be printed)","body":"I don't expect this to take over native printing functionality, but I'm postponing the printing enhancements to post 1.1, and so I'm providing this command as an alternative for those who want highlighted printings. Works best with Schuberts PDF Browser plug-in.\n\n\ngit-svn-id: http://svn.textmate.org/trunk/Bundles/Source.tmbundle@2241 dfb7d73b-c2ec-0310-8fea-fb051d288c6d","date":"2005-11-23T04:27:37+00:00","commit":"4365a37e148a9253114b18ac279c11db6e037333","author":"Allan Odgaard"},{"summary":"• rename/re-order","body":"git-svn-id: http://svn.textmate.org/trunk/Bundles/Source.tmbundle@2226 dfb7d73b-c2ec-0310-8fea-fb051d288c6d","date":"2005-11-22T00:25:59+00:00","commit":"7215cd51b0b055ea67d0d65b39e816b91b227492","author":"Allan Odgaard"},{"summary":"• rename and reorder items","body":"git-svn-id: http://svn.textmate.org/trunk/Bundles/Source.tmbundle@2184 dfb7d73b-c2ec-0310-8fea-fb051d288c6d","date":"2005-11-18T03:30:16+00:00","commit":"65341b98860917bd451687b4c69704e4165387ca","author":"Allan Odgaard"},{"summary":"• move Xcode related stuff to own bundle","body":"git-svn-id: http://svn.textmate.org/trunk/Bundles/Source.tmbundle@2183 dfb7d73b-c2ec-0310-8fea-fb051d288c6d","date":"2005-11-18T03:22:07+00:00","commit":"e212416590f316cf5d5f0e617bcd96cfaafa65df","author":"Allan Odgaard"},{"summary":"• set some reasonable fallback units for these commands (for when there is no selection)","body":"git-svn-id: http://svn.textmate.org/trunk/Bundles/Source.tmbundle@2169 dfb7d73b-c2ec-0310-8fea-fb051d288c6d","date":"2005-11-17T04:17:47+00:00","commit":"d9a7adb09cd5194774fa92a868d002af9d3dee3a","author":"Allan Odgaard"},{"summary":"• close terminal window after a second (closing it immediately makes it show a warning sheet about the running process) -- I'm still not entirely happy with this (terminal) approach, since osascript is slow, and terminal cascades its windows, so having run the same executable 10 times, completely displaces the terminal window position (but that's a general problem with terminal -- I hate how each new terminal is basically in a new location on my 22\" screen)","body":"git-svn-id: http://svn.textmate.org/trunk/Bundles/Source.tmbundle@2156 dfb7d73b-c2ec-0310-8fea-fb051d288c6d","date":"2005-11-16T02:23:04+00:00","commit":"0542259ab1173a8920f5d8fb44d10a2b703d9b4d","author":"Allan Odgaard"},{"summary":"• entity.name.class is now always included in the symbol list • now there's proper regexp subst. to handle indent/pretty print of method declaration for Java, Python, and Ruby","body":"git-svn-id: http://svn.textmate.org/trunk/Bundles/Source.tmbundle@2135 dfb7d73b-c2ec-0310-8fea-fb051d288c6d","date":"2005-11-13T06:08:16+00:00","commit":"2d96567b82fa0cffd8ef1c5fc0713b2edfc48240","author":"Allan Odgaard"},{"summary":"• better error message (mentioning the command name)","body":"git-svn-id: http://svn.textmate.org/trunk/Bundles/Source.tmbundle@2102 dfb7d73b-c2ec-0310-8fea-fb051d288c6d","date":"2005-11-07T15:26:00+00:00","commit":"285709896ef1ad81ca9cced37ecb67a23f8c0af4","author":"Allan Odgaard"},{"summary":"• now aborts (with a tool tip) when there is no selection","body":"git-svn-id: http://svn.textmate.org/trunk/Bundles/Source.tmbundle@2101 dfb7d73b-c2ec-0310-8fea-fb051d288c6d","date":"2005-11-07T15:24:40+00:00","commit":"0011dde46d7abef027598b85b6df3f39f3cc39ef","author":"Allan Odgaard"},{"summary":"• cleanup snippet part of Source bundle","body":"git-svn-id: http://svn.textmate.org/trunk/Bundles/Source.tmbundle@2037 dfb7d73b-c2ec-0310-8fea-fb051d288c6d","date":"2005-10-28T20:16:26+00:00","commit":"93203a24ff2742336e484bcba1ff6e5a4da4e6dc","author":"Allan Odgaard"},{"summary":"• move to Source bundle (where I think they belong, and I want to remove the Defaults bundle)","body":"git-svn-id: http://svn.textmate.org/trunk/Bundles/Source.tmbundle@2036 dfb7d73b-c2ec-0310-8fea-fb051d288c6d","date":"2005-10-28T20:08:58+00:00","commit":"fbe0482ba757d88fbd28ee8d84b97d919251ff5c","author":"Allan Odgaard"},{"summary":"• add empty lines to the default ignore indent pattern (w/o this, pasting is pretty sucky)","body":"git-svn-id: http://svn.textmate.org/trunk/Bundles/Source.tmbundle@2024 dfb7d73b-c2ec-0310-8fea-fb051d288c6d","date":"2005-10-28T01:50:26+00:00","commit":"0d456ba04d6d5e443b8f7e96c80922132a616fb8","author":"Allan Odgaard"},{"summary":"• added decreaseIndentPattern to HTML • changed the source decrease indent ptrn to not require leading whitespace","body":"git-svn-id: http://svn.textmate.org/trunk/Bundles/Source.tmbundle@2019 dfb7d73b-c2ec-0310-8fea-fb051d288c6d","date":"2005-10-27T01:17:21+00:00","commit":"f7af971e743f29b1511cdcaeb6dc4bc4bf2cb63d","author":"Allan Odgaard"},{"summary":"• title case all this and make the macros more verbose in name","body":"git-svn-id: http://svn.textmate.org/trunk/Bundles/Source.tmbundle@2010 dfb7d73b-c2ec-0310-8fea-fb051d288c6d","date":"2005-10-26T02:04:08+00:00","commit":"22f661bab190f925d1985a3d9e29415de8817fc0","author":"Allan Odgaard"},{"summary":"• set svn:executable to ON","body":"git-svn-id: http://svn.textmate.org/trunk/Bundles/Source.tmbundle@2005 dfb7d73b-c2ec-0310-8fea-fb051d288c6d","date":"2005-10-24T23:08:16+00:00","commit":"b439fd251e1533e926cff8b325a159079bb8b83a","author":"Allan Odgaard"},{"summary":"Reindent, new features: • Ignore patterns to skip lines entirely, or skip indentation of them. • Next-line indent will now be cancelled if the next line matches the normal increase pattern. • A little code clean-up :-p.","body":"git-svn-id: http://svn.textmate.org/trunk/Bundles/Source.tmbundle@2002 dfb7d73b-c2ec-0310-8fea-fb051d288c6d","date":"2005-10-24T20:35:39+00:00","commit":"95a98f4eb4272aaeb620f0e298fed174e5721000","author":"Sune Foldager"},{"summary":"• add shebang • call lstrip after ensuring gets doesn't return nil • chmod a+x on file (not sure where svn stores this?)","body":"git-svn-id: http://svn.textmate.org/trunk/Bundles/Source.tmbundle@2001 dfb7d73b-c2ec-0310-8fea-fb051d288c6d","date":"2005-10-24T20:05:53+00:00","commit":"d24d28ff5d496c75052a4baae20031430309bf8c","author":"Allan Odgaard"},{"summary":"Noew left-trims input, as required. Revision 2000 :-).","body":"git-svn-id: http://svn.textmate.org/trunk/Bundles/Source.tmbundle@2000 dfb7d73b-c2ec-0310-8fea-fb051d288c6d","date":"2005-10-24T19:47:07+00:00","commit":"fde5cabea23b057563d2f36d17da786d18dff675","author":"Sune Foldager"},{"summary":"A re-indenter for various programming languages, using regex. First version.","body":"git-svn-id: http://svn.textmate.org/trunk/Bundles/Source.tmbundle@1999 dfb7d73b-c2ec-0310-8fea-fb051d288c6d","date":"2005-10-24T19:42:54+00:00","commit":"4d6ef4f9935413d3e7756c1b15e34c60dc779ec2","author":"Sune Foldager"},{"summary":"change key for Tabify (conflict) and save file before tabbing","body":"git-svn-id: http://svn.textmate.org/trunk/Bundles/Source.tmbundle@1936 dfb7d73b-c2ec-0310-8fea-fb051d288c6d","date":"2005-10-13T13:56:17+00:00","commit":"b9bd5d8e13fc4ee8f87e4d2aa3fabec6bcf94b1d","author":"David Powers"},{"summary":"Change hotkey for Tabify","body":"git-svn-id: http://svn.textmate.org/trunk/Bundles/Source.tmbundle@1927 dfb7d73b-c2ec-0310-8fea-fb051d288c6d","date":"2005-10-11T15:41:31+00:00","commit":"31464f2b4347bf7a82786306f405e94db647f221","author":"David Powers"},{"summary":"Move Tabify into source bundle and add heuristic *magic* to make it work with any number of spaces","body":"git-svn-id: http://svn.textmate.org/trunk/Bundles/Source.tmbundle@1922 dfb7d73b-c2ec-0310-8fea-fb051d288c6d","date":"2005-10-11T00:26:02+00:00","commit":"f3f739183f41b0474a82c8841d0849d3c40bf3e5","author":"David Powers"},{"summary":"• add STDOUT.flush in _end_tag -- should avoid stalling after printing a partial warning","body":"git-svn-id: http://svn.textmate.org/trunk/Bundles/Source.tmbundle@1817 dfb7d73b-c2ec-0310-8fea-fb051d288c6d","date":"2005-09-22T03:06:52+00:00","commit":"977a2f16f3247d3ea0865ed95abab1b77c2d7df9","author":"Allan Odgaard"},{"summary":"• return the project file with absolute path","body":"git-svn-id: http://svn.textmate.org/trunk/Bundles/Source.tmbundle@1796 dfb7d73b-c2ec-0310-8fea-fb051d288c6d","date":"2005-09-14T21:48:07+00:00","commit":"bbed9944c6cb33b173a2fbdb2480015f52c41e51","author":"Allan Odgaard"},{"summary":"Final part of migration to TM_BUNDLE_SUPPORT for this bundle.","body":"git-svn-id: http://svn.textmate.org/trunk/Bundles/Source.tmbundle@1741 dfb7d73b-c2ec-0310-8fea-fb051d288c6d","date":"2005-09-10T23:42:17+00:00","commit":"0ef683c6d6b8ae460a8488818acb6c8f62f4863a","author":"Allan Odgaard"},{"summary":"Part 2 of migration to TM_BUNDLE_SUPPORT for this bundle.","body":"git-svn-id: http://svn.textmate.org/trunk/Bundles/Source.tmbundle@1740 dfb7d73b-c2ec-0310-8fea-fb051d288c6d","date":"2005-09-10T23:40:12+00:00","commit":"26041bb868d157dbe73d9eb3776e25159f9958b6","author":"Allan Odgaard"},{"summary":"Part 1 of migration to TM_BUNDLE_SUPPORT for this bundle.","body":"git-svn-id: http://svn.textmate.org/trunk/Bundles/Source.tmbundle@1739 dfb7d73b-c2ec-0310-8fea-fb051d288c6d","date":"2005-09-10T23:39:11+00:00","commit":"0c2fadc6d51ba740b46d83567f49fd25a0ca5461","author":"Allan Odgaard"},{"summary":"This snippet has gone from somewhat transparent to probably rather cryptic, but now it a) doesn't insert space when comment characters already include them, and b) will only translate first line typed to top/bottom =-separators.","body":"Requires rev. 375 of TM.\n\n\ngit-svn-id: http://svn.textmate.org/trunk/Bundles/Source.tmbundle@1711 dfb7d73b-c2ec-0310-8fea-fb051d288c6d","date":"2005-09-07T16:26:35+00:00","commit":"f802b43ae3027136002846a206b0067e56439fd9","author":"Allan Odgaard"},{"summary":"A header to be used in sources (resemble the default header in Xcode's templates).","body":"Currently it precede lines with “//”, but probably should use TM_COMMENT_START, except that this may be a block comment start marker (probably these comment variables should be revised).\n\nThis snippet requires rev. 369 of TM because of variable regexp substitution.\n\n\n\ngit-svn-id: http://svn.textmate.org/trunk/Bundles/Source.tmbundle@1709 dfb7d73b-c2ec-0310-8fea-fb051d288c6d","date":"2005-09-07T15:58:34+00:00","commit":"1dba44942ac710c1df0df975720c6e58875f49b7","author":"Allan Odgaard"},{"summary":"• minor changes and commit of info.plist -- be wary of merge conflicts!","body":"git-svn-id: http://svn.textmate.org/trunk/Bundles/Source.tmbundle@1663 dfb7d73b-c2ec-0310-8fea-fb051d288c6d","date":"2005-09-01T21:32:12+00:00","commit":"462895ba8945e45a2c65ed53288dc056dd8bcb0e","author":"Allan Odgaard"},{"summary":"• banner is now spelled correct","body":"git-svn-id: http://svn.textmate.org/trunk/Bundles/Source.tmbundle@1657 dfb7d73b-c2ec-0310-8fea-fb051d288c6d","date":"2005-09-01T16:23:38+00:00","commit":"f2792638e277295f78fa2f80fafed294cbbe97c6","author":"Allan Odgaard"},{"summary":"• now that it's general... :)","body":"git-svn-id: http://svn.textmate.org/trunk/Bundles/Source.tmbundle@1655 dfb7d73b-c2ec-0310-8fea-fb051d288c6d","date":"2005-09-01T16:06:42+00:00","commit":"16578707644e1b3117e29a331f548d9fd9acad7d","author":"Allan Odgaard"},{"summary":"• added missing characters to shell_escape ((){}) • the shell command/script started by AS is now escaped as an AS string, and not as a shell command (which makes that half-hearted attempt of gsub'ing the result afterwards unnecessary :) )","body":"git-svn-id: http://svn.textmate.org/trunk/Bundles/Source.tmbundle@1640 dfb7d73b-c2ec-0310-8fea-fb051d288c6d","date":"2005-09-01T13:47:47+00:00","commit":"abe57c41f4d9d360549dbd8e2b42b51d5a11a280","author":"Allan Odgaard"},{"summary":"Added \"source.logtalk\" to \"scope\" key.","body":"git-svn-id: http://svn.textmate.org/trunk/Bundles/Source.tmbundle@1578 dfb7d73b-c2ec-0310-8fea-fb051d288c6d","date":"2005-08-18T09:10:28+00:00","commit":"517a6eeef6558106c0e175b0df3959e7bb45cd64","author":"Paulo Jorge Lopes de Moura"},{"summary":"• updated scope for all this to spell out the four variants (c, c++, obj-c, and obj-c++) since 1.1b17 no longer settle for prefix-matching","body":"git-svn-id: http://svn.textmate.org/trunk/Bundles/Source.tmbundle@1576 dfb7d73b-c2ec-0310-8fea-fb051d288c6d","date":"2005-08-18T07:00:53+00:00","commit":"bb1a690ba6f1023ba32d46edf04ceac2e230d3e3","author":"Allan Odgaard"},{"summary":"• fixed regexp to not capture source|text","body":"git-svn-id: http://svn.textmate.org/trunk/Bundles/Source.tmbundle@1539 dfb7d73b-c2ec-0310-8fea-fb051d288c6d","date":"2005-08-13T12:14:21+00:00","commit":"0b1eaf960639c66f34c2c36cfbbfb9030a3af21c","author":"Allan Odgaard"},{"summary":"• should also work with latex if you have latest source-highlight (untested)","body":"git-svn-id: http://svn.textmate.org/trunk/Bundles/Source.tmbundle@1527 dfb7d73b-c2ec-0310-8fea-fb051d288c6d","date":"2005-08-12T21:17:46+00:00","commit":"91e85b9c8f0600ba6af3f1ef448e66f177b9586b","author":"Allan Odgaard"},{"summary":"Change scope on xcode build to restrict it to c and objc.  This keeps it from conflicting with embedded source in LaTeX files.","body":"git-svn-id: http://svn.textmate.org/trunk/Bundles/Source.tmbundle@1500 dfb7d73b-c2ec-0310-8fea-fb051d288c6d","date":"2005-08-10T19:08:38+00:00","commit":"61690397d6cfec73adaa1fd81242d4b21cdb8075","author":"Brad Miller"},{"summary":"• removed (misleading) Ruby 1.6 comment","body":"git-svn-id: http://svn.textmate.org/trunk/Bundles/Source.tmbundle@1480 dfb7d73b-c2ec-0310-8fea-fb051d288c6d","date":"2005-08-09T13:47:01+00:00","commit":"83fe9012646d810b88022175dc547d4d603fdb01","author":"Allan Odgaard"},{"summary":"Applied patch [1] from Mark Rowe.","body":"• add support for paths with spaces (previously may only have shown as a problem for relative projects)\n• filter out non-tool and application targets (when running)\n• set DYLD_FRAMEWORK_PATH and DYLD_LIBRARY_PATH to get target to find frameworks in build directory\n• use Terminal to run the target\n\nThe Run command may require Ruby 1.8 (it uses reject). Should probably be changed. Also the use of osascript causes launching to be a little bit slow, so it'd be best to only use Terminal for tool targets.\n\n[1] http://rafb.net/paste/results/SY6xS171.html\n\n\n\ngit-svn-id: http://svn.textmate.org/trunk/Bundles/Source.tmbundle@1477 dfb7d73b-c2ec-0310-8fea-fb051d288c6d","date":"2005-08-09T09:21:04+00:00","commit":"a3095a007017ab2ca164ba59483e977ba8e63f5b","author":"Allan Odgaard"},{"summary":"• attempt of making a little bit more readable (also added comment about what it does)","body":"git-svn-id: http://svn.textmate.org/trunk/Bundles/Source.tmbundle@1473 dfb7d73b-c2ec-0310-8fea-fb051d288c6d","date":"2005-08-08T14:01:54+00:00","commit":"f58895567e9ad56bebf454daf6a520ee62542e15","author":"Allan Odgaard"},{"summary":"• use current tab size (instead of hardcoded 3) • use TM_SRC_HIGHLIGHT (if set) as command • simplified language extraction (from $TM_SCOPE)","body":"git-svn-id: http://svn.textmate.org/trunk/Bundles/Source.tmbundle@1459 dfb7d73b-c2ec-0310-8fea-fb051d288c6d","date":"2005-08-07T19:38:36+00:00","commit":"23b400f3b7cdd6c1d3ff16dcfc92f1b649ce9c49","author":"Allan Odgaard"},{"summary":"• send stderr to /dev/null for \"xcodebuild -version\"","body":"git-svn-id: http://svn.textmate.org/trunk/Bundles/Source.tmbundle@1447 dfb7d73b-c2ec-0310-8fea-fb051d288c6d","date":"2005-08-06T08:23:35+00:00","commit":"f5b5ce5babf6dd16f5b56aa48dd205ee1a32c344","author":"Allan Odgaard"},{"summary":"• apply the patch from Chris to make it work with xcodebuild 1.5","body":"git-svn-id: http://svn.textmate.org/trunk/Bundles/Source.tmbundle@1446 dfb7d73b-c2ec-0310-8fea-fb051d288c6d","date":"2005-08-06T08:20:08+00:00","commit":"e8e2634ef62ad3173ccdd4c864bf7dc9bdb69df8","author":"Allan Odgaard"},{"summary":"• changes directory to that of the project file -- most likely this already is the current directoy though","body":"git-svn-id: http://svn.textmate.org/trunk/Bundles/Source.tmbundle@1445 dfb7d73b-c2ec-0310-8fea-fb051d288c6d","date":"2005-08-06T02:16:53+00:00","commit":"6ad54cb4000e4424944458db06ccf333dd980730","author":"Allan Odgaard"},{"summary":"• updated command to Xcode 2.0","body":"It no longer works with 1.5 since xcodebuild (accompanying 2.0) will place the built application in a Development sub-folder for pre-2.0 projects, so a missing “active configuration” setting can't be used to indicate 1.5. We could query the version of xcodebuild, except that '-version' seems to be something which wasn't added until Xcode 2.0.\n\n\ngit-svn-id: http://svn.textmate.org/trunk/Bundles/Source.tmbundle@1444 dfb7d73b-c2ec-0310-8fea-fb051d288c6d","date":"2005-08-06T02:07:49+00:00","commit":"44d71a0dcd7bb9b73a178ffc4e3702a8ac52450c","author":"Allan Odgaard"},{"summary":"• set scope to source.objc so that cmd-R doesn't do “Run” while inside javascript or CSS on a web-page","body":"The command still hasn't been updated to Xcode 2.0\n\n\ngit-svn-id: http://svn.textmate.org/trunk/Bundles/Source.tmbundle@1436 dfb7d73b-c2ec-0310-8fea-fb051d288c6d","date":"2005-08-05T20:45:16+00:00","commit":"3ec37d8ce9602f00772cc9bfd08387e3c5800532","author":"Allan Odgaard"},{"summary":"• set autoScrollOutput to true since the default is no longer for the HTML output to scroll when new output arrives","body":"git-svn-id: http://svn.textmate.org/trunk/Bundles/Source.tmbundle@1414 dfb7d73b-c2ec-0310-8fea-fb051d288c6d","date":"2005-08-03T11:08:45+00:00","commit":"6c05c2cb788f57fd8e51935f4cb918416d19997a","author":"Allan Odgaard"},{"summary":"• removed soft wrap setting for text and source.","body":"I'm re-introducing the file-type based memory for this in 1.1b16 (though it'll still be possible to do overrides using preferences in the bundle editor).\n\n\ngit-svn-id: http://svn.textmate.org/trunk/Bundles/Source.tmbundle@1379 dfb7d73b-c2ec-0310-8fea-fb051d288c6d","date":"2005-07-25T04:03:22+00:00","commit":"8e3f93b64e6d7a9b694308dcf1fa6222cf55c05b","author":"Allan Odgaard"},{"summary":"• added “meta.toc-list” to the scope.","body":"git-svn-id: http://svn.textmate.org/trunk/Bundles/Source.tmbundle@1371 dfb7d73b-c2ec-0310-8fea-fb051d288c6d","date":"2005-07-24T03:38:03+00:00","commit":"afc0c6984487cde58a7ec7ee33ed98498fba1629","author":"Allan Odgaard"},{"summary":"• changed all these to use paragraph instead of line (since paragraph is really just a line, but unaffected by soft wrap) -- so these now all work even with soft wrap enabled","body":"git-svn-id: http://svn.textmate.org/trunk/Bundles/Source.tmbundle@1365 dfb7d73b-c2ec-0310-8fea-fb051d288c6d","date":"2005-07-23T08:43:10+00:00","commit":"c35d17d212cc32db3035cc0241f6079a139a3506","author":"Allan Odgaard"},{"summary":"• the following scopes now have spell checking disabled:      source, constant, keyword, storage, support, variable","body":"git-svn-id: http://svn.textmate.org/trunk/Bundles/Source.tmbundle@1353 dfb7d73b-c2ec-0310-8fea-fb051d288c6d","date":"2005-07-21T22:37:07+00:00","commit":"6bde7ef5141b0781b2f3beb7eeb246aef73fdc50","author":"Allan Odgaard"},{"summary":"handle \"WITH THE DEFAULT CONFIGURATION\" variant of \"WITH CONFIGURATION\" text","body":"git-svn-id: http://svn.textmate.org/trunk/Bundles/Source.tmbundle@1347 dfb7d73b-c2ec-0310-8fea-fb051d288c6d","date":"2005-07-21T04:53:48+00:00","commit":"0236a69bdde78125f4c25011461f0d82e7f3bc7c","author":"Chris Thomas"},{"summary":"• most of this was previously set in the theme editor (these files are ignored in 1.1b14)","body":"git-svn-id: http://svn.textmate.org/trunk/Bundles/Source.tmbundle@1332 dfb7d73b-c2ec-0310-8fea-fb051d288c6d","date":"2005-07-14T00:47:09+00:00","commit":"9caa799d541616f25b5789efac9b0736073fb832","author":"Allan Odgaard"},{"summary":"• the scope is narrowed from source to source.java, source.c, source.objc, source.perl, source.python, source.ruby, source.lua.","body":"The reason for this is that (the old) HTML preview is probably still the desired action for source.js.\n\n\n\ngit-svn-id: http://svn.textmate.org/trunk/Bundles/Source.tmbundle@1324 dfb7d73b-c2ec-0310-8fea-fb051d288c6d","date":"2005-07-11T23:31:35+00:00","commit":"6f2672a2cbe5309b237dbac2d81be6dcd6dd497f","author":"Allan Odgaard"},{"summary":"Support Xcode 2.1","body":"git-svn-id: http://svn.textmate.org/trunk/Bundles/Source.tmbundle@1284 dfb7d73b-c2ec-0310-8fea-fb051d288c6d","date":"2005-07-03T04:23:26+00:00","commit":"738a5f5f371bc5677852f277693af01670590635","author":"Chris Thomas"},{"summary":"Xcode 2.1 phase II: \"build styles\" have evolved into \"configurations\". Xcode &lt;= 2.0 still supported via version check.","body":"git-svn-id: http://svn.textmate.org/trunk/Bundles/Source.tmbundle@1223 dfb7d73b-c2ec-0310-8fea-fb051d288c6d","date":"2005-06-23T06:56:41+00:00","commit":"e7653bbcaa1e7f0b426bdc946b65fa1d5a24936e","author":"Chris Thomas"},{"summary":"Xcode 2.1 support, phase I: locating the project","body":"• Replace the kludgy, slow shell script for finding projects with pure, clean, fast Ruby. As much as I love a good, lengthy, indecipherable shell script sequence...\n• .xcodeproj is now supported, takes precedence over .xcode, which takes precedence over .pbproj.\n\nMore to come.\n\ngit-svn-id: http://svn.textmate.org/trunk/Bundles/Source.tmbundle@1222 dfb7d73b-c2ec-0310-8fea-fb051d288c6d","date":"2005-06-23T06:13:05+00:00","commit":"fde3e1cdd86b64aef7acb1b5fb33a6d0494aa624","author":"Chris Thomas"},{"summary":"• unimportant source changes","body":"git-svn-id: http://svn.textmate.org/trunk/Bundles/Source.tmbundle@1185 dfb7d73b-c2ec-0310-8fea-fb051d288c6d","date":"2005-06-13T00:50:35+00:00","commit":"63f7b6cf4d159c0e68e3e2e579b45af4a122d9fa","author":"Allan Odgaard"},{"summary":"Remember the Xcode project converter? Here's the initial UI for it. Bwahahaha!","body":"git-svn-id: http://svn.textmate.org/trunk/Bundles/Source.tmbundle@1151 dfb7d73b-c2ec-0310-8fea-fb051d288c6d","date":"2005-06-04T06:26:37+00:00","commit":"9a6839d94cd6a5787b46b40d49aa2e9e61225c09","author":"Chris Thomas"},{"summary":"• Moved Kevin's plist Ruby extension to the shared support directory and updated the Show Keybindings command appropriately. • Added a Run command for sources. It'll search for an *.xcode or *.pbproj file and then query that file for an executable in its target. Currently only work for single-target project files (since I don't know what the behavior should be for multi-target projects). • Fixed a few problems with the way the Build command tries to find an Xcode project file (didn't work when the tmproj had space in the name, would never actually find the file for scratch projects (but it would work since xcodebuild would just get an empty file, and thus find it)) -- we should probably define exactly how we want to find the file and rewrite the code, since the current behavior can give problems, e.g. if more than one project exist in a directory, it will just go to the parent directory and search there (probably it should bail out and output an error).","body":"git-svn-id: http://svn.textmate.org/trunk/Bundles/Source.tmbundle@1098 dfb7d73b-c2ec-0310-8fea-fb051d288c6d","date":"2005-05-28T08:54:47+00:00","commit":"660f38842e07e574f53d4cd538db7ad86d35e6c5","author":"Allan Odgaard"},{"summary":"• Added STDOUT.flush after outputting a textmate link (so these appear in the output faster/instantly).","body":"git-svn-id: http://svn.textmate.org/trunk/Bundles/Source.tmbundle@1096 dfb7d73b-c2ec-0310-8fea-fb051d288c6d","date":"2005-05-28T01:59:42+00:00","commit":"48ddb0e69b97c1e8ce6098e344de955b06c80858","author":"Allan Odgaard"},{"summary":"• changed scope to “source” • added stdin/out redirection of play command so it woun't stall the script","body":"git-svn-id: http://svn.textmate.org/trunk/Bundles/Source.tmbundle@1060 dfb7d73b-c2ec-0310-8fea-fb051d288c6d","date":"2005-05-23T21:33:48+00:00","commit":"1d7a1e6a85017892451107169325b40dd065a0f8","author":"Allan Odgaard"},{"summary":"Moved build command to source bundle. Not sure which scope it should have? Maybe just “source”, which makes it default for sources, but allow language overides.","body":"git-svn-id: http://svn.textmate.org/trunk/Bundles/Source.tmbundle@1059 dfb7d73b-c2ec-0310-8fea-fb051d288c6d","date":"2005-05-23T21:30:20+00:00","commit":"4f04f8971f54d31362de23a8ad7e2c93b2b8b70f","author":"Allan Odgaard"},{"summary":"• Added a &lt;title>...&lt;/title> to the output. Starting with b10 the HTML output will use this title.","body":"git-svn-id: http://svn.textmate.org/trunk/Bundles/Source.tmbundle@1048 dfb7d73b-c2ec-0310-8fea-fb051d288c6d","date":"2005-05-22T04:44:32+00:00","commit":"ccfd0ec9be8d5b9ebd7d2f3b6588a801ee9cb246","author":"Allan Odgaard"},{"summary":"• Added default values plus a few comments.","body":"git-svn-id: http://svn.textmate.org/trunk/Bundles/Source.tmbundle@1042 dfb7d73b-c2ec-0310-8fea-fb051d288c6d","date":"2005-05-21T16:16:16+00:00","commit":"319db0b75ec6e8d7635455bff0f7cd0cd51ff2f0","author":"Allan Odgaard"},{"summary":"Added TM_COMMENT_* variables for text.html and remove the source scope from the toggle comment command.","body":"git-svn-id: http://svn.textmate.org/trunk/Bundles/Source.tmbundle@1037 dfb7d73b-c2ec-0310-8fea-fb051d288c6d","date":"2005-05-21T08:40:21+00:00","commit":"69790924c0e064e54981f60148f99edd84d4bad1","author":"Allan Odgaard"},{"summary":"• Added a (simple) command to toggle comments. It uses 3 variables:    TM_COMMENT_MODE  -- set to block or line    TM_COMMENT_START -- start marker    TM_COMMENT_END   -- end marker","body":"Starting with 1.1b10 it's possible to set shell variables for a given scope, so the intent is that these variables are set for each language, and thus the command will also work for mixed-language files.\n\nSorry for not building on the existing command, I just needed something that worked fast ;)\n\n\n\ngit-svn-id: http://svn.textmate.org/trunk/Bundles/Source.tmbundle@1033 dfb7d73b-c2ec-0310-8fea-fb051d288c6d","date":"2005-05-21T07:41:41+00:00","commit":"7ea5022430c91109bc730d045544934c5c5f38a3","author":"Allan Odgaard"},{"summary":"Key equivalent for this is now control-return.","body":"git-svn-id: http://svn.textmate.org/trunk/Bundles/Source.tmbundle@1022 dfb7d73b-c2ec-0310-8fea-fb051d288c6d","date":"2005-05-21T01:20:38+00:00","commit":"9dea96b0952969fec097079dd8fcb5ac6fb0e9c4","author":"Allan Odgaard"},{"summary":"• Moved source-highlight to bin directory.","body":"git-svn-id: http://svn.textmate.org/trunk/Bundles/Source.tmbundle@1016 dfb7d73b-c2ec-0310-8fea-fb051d288c6d","date":"2005-05-20T23:48:45+00:00","commit":"947c089f418b234df4c68bb7f3fa81134d05336b","author":"Allan Odgaard"},{"summary":"Modify shortcuts to preview markdown, and source files supported by source-highlight to use  ctrl-opt-cmd-p.  This is now consistent with show-web-preview shortcut, but these commands call the appropriate pre-processor before sending to the html output window.","body":"git-svn-id: http://svn.textmate.org/trunk/Bundles/Source.tmbundle@1013 dfb7d73b-c2ec-0310-8fea-fb051d288c6d","date":"2005-05-20T21:33:20+00:00","commit":"b71d662d45cada08c8b1ff66aff4c8fd55433ad6","author":"Brad Miller"},{"summary":"Moved these macros to the general source bundle. Enjoy! :)","body":"git-svn-id: http://svn.textmate.org/trunk/Bundles/Source.tmbundle@1010 dfb7d73b-c2ec-0310-8fea-fb051d288c6d","date":"2005-05-20T20:25:27+00:00","commit":"f13cfbce1b9d63a510f8277e6f231cbefb27a932","author":"Allan Odgaard"},{"summary":"Sorry about the wrong name. I'd accidentally moved snippet to Sn, and doing an extra commit seemed to be the easiest way to fix it.","body":"git-svn-id: http://svn.textmate.org/trunk/Bundles/Source.tmbundle@1001 dfb7d73b-c2ec-0310-8fea-fb051d288c6d","date":"2005-05-20T19:31:50+00:00","commit":"37c6d15a3e64faa943081356ac77da93c6c8143d","author":"Allan Odgaard"},{"summary":"• Moved the C snippet (that continues current line comment) to the general Source bundle. It works for all languages which use double-slash, double-dash, number-sign, or a percentag as comment starter (and this is matched by their respective syntax). Feel free to extend to more characters.","body":"• Removed the Python macro that did the same on enter, but only for Python sources.\n\n\n\ngit-svn-id: http://svn.textmate.org/trunk/Bundles/Source.tmbundle@1000 dfb7d73b-c2ec-0310-8fea-fb051d288c6d","date":"2005-05-20T19:29:38+00:00","commit":"b3a1a691d3f807a9b776b0d6510706c45270e11f","author":"Allan Odgaard"},{"summary":"Collapse several cases that we want to map to cpp to a single line.","body":"git-svn-id: http://svn.textmate.org/trunk/Bundles/Source.tmbundle@986 dfb7d73b-c2ec-0310-8fea-fb051d288c6d","date":"2005-05-19T19:35:44+00:00","commit":"f8cdc1f8d62bebfcd4d0c7da5b8aa687d97101b7","author":"Brad Miller"},{"summary":"• Changed the commands to use TM_SCOPE instead of TM_MODE (I want to remove the latter). • Added c, objc, objc++ to the cpp branch. • Changed key equivalent to ctrl-shift-H (I generally want bundle items on ctrl-shift-&lt;key>).","body":"git-svn-id: http://svn.textmate.org/trunk/Bundles/Source.tmbundle@968 dfb7d73b-c2ec-0310-8fea-fb051d288c6d","date":"2005-05-19T03:35:56+00:00","commit":"15f1841ee627c033db17b47513080b9a59f9ef6a","author":"Allan Odgaard"},{"summary":"minor update to scope.  When copying over from python I forgot to change this one to source instead of source.python","body":"git-svn-id: http://svn.textmate.org/trunk/Bundles/Source.tmbundle@967 dfb7d73b-c2ec-0310-8fea-fb051d288c6d","date":"2005-05-19T03:08:40+00:00","commit":"e0de0576588ee71c3337001817e3e09e56f32405","author":"Brad Miller"},{"summary":"Create a new Source bundle.  There are two commands Source to HTML and View Source as HTML.  Both of these commands use the source-highlight program now contained in the TextMate Support directory.  Remove the old highlight commands from the Python Bundle, which assumed you had source-highlight installed somewhere on your system.","body":"I've tested the command for Perl, Ruby, Python, php (not so good), C++, C, Java  Other languages are supported like Javascript, caml, sml, lua and prolog but I don't have a lot of those lying around.  Note that since I use the $TM_MODE variable the command must do a little translation from mode to the expected language, there is a case statement you can update in the command if your example fails.\n\n\n\ngit-svn-id: http://svn.textmate.org/trunk/Bundles/Source.tmbundle@966 dfb7d73b-c2ec-0310-8fea-fb051d288c6d","date":"2005-05-19T03:02:46+00:00","commit":"9c2749971cedc476223709b53fed9cfdcddf7db5","author":"Brad Miller"}],"name":"Source","web":"https://github.com/textmate/source.tmbundle.git/commit/"}