{"name":"Shell Script","web":"https://github.com/textmate/shellscript.tmbundle/commit/","commits":[{"commit":"9eb79c1cf9626661dad5e565fb3c6b53e7b706fa","body":"This should be standard on all systems.","author":"Allan Odgaard","date":"2013-08-10T17:27:01+02:00","summary":"Change shell shebang to call /bin/sh directly"},{"commit":"c3184f67dbd9051ad480a4735d6b58d695ef87e3","body":"This is usable in any document provided the trigger is at the very start of the document.","author":"Michael Sheets","date":"2013-08-07T23:32:33-05:00","summary":"Add sh/bash/zsh shebang line snippets (sh/bash/<kbd class='tabTrigger'>zsh⇥</kbd>)"},{"commit":"9e2860ff99da33d486634ff03ebec3418f30ae4a","body":"Closes textmate/textmate#1046.","author":"Allan Odgaard","date":"2013-07-09T15:19:20+02:00","summary":"Add “Open Terminal” (<kbd class='keyEquivalent'>⌃⇧O</kbd>) to file browser’s action menu"},{"commit":"b1276c10996d5a9ec806364bdac73bf1a9fa0f39","body":"","author":"Martin Hartl","date":"2013-07-07T19:57:43+02:00","summary":"Fixed issue with newer versions of Ruby on OS X Mavericks."},{"commit":"02893ae5fd12ba723fcf0ea834d3fb076d83e000","body":"Now that we can scope the action to only fire when the tab trigger is typed at the beginning of the document, we can simplify it without fearing that it will clash with other snippets.","author":"Allan Odgaard","date":"2012-09-30T15:35:17+02:00","summary":"Shebang snippet bound to <kbd class='tabTrigger'>env⇥</kbd> when at begin of document"},{"commit":"7d24b35de12f2041398820a519746b99fdebb41e","body":"I tend to use this with commands like ‘uuidgen’ and similar where the trailing newline is in the way.","author":"Allan Odgaard","date":"2012-09-27T17:04:57+02:00","summary":"Remove trailing space for “Execute and Replace”"},{"commit":"206eed54c62e4dcfce20d4dcfb86e6183ec4a705","body":"","author":"Michael Sheets","date":"2012-09-10T03:28:04-05:00","summary":"Add initial semantic classes."},{"commit":"b433cb5c9388a8ddfc808920dc9a13b0cc3006f3","body":"","author":"Michael Sheets","date":"2012-08-25T19:58:07-05:00","summary":"Change tm-file: → file:"},{"commit":"bce919b2d644e2b993d2ca15a40e4bdd628ebf0f","body":"","author":"Michael Sheets","date":"2012-08-25T19:57:17-05:00","summary":"Insert bash-init call."},{"commit":"d584ced5cd17c0d746590916844de2fd775189c9","body":"","author":"Michael Sheets","date":"2011-11-13T04:12:14-06:00","summary":"Improve comment.line match."},{"commit":"5a0d4b4b855606e2ef1cebb79bab6baea9eab262","body":"","author":"Michael Sheets","date":"2011-11-12T00:35:24-06:00","summary":"Move folding settings."},{"commit":"84163dfb6f2280e1b3110fb49176833f4a0d97e3","body":"","author":"Michael Sheets","date":"2011-11-12T00:32:37-06:00","summary":"Add readme."},{"commit":"0386b623c755bc3f8df338f5732188f889119c68","body":"","author":"Michael Sheets","date":"2011-10-01T00:47:45-05:00","summary":"Switch to a meaningful directory before executing command."},{"commit":"d58b38fe3caf84dfa9e40de17586a6ba8592f530","body":"","author":"Michael Sheets","date":"2011-09-22T02:23:37-05:00","summary":"Add execute line commands."},{"commit":"ea70a04d60a873d042689f5d57e945ee2b8d4d39","body":"","author":"Scott Buchanan","date":"2012-08-06T16:40:28-07:00","summary":"Fixes textmate/shellscript.tmbundle#10"},{"commit":"6df04559f93525904ae18b44f1a71462a9ea3d2d","body":"Closes #5.","author":"Martin Kühl","date":"2011-06-02T22:59:58+02:00","summary":"Make here document end markers more lenient."},{"commit":"94b8199f63c8016fdc79d56573c995c534cee3ba","body":"","author":"Adam Vandenberg","date":"2010-08-19T15:28:10-07:00","summary":"Don't match test operators in filenames with dashes"},{"commit":"92cfc7924b0e1ec7bb03d6e3ba2b8b6ece45f8cf","body":"Tweak built-in commands rule so that paths and options that\nmatch built-in commands are not falsely matched.\n\n--\nAlso disable the \"storage.modifier\" built-ins after -.","author":"Adam Vandenberg","date":"2010-08-06T14:15:18-07:00","summary":"Disable built-ins after - or /"},{"commit":"0df82cdbc348c102717a05e88643ae6515f07738","body":"Since \"/usr/local/...\" is a very common path, might as well\ntake special care to not falsely scope it.\n\n\"local\" was duplicated as a storage type and a builtin, so:\n* Removed the builtin duplicate\n* Added negative look-behind for \"/\" for the storage types","author":"Adam Vandenberg","date":"2010-08-07T04:12:16+08:00","summary":"Prevent \"local\" from being highlighted in paths"},{"commit":"e65b3f12c23077c4270e55880369957a6664aa93","body":"Fixes the case of \"command#comment\" being flagged as a comment when it is\ninterpreted as all one command.","author":"Adam Vandenberg","date":"2010-08-07T03:58:13+08:00","summary":"Tweak the comment rule."},{"commit":"560fdf0c391dcb1e2372d064e4e481a45ce9f5ec","body":"* Match bash and zsh extensions as shell script.\n* Don't match the ss extension as shell script.\n  This extension is more common for Scheme.","author":"Martin Kühl","date":"2010-08-06T22:56:10+02:00","summary":"Update matched file extensions."},{"commit":"7c1ce3075daa1aa0771f1aa062d727cca528c05d","body":"","author":"Martin Kühl","date":"2010-07-17T17:07:48+02:00","summary":"Support emacs modeline for file type detection."},{"commit":"b4b1660115cc49c4135620fc3beae5fcd6eeeb0d","body":"","author":"Martin Kühl","date":"2010-07-17T17:07:11+02:00","summary":"Fix sed regexp in the tempfile/tempdir snippets."},{"commit":"642b49a3394dc0dc2dc2a55d9f249c5139259b8f","body":"Analogous to the `Tempfile` one, but for a temporary directory.","author":"Martin Kühl","date":"2010-06-22T23:35:15+02:00","summary":"Add a `Tempdir` snippet."},{"commit":"677ea389ee60612a362f130f53dd00a4e1ae15c2","body":"","author":"Martin Kühl","date":"2010-06-22T23:33:32+02:00","summary":"Simplify the Tempfile snippet."},{"commit":"b14433c1278c93008ee9094f34b611ff925eddbc","body":"","author":"Martin Kühl","date":"2010-06-22T23:22:53+02:00","summary":"Fix unquoted dollar sign in the Tempfile snippet."},{"commit":"594d1850bc7136e1fa3f23f5bc10b633bf9f1986","body":"git-svn-id: http://svn.textmate.org/trunk/Bundles/ShellScript.tmbundle@11800 dfb7d73b-c2ec-0310-8fea-fb051d288c6d","author":"Michael Sheets","date":"2009-11-06T11:05:36+00:00","summary":"Making the firstLineMatch more specific by requiring a \\b before the shell name."},{"commit":"39f0f41ed5fecb837c8cba55af9d7a7db3bd4560","body":"The matched syntax is still more inclusive than what bash actually\nsupports, but as the full syntax for bash is undocumented, being\nmore inclusive is better than being less. The main motivation for\nthis change was to properly ignore = in identifiers so defining\nan empty array does not look like a function definition.\n\ngit-svn-id: http://svn.textmate.org/trunk/Bundles/ShellScript.tmbundle@11738 dfb7d73b-c2ec-0310-8fea-fb051d288c6d","author":"Kevin Ballard","date":"2009-08-31T22:51:01+00:00","summary":"Fix syntax for shell functions"},{"commit":"9dac43d39bc9ff444c91d271f57dd957ffa3d33f","body":"Reported by Colin Wilson.\n\ngit-svn-id: http://svn.textmate.org/trunk/Bundles/ShellScript.tmbundle@11443 dfb7d73b-c2ec-0310-8fea-fb051d288c6d","author":"Martin Kuehl","date":"2009-04-06T08:31:14+00:00","summary":"Fix highlighting for comments in case blocks."},{"commit":"109163adead97974485ae1f4c04fb348ba52562e","body":"git-svn-id: http://svn.textmate.org/trunk/Bundles/ShellScript.tmbundle@11222 dfb7d73b-c2ec-0310-8fea-fb051d288c6d","author":"Martin Kuehl","date":"2009-02-03T17:55:54+00:00","summary":"• Commit the actual tempfile snippet..."},{"commit":"e11551ef01249c89033da640a350a3df45fb35c3","body":"git-svn-id: http://svn.textmate.org/trunk/Bundles/ShellScript.tmbundle@11221 dfb7d73b-c2ec-0310-8fea-fb051d288c6d","author":"Martin Kuehl","date":"2009-02-03T16:31:45+00:00","summary":"• Add Snippet for idiomatic creation and (on-exit) deletion of tempfiles."},{"commit":"957b7a1e895ad707a1024f483dea4196fd9c954a","body":"git-svn-id: http://svn.textmate.org/trunk/Bundles/ShellScript.tmbundle@11220 dfb7d73b-c2ec-0310-8fea-fb051d288c6d","author":"Martin Kuehl","date":"2009-02-03T16:31:34+00:00","summary":"• Add a bit of organization to the gear menu."},{"commit":"d836cda157da6d1d05834465dd32a941d747420d","body":"git-svn-id: http://svn.textmate.org/trunk/Bundles/ShellScript.tmbundle@11219 dfb7d73b-c2ec-0310-8fea-fb051d288c6d","author":"Martin Kuehl","date":"2009-02-03T16:31:22+00:00","summary":"• Try `help` first when looking up documentation.   This gives much better information for shell builtins. • Remove `man` from the documentation command’s command an function names."},{"commit":"24d4c85ca60db4ffac0be9e0444dcd9a611d4b35","body":"git-svn-id: http://svn.textmate.org/trunk/Bundles/ShellScript.tmbundle@11218 dfb7d73b-c2ec-0310-8fea-fb051d288c6d","author":"Martin Kuehl","date":"2009-02-03T16:31:04+00:00","summary":"• Add shebang lines to commands.   This makes Edit in Textmate choose the right grammar when invoked from the Bundle Editor."},{"commit":"6ebd4b720af71a634d143ec7e827a9923c71a6c7","body":"git-svn-id: http://svn.textmate.org/trunk/Bundles/ShellScript.tmbundle@11207 dfb7d73b-c2ec-0310-8fea-fb051d288c6d","author":"Martin Kuehl","date":"2009-01-29T13:52:54+00:00","summary":"• Declare myself maintainer of the ShellScript bundle."},{"commit":"4bf840b606d2b2de7a04c8dac7b7fa147583de50","body":"git-svn-id: http://svn.textmate.org/trunk/Bundles/ShellScript.tmbundle@11206 dfb7d73b-c2ec-0310-8fea-fb051d288c6d","author":"Martin Kuehl","date":"2009-01-29T13:35:01+00:00","summary":"• Fix case clauses to only match after the `in` keyword."},{"commit":"dbbc52f2ffca2ba7242152cfe5ba7565ca9176ad","body":"git-svn-id: http://svn.textmate.org/trunk/Bundles/ShellScript.tmbundle@11205 dfb7d73b-c2ec-0310-8fea-fb051d288c6d","author":"Martin Kuehl","date":"2009-01-29T13:34:50+00:00","summary":"• Improve matching of . and :   These builtins must stand on their own to be commands and not punctuation."},{"commit":"ab0a97fd21ff231177288175bdeea1bc78074d34","body":"git-svn-id: http://svn.textmate.org/trunk/Bundles/ShellScript.tmbundle@11204 dfb7d73b-c2ec-0310-8fea-fb051d288c6d","author":"Martin Kuehl","date":"2009-01-29T13:34:33+00:00","summary":"• Match `declare`, `typeset`, `local` and `readonly` as storage.modifier."},{"commit":"d4405c844be6707cd9dabd43c77caf7ee792ffa9","body":"git-svn-id: http://svn.textmate.org/trunk/Bundles/ShellScript.tmbundle@11203 dfb7d73b-c2ec-0310-8fea-fb051d288c6d","author":"Martin Kuehl","date":"2009-01-29T13:34:22+00:00","summary":"• Fix case-block matcher.   The WORD in `case WORD in` is not the loop variable like in for-in loops and   select blocks but will be expanded and matched against the case patterns."},{"commit":"5af64d2025b94dd84ca4962d120986aa3a58d7ce","body":"git-svn-id: http://svn.textmate.org/trunk/Bundles/ShellScript.tmbundle@11202 dfb7d73b-c2ec-0310-8fea-fb051d288c6d","author":"Martin Kuehl","date":"2009-01-29T13:34:09+00:00","summary":"• Remove obsolete comment."},{"commit":"fb2641b4c67aef2885278c4e833dd63779db8574","body":"git-svn-id: http://svn.textmate.org/trunk/Bundles/ShellScript.tmbundle@11201 dfb7d73b-c2ec-0310-8fea-fb051d288c6d","author":"Martin Kuehl","date":"2009-01-29T13:33:55+00:00","summary":"• Add indentation for line continuations (lines ending in a backslash)."},{"commit":"18ed8a41eb9fee59fb7dd553bd1ecbac5f687d54","body":"git-svn-id: http://svn.textmate.org/trunk/Bundles/ShellScript.tmbundle@11200 dfb7d73b-c2ec-0310-8fea-fb051d288c6d","author":"Martin Kuehl","date":"2009-01-29T13:33:40+00:00","summary":"• Make indentation preferences more accurate."},{"commit":"7e72e38a3325d6c8fe178df49b21070d53e24a7c","body":"git-svn-id: http://svn.textmate.org/trunk/Bundles/ShellScript.tmbundle@11199 dfb7d73b-c2ec-0310-8fea-fb051d288c6d","author":"Martin Kuehl","date":"2009-01-29T13:33:24+00:00","summary":"• Make Folding markers more accurate."},{"commit":"b585b6b0c438334a8377aa1d51ae9459ccb75e08","body":"git-svn-id: http://svn.textmate.org/trunk/Bundles/ShellScript.tmbundle@11198 dfb7d73b-c2ec-0310-8fea-fb051d288c6d","author":"Martin Kuehl","date":"2009-01-29T13:33:13+00:00","summary":"• New Function: Read name from stdin, where TextMate is set to provide it.   Before, it could happen that leading whitespace was used is the function name."},{"commit":"739765d2446cec8cdc87b47d76732cd7f95a3644","body":"git-svn-id: http://svn.textmate.org/trunk/Bundles/ShellScript.tmbundle@11197 dfb7d73b-c2ec-0310-8fea-fb051d288c6d","author":"Martin Kuehl","date":"2009-01-29T13:33:02+00:00","summary":"• Update plist doctype."},{"commit":"b369c8832aed62acc69637713ed3569e2085226f","body":"git-svn-id: http://svn.textmate.org/trunk/Bundles/ShellScript.tmbundle@11196 dfb7d73b-c2ec-0310-8fea-fb051d288c6d","author":"Martin Kuehl","date":"2009-01-29T13:32:52+00:00","summary":"• Don’t start foldings for variable expansion (`${…}`)."},{"commit":"a76080bf8298924fbec13445f7f49ce434290f64","body":"git-svn-id: http://svn.textmate.org/trunk/Bundles/ShellScript.tmbundle@11195 dfb7d73b-c2ec-0310-8fea-fb051d288c6d","author":"Martin Kuehl","date":"2009-01-29T13:32:41+00:00","summary":"• Fix an incredibly stupid typo in the for-in loop matcher."},{"commit":"ee30dc8e608ce2b3500b18221fe67535e67d6ed8","body":"git-svn-id: http://svn.textmate.org/trunk/Bundles/ShellScript.tmbundle@11194 dfb7d73b-c2ec-0310-8fea-fb051d288c6d","author":"Martin Kuehl","date":"2009-01-29T13:32:30+00:00","summary":"• Add matching of shell builtin functions (bash-specific)."},{"commit":"3a30a6024196e7a69c4e3974d6b41cfd79fcadc5","body":"git-svn-id: http://svn.textmate.org/trunk/Bundles/ShellScript.tmbundle@11193 dfb7d73b-c2ec-0310-8fea-fb051d288c6d","author":"Martin Kuehl","date":"2009-01-29T13:32:19+00:00","summary":"• Add matching for if blocks."},{"commit":"3a7ce549c0e468313b3525a4801a7f4eea1bc416","body":"git-svn-id: http://svn.textmate.org/trunk/Bundles/ShellScript.tmbundle@11192 dfb7d73b-c2ec-0310-8fea-fb051d288c6d","author":"Martin Kuehl","date":"2009-01-29T13:32:09+00:00","summary":"• Add matching of case clauses with rules for patterns and bodies."},{"commit":"2e232af68d8f7f37214c350313a259b1e0aca010","body":"git-svn-id: http://svn.textmate.org/trunk/Bundles/ShellScript.tmbundle@11191 dfb7d73b-c2ec-0310-8fea-fb051d288c6d","author":"Martin Kuehl","date":"2009-01-29T13:31:58+00:00","summary":"• Improve function name matching."},{"commit":"9bb25595a296d2eb3b12f9f0a81f1a12fb4382b8","body":"git-svn-id: http://svn.textmate.org/trunk/Bundles/ShellScript.tmbundle@11190 dfb7d73b-c2ec-0310-8fea-fb051d288c6d","author":"Martin Kuehl","date":"2009-01-29T13:31:48+00:00","summary":"• Add matching for loop constructs."},{"commit":"a6502e243aa15e11a7c99ec025d2bb3c6b515404","body":"git-svn-id: http://svn.textmate.org/trunk/Bundles/ShellScript.tmbundle@11189 dfb7d73b-c2ec-0310-8fea-fb051d288c6d","author":"Martin Kuehl","date":"2009-01-29T13:31:37+00:00","summary":"• Add return to list of keywords."},{"commit":"093afff2245b93c7eb7edc384c750331730fa157","body":"git-svn-id: http://svn.textmate.org/trunk/Bundles/ShellScript.tmbundle@11188 dfb7d73b-c2ec-0310-8fea-fb051d288c6d","author":"Martin Kuehl","date":"2009-01-29T13:31:27+00:00","summary":"• Include $self in backtick command substitution."},{"commit":"7d3667d847e9327a9cc8a7e3b7e0960d07898815","body":"git-svn-id: http://svn.textmate.org/trunk/Bundles/ShellScript.tmbundle@11187 dfb7d73b-c2ec-0310-8fea-fb051d288c6d","author":"Martin Kuehl","date":"2009-01-29T13:31:16+00:00","summary":"• Rename #arithmetic-evaluation to #math."},{"commit":"3c3d8fba234c71b9a30ef69f32d5857cb666cf23","body":"git-svn-id: http://svn.textmate.org/trunk/Bundles/ShellScript.tmbundle@11186 dfb7d73b-c2ec-0310-8fea-fb051d288c6d","author":"Martin Kuehl","date":"2009-01-29T13:31:05+00:00","summary":"• Rename #operator to #pathname. • Add glob operators to #pathname. • Move #pathname down."},{"commit":"bccef507135b071f8a3dfc514534c2291b8f7817","body":"git-svn-id: http://svn.textmate.org/trunk/Bundles/ShellScript.tmbundle@11185 dfb7d73b-c2ec-0310-8fea-fb051d288c6d","author":"Martin Kuehl","date":"2009-01-29T13:30:55+00:00","summary":"• Move function definitions up after compound commands."},{"commit":"d51e22df4e7fa197649faf68c8c229227b583ec2","body":"git-svn-id: http://svn.textmate.org/trunk/Bundles/ShellScript.tmbundle@11184 dfb7d73b-c2ec-0310-8fea-fb051d288c6d","author":"Martin Kuehl","date":"2009-01-29T13:30:44+00:00","summary":"• Add embedded textile and python heredocs."},{"commit":"c3bee699f765acedd9c5de729a24ff3f170ec589","body":"git-svn-id: http://svn.textmate.org/trunk/Bundles/ShellScript.tmbundle@11183 dfb7d73b-c2ec-0310-8fea-fb051d288c6d","author":"Martin Kuehl","date":"2009-01-29T13:30:33+00:00","summary":"• Include $self in process substitution."},{"commit":"9bb6c6bc69e3f552afb62ce590dc13cce66cd737","body":"git-svn-id: http://svn.textmate.org/trunk/Bundles/ShellScript.tmbundle@11182 dfb7d73b-c2ec-0310-8fea-fb051d288c6d","author":"Martin Kuehl","date":"2009-01-29T13:30:22+00:00","summary":"• Expand arithmetic evaluation matching.   * Add #arithmetic-evaluation group for matching numbers and arithmetic operators.   * Include #arithmetic-evaluation in arithmetic expressions.   * Rename `meta.scope.expression` to `string.other.math` as it denotes an arithmetic expression."},{"commit":"229bea830368bac0e5e244adab97fafce010b84d","body":"git-svn-id: http://svn.textmate.org/trunk/Bundles/ShellScript.tmbundle@11181 dfb7d73b-c2ec-0310-8fea-fb051d288c6d","author":"Martin Kuehl","date":"2009-01-29T13:30:11+00:00","summary":"• Expanded variable expansion to match expansion operators and array subscripts."},{"commit":"9645fb42f0947d6d13336e40ef3c690e08e1aecf","body":"git-svn-id: http://svn.textmate.org/trunk/Bundles/ShellScript.tmbundle@11180 dfb7d73b-c2ec-0310-8fea-fb051d288c6d","author":"Martin Kuehl","date":"2009-01-29T13:30:01+00:00","summary":"• Move process substitution to #redirection.   The grammar man page groups them with #interpolation, but they really provide redirections, plus they’re not available inside quoted strings, say."},{"commit":"9062acc1a5f4ec35db53c459826a7292098cd247","body":"git-svn-id: http://svn.textmate.org/trunk/Bundles/ShellScript.tmbundle@11179 dfb7d73b-c2ec-0310-8fea-fb051d288c6d","author":"Martin Kuehl","date":"2009-01-29T13:29:50+00:00","summary":"• Expand function definition matching.   * The `function` keyword is now handled properly.   * The function body is now enclosed in the meta.function scope."},{"commit":"1b6c6653eb281925746d096226dfc8847ccfac47","body":"git-svn-id: http://svn.textmate.org/trunk/Bundles/ShellScript.tmbundle@11178 dfb7d73b-c2ec-0310-8fea-fb051d288c6d","author":"Martin Kuehl","date":"2009-01-29T13:29:39+00:00","summary":"• Expand matched logical expressions."},{"commit":"743eae4425786c6433726957c0c03eb151bd0da9","body":"git-svn-id: http://svn.textmate.org/trunk/Bundles/ShellScript.tmbundle@11177 dfb7d73b-c2ec-0310-8fea-fb051d288c6d","author":"Martin Kuehl","date":"2009-01-29T13:29:28+00:00","summary":"• Extract logical expression operators into #logical-expression."},{"commit":"67704b481b0b924bf690e0e88f26bdebdd6f5310","body":"git-svn-id: http://svn.textmate.org/trunk/Bundles/ShellScript.tmbundle@11176 dfb7d73b-c2ec-0310-8fea-fb051d288c6d","author":"Martin Kuehl","date":"2009-01-29T13:29:18+00:00","summary":"• Create #list group for list-related matchers.   See SHELL GRAMMAR → Lists for information."},{"commit":"956a0a527ec66ab75802a09756dc9532e1d47fed","body":"git-svn-id: http://svn.textmate.org/trunk/Bundles/ShellScript.tmbundle@11175 dfb7d73b-c2ec-0310-8fea-fb051d288c6d","author":"Martin Kuehl","date":"2009-01-29T13:29:07+00:00","summary":"• Create #pipeline group for pipeline-related matchers.   See SHELL GRAMMAR → Pipelines for information."},{"commit":"bf8d0fce706becd2615a48d2d248cd3ee6f7095c","body":"git-svn-id: http://svn.textmate.org/trunk/Bundles/ShellScript.tmbundle@11174 dfb7d73b-c2ec-0310-8fea-fb051d288c6d","author":"Martin Kuehl","date":"2009-01-29T13:28:57+00:00","summary":"• Move comments to front."},{"commit":"244762d303881a8e10150b25a1c499eb05337732","body":"git-svn-id: http://svn.textmate.org/trunk/Bundles/ShellScript.tmbundle@11173 dfb7d73b-c2ec-0310-8fea-fb051d288c6d","author":"Martin Kuehl","date":"2009-01-29T13:28:47+00:00","summary":"• Extract operators (and `time` keyword) into repository."},{"commit":"88dd00ac4582dc76399c559ed90da587ac53f613","body":"git-svn-id: http://svn.textmate.org/trunk/Bundles/ShellScript.tmbundle@11172 dfb7d73b-c2ec-0310-8fea-fb051d288c6d","author":"Martin Kuehl","date":"2009-01-29T13:28:36+00:00","summary":"• Extract keywords into repository."},{"commit":"9acf5fab2dfea43e1b99a9690800cc29918cf3b3","body":"git-svn-id: http://svn.textmate.org/trunk/Bundles/ShellScript.tmbundle@11171 dfb7d73b-c2ec-0310-8fea-fb051d288c6d","author":"Martin Kuehl","date":"2009-01-29T13:28:26+00:00","summary":"• Move arithmetic expansion into #interpolation."},{"commit":"dfd51d231bfb1e59703fcecc61c143162bfb2299","body":"git-svn-id: http://svn.textmate.org/trunk/Bundles/ShellScript.tmbundle@11170 dfb7d73b-c2ec-0310-8fea-fb051d288c6d","author":"Martin Kuehl","date":"2009-01-29T13:28:15+00:00","summary":"• Extract redirection into repository."},{"commit":"e6e3e55a4ea4e50738153da978e3e0c582ff8c53","body":"git-svn-id: http://svn.textmate.org/trunk/Bundles/ShellScript.tmbundle@11169 dfb7d73b-c2ec-0310-8fea-fb051d288c6d","author":"Martin Kuehl","date":"2009-01-29T13:28:05+00:00","summary":"• Move process substitution into #interpolation."},{"commit":"0832d67997bd9131e6710d9db025ab71279eaf5a","body":"git-svn-id: http://svn.textmate.org/trunk/Bundles/ShellScript.tmbundle@11168 dfb7d73b-c2ec-0310-8fea-fb051d288c6d","author":"Martin Kuehl","date":"2009-01-29T13:27:54+00:00","summary":"• Extract function definition into repository."},{"commit":"80c47b19dedd9886a1b23978b30dadfe4be4c649","body":"git-svn-id: http://svn.textmate.org/trunk/Bundles/ShellScript.tmbundle@11167 dfb7d73b-c2ec-0310-8fea-fb051d288c6d","author":"Martin Kuehl","date":"2009-01-29T13:27:44+00:00","summary":"• Extract comment into repository."},{"commit":"4f5d442ec5f7db3cac32f9d2048b990fd5c1142b","body":"git-svn-id: http://svn.textmate.org/trunk/Bundles/ShellScript.tmbundle@11166 dfb7d73b-c2ec-0310-8fea-fb051d288c6d","author":"Martin Kuehl","date":"2009-01-29T13:27:33+00:00","summary":"• Extract compound commands into repository."},{"commit":"e04ee0dff87fbd3bebf277850e19dc49eba74ecb","body":"git-svn-id: http://svn.textmate.org/trunk/Bundles/ShellScript.tmbundle@11165 dfb7d73b-c2ec-0310-8fea-fb051d288c6d","author":"Martin Kuehl","date":"2009-01-29T13:27:22+00:00","summary":"• Extract string to repository."},{"commit":"a7934dbaa133596b38657246087544d02c15fd03","body":"git-svn-id: http://svn.textmate.org/trunk/Bundles/ShellScript.tmbundle@11164 dfb7d73b-c2ec-0310-8fea-fb051d288c6d","author":"Martin Kuehl","date":"2009-01-29T13:27:12+00:00","summary":"• Extract herestring to repository."},{"commit":"cc8c23e7a46bb837cf90772627405e14f1429c8d","body":"git-svn-id: http://svn.textmate.org/trunk/Bundles/ShellScript.tmbundle@11163 dfb7d73b-c2ec-0310-8fea-fb051d288c6d","author":"Martin Kuehl","date":"2009-01-29T13:27:01+00:00","summary":"• Extract heredocs to repository."},{"commit":"f8413983d1f29dd619215ca405e735aade520ffa","body":"git-svn-id: http://svn.textmate.org/trunk/Bundles/ShellScript.tmbundle@11162 dfb7d73b-c2ec-0310-8fea-fb051d288c6d","author":"Martin Kuehl","date":"2009-01-29T13:26:51+00:00","summary":"• Update folding markers to include block constructs."},{"commit":"0c240254e0c22284dcbf979a017a27bd6b9983ee","body":"git-svn-id: http://svn.textmate.org/trunk/Bundles/ShellScript.tmbundle@11161 dfb7d73b-c2ec-0310-8fea-fb051d288c6d","author":"Martin Kuehl","date":"2009-01-29T13:26:39+00:00","summary":"• Update grammar plist doctype."},{"commit":"99df5e0c9a002060e722bb6c0f9e70fe0694a45b","body":"git-svn-id: http://svn.textmate.org/trunk/Bundles/ShellScript.tmbundle@11160 dfb7d73b-c2ec-0310-8fea-fb051d288c6d","author":"Martin Kuehl","date":"2009-01-29T13:26:27+00:00","summary":"• New Function: Add parentheses after function name (ShellScript)"},{"commit":"e708ff65e34f670392c7f242c0db2c18f45981f8","body":"git-svn-id: http://svn.textmate.org/trunk/Bundles/ShellScript.tmbundle@11123 dfb7d73b-c2ec-0310-8fea-fb051d288c6d","author":"Michael Sheets","date":"2009-01-19T00:23:55+00:00","summary":"Add a placeholder around the entire condition allowing it to be replaced by a command. Patch by Martin Kühl."},{"commit":"97a0be7d6d7f32836fbf88edb6e38751b091ceb7","body":"git-svn-id: http://svn.textmate.org/trunk/Bundles/ShellScript.tmbundle@11122 dfb7d73b-c2ec-0310-8fea-fb051d288c6d","author":"Michael Sheets","date":"2009-01-18T23:52:40+00:00","summary":"Remove the in keyword if the accompanying placeholder is deleted. Patch from Martin Kühl."},{"commit":"8abbb648b94edbca95d13cb953c236656e5d9e71","body":"git-svn-id: http://svn.textmate.org/trunk/Bundles/ShellScript.tmbundle@10871 dfb7d73b-c2ec-0310-8fea-fb051d288c6d","author":"Alex Ross","date":"2008-11-26T00:18:28+00:00","summary":"Updating various executor commands to call TextMate::Executor.make_project_master_current_document."},{"commit":"c92808bc12cd598ccbfdf30cf2dd1706a5211beb","body":"git-svn-id: http://svn.textmate.org/trunk/Bundles/ShellScript.tmbundle@10862 dfb7d73b-c2ec-0310-8fea-fb051d288c6d","author":"Allan Odgaard","date":"2008-11-24T19:11:13+00:00","summary":"When used in an untitled document, no Terminal window would open."},{"commit":"a002c1f94199ec363646591659fa8a04332a9765","body":"git-svn-id: http://svn.textmate.org/trunk/Bundles/ShellScript.tmbundle@10453 dfb7d73b-c2ec-0310-8fea-fb051d288c6d","author":"Allan Odgaard","date":"2008-08-16T22:18:28+00:00","summary":"• remove old ShellMate code"},{"commit":"9f3af2773fd3c829cf89226a8f74d74ceb40a29f","body":"git-svn-id: http://svn.textmate.org/trunk/Bundles/ShellScript.tmbundle@10071 dfb7d73b-c2ec-0310-8fea-fb051d288c6d","author":"Alex Ross","date":"2008-06-29T22:50:36+00:00","summary":"• Use #! to invoke ruby.  All Run commands will be moving to this technique.  Note that this means that bash_init will no longer be sourced.  Users will have to set any environment variables they want in the Shell Variables section of the TextMate preferences, or in ~/.MacOSX/environment."},{"commit":"d03ddb4093895c941c173a0dd30441dc5bae279b","body":"git-svn-id: http://svn.textmate.org/trunk/Bundles/ShellScript.tmbundle@9977 dfb7d73b-c2ec-0310-8fea-fb051d288c6d","author":"Alex Ross","date":"2008-06-20T00:38:13+00:00","summary":"• Move ShellScript's Run Script command to TextMate::Executor.run."},{"commit":"49a2f7e18f1312009c99b585caf946259204ce50","body":"git-svn-id: http://svn.textmate.org/trunk/Bundles/ShellScript.tmbundle@9904 dfb7d73b-c2ec-0310-8fea-fb051d288c6d","author":"Alex Ross","date":"2008-06-11T19:40:24+00:00","summary":"• ShellScript's “Run Script” command is now based on ScriptMate."},{"commit":"505eec2974b6da43a866d35fc071546387afdb93","body":"git-svn-id: http://svn.textmate.org/trunk/Bundles/ShellScript.tmbundle@9495 dfb7d73b-c2ec-0310-8fea-fb051d288c6d","author":"Allan Odgaard","date":"2008-05-03T19:55:48+00:00","summary":"• this should have been deleted in r3210 where it was replaced by a command (r4361 marked the item as deleted in the bundle’s info.plist)"},{"commit":"3719481cfd717773bcec5c7399b7d0dce46754c2","body":"git-svn-id: http://svn.textmate.org/trunk/Bundles/ShellScript.tmbundle@9267 dfb7d73b-c2ec-0310-8fea-fb051d288c6d","author":"Allan Odgaard","date":"2008-04-02T01:11:31+00:00","summary":"• add TM_PROJECT_DIRECTORY as last fallback"},{"commit":"ceef271d54153ae3cc7b6d7fa21ace7ca665c38a","body":"git-svn-id: http://svn.textmate.org/trunk/Bundles/ShellScript.tmbundle@9106 dfb7d73b-c2ec-0310-8fea-fb051d288c6d","author":"Allan Odgaard","date":"2008-03-14T08:30:31+00:00","summary":"• redirect stderr to stdout so that we also correctly escape characters special in HTML when written to stderr"},{"commit":"cacb6f6c3dbe0e949d6542fe55b2283a7da91083","body":"git-svn-id: http://svn.textmate.org/trunk/Bundles/ShellScript.tmbundle@8398 dfb7d73b-c2ec-0310-8fea-fb051d288c6d","author":"Allan Odgaard","date":"2007-11-04T00:58:40+00:00","summary":"• update my email address (from a throw-away address to something a little more permanent)"},{"commit":"bf79ebc5aef2252b23088f7d22871672b95275bc","body":"git-svn-id: http://svn.textmate.org/trunk/Bundles/ShellScript.tmbundle@8196 dfb7d73b-c2ec-0310-8fea-fb051d288c6d","author":"Allan Odgaard","date":"2007-09-22T03:58:20+00:00","summary":"• do not require RMAN in the command itself (though a test should be added to see if html_man.sh fails)"},{"commit":"fa21ab0ea48257edd333ce956d48d83943a5ccc8","body":"git-svn-id: http://svn.textmate.org/trunk/Bundles/ShellScript.tmbundle@7705 dfb7d73b-c2ec-0310-8fea-fb051d288c6d","author":"Allan Odgaard","date":"2007-07-07T17:46:20+00:00","summary":"• add .textmate_init to file types (as it is just a shell script)"},{"commit":"10dc619466cf8502832609ad0d964991988b0701","body":"git-svn-id: http://svn.textmate.org/trunk/Bundles/ShellScript.tmbundle@7122 dfb7d73b-c2ec-0310-8fea-fb051d288c6d","author":"Allan Odgaard","date":"2007-05-04T05:07:10+00:00","summary":"• use iTerm if either iTerm is running, or TM_TERMINAL is set to iTerm"},{"commit":"03a0c9eff68b49dcbdec9536763dc33e84315dae","body":"git-svn-id: http://svn.textmate.org/trunk/Bundles/ShellScript.tmbundle@6774 dfb7d73b-c2ec-0310-8fea-fb051d288c6d","author":"Kevin Ballard","date":"2007-03-10T18:29:24+00:00","summary":"Fix double-quote backslash escapes"},{"commit":"7e29bdc738f077314ba98f2d99242625d9d72378","body":"git-svn-id: http://svn.textmate.org/trunk/Bundles/ShellScript.tmbundle@6762 dfb7d73b-c2ec-0310-8fea-fb051d288c6d","author":"Allan Odgaard","date":"2007-03-09T20:27:50+00:00","summary":"• fix weird char in snippet"},{"commit":"f8fedffec67f08da800533f9352ec6736cf12918","body":"contactName:\n   The full name of the contact for this bundle.\ncontactEmailRot13:\n   A ROT13 encoded email address for the bundle contact (we obfuscate it to avoid spammers from picking up the files, seeing how bundles will often be available via anonymous svn over http).\ndescription:\n   A short description for this bundle. Do link to more info about the language (or whatever) the bundle is about. I decided on using HTML for this (but leave out the initial paragraph tag) since it seemed like overkill to run a single line of text through Markdown.pl, just to convert [foo](link) into &lt;a href=\"link\">foo&lt;/a>\n\nMany of the current descriptions could use some improvements, I just wanted to get the ball rolling :)\n\n\ngit-svn-id: http://svn.textmate.org/trunk/Bundles/ShellScript.tmbundle@6718 dfb7d73b-c2ec-0310-8fea-fb051d288c6d","author":"Allan Odgaard","date":"2007-03-04T20:11:31+00:00","summary":"Add the following keys to the bundle’s info.plist:"},{"commit":"00aa33dd6c20f4bf27f5a6e0118b95738d618b23","body":"git-svn-id: http://svn.textmate.org/trunk/Bundles/ShellScript.tmbundle@6497 dfb7d73b-c2ec-0310-8fea-fb051d288c6d","author":"Kevin Ballard","date":"2007-01-30T17:12:44+00:00","summary":"ShellScript info.plist changed for some unknown reason"},{"commit":"79f5a88280b91be99bdfaea67a277a0669f5fd13","body":"git-svn-id: http://svn.textmate.org/trunk/Bundles/ShellScript.tmbundle@6346 dfb7d73b-c2ec-0310-8fea-fb051d288c6d","author":"Kevin Ballard","date":"2006-12-13T04:20:08+00:00","summary":"This should fix the $() operator since this one actually is recursive"},{"commit":"80d5fd6be9dca3bcd31ec81a0fff59cf814ebdb2","body":"git-svn-id: http://svn.textmate.org/trunk/Bundles/ShellScript.tmbundle@6345 dfb7d73b-c2ec-0310-8fea-fb051d288c6d","author":"Kevin Ballard","date":"2006-12-13T04:09:13+00:00","summary":"Fix the case where the following would not highlight properly: echo \"`echo \"haha\"`\""},{"commit":"f69bb768a3f48be935202962a56dcaa61e092a57","body":"git-svn-id: http://svn.textmate.org/trunk/Bundles/ShellScript.tmbundle@5580 dfb7d73b-c2ec-0310-8fea-fb051d288c6d","author":"Michael Sheets","date":"2006-10-23T10:02:40+00:00","summary":"• Various keyword.operator.* changed to punctuation.* • Adding new punctuation scopes to various rules."},{"commit":"2b0f81c6be5e7f817709b6a26edebaeb292eb6b2","body":"git-svn-id: http://svn.textmate.org/trunk/Bundles/ShellScript.tmbundle@5556 dfb7d73b-c2ec-0310-8fea-fb051d288c6d","author":"Allan Odgaard","date":"2006-10-22T13:37:55+00:00","summary":"• special case source.shell → bash"},{"commit":"632b0abc4775213781bca7d5110788f8010862a5","body":"git-svn-id: http://svn.textmate.org/trunk/Bundles/ShellScript.tmbundle@5362 dfb7d73b-c2ec-0310-8fea-fb051d288c6d","author":"Allan Odgaard","date":"2006-10-02T17:24:29+00:00","summary":"• when man doesn’t return a match in section 2-9 then re-run man w/o setting MANSECT to section 2-9 (so it can still find regular shell commands or things from the “special” section)"},{"commit":"52e84c60b9ec890e906229b638b2a55bf2fd413d","body":"git-svn-id: http://svn.textmate.org/trunk/Bundles/ShellScript.tmbundle@5008 dfb7d73b-c2ec-0310-8fea-fb051d288c6d","author":"Jacob Rus","date":"2006-08-29T14:18:36+00:00","summary":"add markdown here-document using MARKDOWN token"},{"commit":"d8d2b447c62d52592d534737bbe0b30862820301","body":"git-svn-id: http://svn.textmate.org/trunk/Bundles/ShellScript.tmbundle@4920 dfb7d73b-c2ec-0310-8fea-fb051d288c6d","author":"Allan Odgaard","date":"2006-08-24T03:47:12+00:00","summary":"• put the ‘Program exited with status n.’ text outside the pre-box with the script output."},{"commit":"7efd95ed328859b35d2e15cafd5e270a29fcfd8e","body":"git-svn-id: http://svn.textmate.org/trunk/Bundles/ShellScript.tmbundle@4916 dfb7d73b-c2ec-0310-8fea-fb051d288c6d","author":"Allan Odgaard","date":"2006-08-24T03:14:35+00:00","summary":"• update to use new HTML output • enable auto-scrolling of output"},{"commit":"cfa988572ec70e98af31ec9b568d12c47b3fd55d","body":"git-svn-id: http://svn.textmate.org/trunk/Bundles/ShellScript.tmbundle@4911 dfb7d73b-c2ec-0310-8fea-fb051d288c6d","author":"Allan Odgaard","date":"2006-08-24T02:25:49+00:00","summary":"• add support for HTML-heredocs"},{"commit":"5ffcaf6f959c3eff61ac218b93138128fbc1a4cb","body":"git-svn-id: http://svn.textmate.org/trunk/Bundles/ShellScript.tmbundle@4434 dfb7d73b-c2ec-0310-8fea-fb051d288c6d","author":"Allan Odgaard","date":"2006-07-19T18:38:08+00:00","summary":"• remove (Bash) from the bundle name, as really only the language grammar is bash-flavored"},{"commit":"d5a3653cbfbbb0e0a03400c3bdd80de5e3b13d51","body":"git-svn-id: http://svn.textmate.org/trunk/Bundles/ShellScript.tmbundle@4362 dfb7d73b-c2ec-0310-8fea-fb051d288c6d","author":"Allan Odgaard","date":"2006-07-17T10:07:47+00:00","summary":"• rename on disk to reflect the new name"},{"commit":"ea66dc40c17de61802b78f2fa84672945936f876","body":"git-svn-id: http://svn.textmate.org/trunk/Bundles/UnixShell.tmbundle@4361 dfb7d73b-c2ec-0310-8fea-fb051d288c6d","author":"Allan Odgaard","date":"2006-07-17T10:05:19+00:00","summary":"• rename bundle and grammar to Shell Script (Bash) • title case heredoc snippet and make it quote the token by default (tab to select the quotes) • make the New Function snippet also work with a tab trigger (fun) • new command (on <kbd class='keyEquivalent'>⌃\"</kbd>) to toggle between `shell code` and $(shell code) • update menu structure"},{"commit":"e49e437db07dedbc05bfd59c990bf1f88b3b3baf","body":"git-svn-id: http://svn.textmate.org/trunk/Bundles/UnixShell.tmbundle@4281 dfb7d73b-c2ec-0310-8fea-fb051d288c6d","author":"Allan Odgaard","date":"2006-07-16T22:22:32+00:00","summary":"• change here-string to herestring (to be consistent with our spelling of heredoc) • split quoted herestring rule into one for single and one for double quoted herestrings"},{"commit":"893950dbcd291c2e83ba933ce7bd4e35c3bea259","body":"git-svn-id: http://svn.textmate.org/trunk/Bundles/UnixShell.tmbundle@4231 dfb7d73b-c2ec-0310-8fea-fb051d288c6d","author":"Michael Sheets","date":"2006-07-16T02:16:52+00:00","summary":"Change string.interpolation.process-substitution.shell to string.interpolated.process-substitution.shell"},{"commit":"c9b02918656f8b0e8973027426651e688de7b229","body":"git-svn-id: http://svn.textmate.org/trunk/Bundles/UnixShell.tmbundle@4189 dfb7d73b-c2ec-0310-8fea-fb051d288c6d","author":"Michael Sheets","date":"2006-07-14T03:51:35+00:00","summary":"Change constant.escape.shell to constant.character.escape.shell"},{"commit":"e4f7599e11f8817d0de416d8d8fed2be717ce5ff","body":"git-svn-id: http://svn.textmate.org/trunk/Bundles/UnixShell.tmbundle@4112 dfb7d73b-c2ec-0310-8fea-fb051d288c6d","author":"Michael Sheets","date":"2006-07-11T08:35:41+00:00","summary":"Change declaration.here-string.shell and declaration.function.shell to met.here-string.shell and meta.function.shell respectively."},{"commit":"041476d85cee9b969ffffa5504808d1e08a6a95d","body":"git-svn-id: http://svn.textmate.org/trunk/Bundles/UnixShell.tmbundle@3650 dfb7d73b-c2ec-0310-8fea-fb051d288c6d","author":"Allan Odgaard","date":"2006-06-14T03:05:40+00:00","summary":"• remove tab trigger from name (second batch)"},{"commit":"8194535137ee17febce6e03bb45bc9f5757769be","body":"git-svn-id: http://svn.textmate.org/trunk/Bundles/UnixShell.tmbundle@3648 dfb7d73b-c2ec-0310-8fea-fb051d288c6d","author":"Allan Odgaard","date":"2006-06-14T02:52:10+00:00","summary":"• remove mention of tab trigger from the name"},{"commit":"a6fa847fca7b9d943ddf8b78038577c9ce330bf7","body":"git-svn-id: http://svn.textmate.org/trunk/Bundles/UnixShell.tmbundle@3561 dfb7d73b-c2ec-0310-8fea-fb051d288c6d","author":"Allan Odgaard","date":"2006-06-06T20:33:45+00:00","summary":"• this one lost its tab trigger in last commit"},{"commit":"40760f13cb04567b70f2b07256117d44a0d70c68","body":"git-svn-id: http://svn.textmate.org/trunk/Bundles/UnixShell.tmbundle@3500 dfb7d73b-c2ec-0310-8fea-fb051d288c6d","author":"Allan Odgaard","date":"2006-06-02T13:53:18+00:00","summary":"• fix the for … done snippet • change Run Command to prompt user if the script is not executable and offer him a chance to make it so. Also tell the user the exit status of the script executed"},{"commit":"e2f4d71f29684ca07862aa45f9e1026fc744eb6e","body":"git-svn-id: http://svn.textmate.org/trunk/Bundles/UnixShell.tmbundle@3410 dfb7d73b-c2ec-0310-8fea-fb051d288c6d","author":"Jacob Rus","date":"2006-05-24T08:12:20+00:00","summary":"take space out of here-doc snippet"},{"commit":"687c5e2fa4f1e80562dd80ec0d9888d304795539","body":"git-svn-id: http://svn.textmate.org/trunk/Bundles/UnixShell.tmbundle@3409 dfb7d73b-c2ec-0310-8fea-fb051d288c6d","author":"Jacob Rus","date":"2006-05-24T08:07:47+00:00","summary":"add APPLESCRIPT here-doc token to grammar"},{"commit":"193c048e9286d55ce7037e7c6987f559ca45522c","body":"git-svn-id: http://svn.textmate.org/trunk/Bundles/UnixShell.tmbundle@3377 dfb7d73b-c2ec-0310-8fea-fb051d288c6d","author":"Allan Odgaard","date":"2006-05-21T10:53:29+00:00","summary":"• added menu structure (separators and submenus) which will be used starting with next build"},{"commit":"b53a467f5dc15d2cbb16e9448ae204fe82edb620","body":"git-svn-id: http://svn.textmate.org/trunk/Bundles/UnixShell.tmbundle@3213 dfb7d73b-c2ec-0310-8fea-fb051d288c6d","author":"Jacob Rus","date":"2006-05-03T08:25:00+00:00","summary":"Bash: Change for snippet back to counting form, add forin snippet, and minor tweaking"},{"commit":"2eb12f08f9bd0ace3433fd1101279488b9a39965","body":"git-svn-id: http://svn.textmate.org/trunk/Bundles/UnixShell.tmbundle@3210 dfb7d73b-c2ec-0310-8fea-fb051d288c6d","author":"Jacob Rus","date":"2006-05-03T00:43:28+00:00","summary":"add shift-return to bash"},{"commit":"c296f4696b273b990e6ebfd657af0e67c8972b47","body":"git-svn-id: http://svn.textmate.org/trunk/Bundles/UnixShell.tmbundle@3206 dfb7d73b-c2ec-0310-8fea-fb051d288c6d","author":"Jacob Rus","date":"2006-05-03T00:16:23+00:00","summary":"Add a bunch of bash snippets, and tweak some existing ones"},{"commit":"77040a761df8ca624357e50589cde0e2082c9062","body":"git-svn-id: http://svn.textmate.org/trunk/Bundles/UnixShell.tmbundle@3129 dfb7d73b-c2ec-0310-8fea-fb051d288c6d","author":"Allan Odgaard","date":"2006-04-27T08:54:29+00:00","summary":"• added newline after snippet, mainly so that tab will move to the new line (I always press tab after inserting this snippet, overwriting the selected shell command to run)"},{"commit":"b323b39208fcbaac6dc9197c63198ae1d41c4ad3","body":"git-svn-id: http://svn.textmate.org/trunk/Bundles/UnixShell.tmbundle@2977 dfb7d73b-c2ec-0310-8fea-fb051d288c6d","author":"Allan Odgaard","date":"2006-04-09T21:31:30+00:00","summary":"• all single line comments, bullet points (plain text), and quoted lines (mail) now optionally match the newline character — this is so that when the caret is at the end of the line, the scope is still that of “the line.” This is so key equivalents bound to a given scope (like the ‘enter’ key) also work when typing at the end of the line, which would be expected."},{"commit":"3e000f880d03c23f9c1963dfec7dea6844d911ee","body":"git-svn-id: http://svn.textmate.org/trunk/Bundles/UnixShell.tmbundle@2973 dfb7d73b-c2ec-0310-8fea-fb051d288c6d","author":"Allan Odgaard","date":"2006-04-09T03:04:28+00:00","summary":"• made comments its own entry (instead of part of the miscellaneous) • added additional comment variants for the languages which have them (that I am aware of, and have the bundle enabled)"},{"commit":"7ef69f5c1806ad5d69f2e73f222c9a33dc389ed5","body":"This variable control which sections should be searched. If it is unset, TM will set it to 2-9, so to exclude shell commands.\n\nIf you want to have it also show shell commands, go to Preferences -> Advanced and set MANSECT to 1:2:3:4:5:6:7:8:9. I probably will make it fallback to searching section 1, if no matches where found in 2-9.\n\n\n\ngit-svn-id: http://svn.textmate.org/trunk/Bundles/UnixShell.tmbundle@2963 dfb7d73b-c2ec-0310-8fea-fb051d288c6d","author":"Allan Odgaard","date":"2006-04-06T18:58:09+00:00","summary":"• only set MANSECT if it is not already set."},{"commit":"bc6c376bd9c857bc8f7ea0c29429074f535ee0de","body":"git-svn-id: http://svn.textmate.org/trunk/Bundles/UnixShell.tmbundle@2954 dfb7d73b-c2ec-0310-8fea-fb051d288c6d","author":"Allan Odgaard","date":"2006-04-05T07:10:13+00:00","summary":"• links to other man-pages now work for man lookups (via ctrl-H)"},{"commit":"31eae2d5d4f31d89c1fda9e7c518064e5235f513","body":"git-svn-id: http://svn.textmate.org/trunk/Bundles/UnixShell.tmbundle@2925 dfb7d73b-c2ec-0310-8fea-fb051d288c6d","author":"Allan Odgaard","date":"2006-04-01T01:56:50+00:00","summary":"• only search in manual sections 2-9"},{"commit":"17c9e86f7d395bd4c53d38c28709bcb9401d4159","body":"git-svn-id: http://svn.textmate.org/trunk/Bundles/UnixShell.tmbundle@2831 dfb7d73b-c2ec-0310-8fea-fb051d288c6d","author":"Kevin Ballard","date":"2006-03-07T20:30:33+00:00","summary":"Add support for bash heredoc with a backslash-escaped first char. Yes this is a pretty limited thing but I needed it for real-world code"},{"commit":"205db78a3d454443358c4c2b833bdef0a9a90b3c","body":"git-svn-id: http://svn.textmate.org/trunk/Bundles/UnixShell.tmbundle@2621 dfb7d73b-c2ec-0310-8fea-fb051d288c6d","author":"Kevin Ballard","date":"2006-01-30T01:54:56+00:00","summary":"Add Unix Shell as default syntax for .bash_profile, .bashrc, .profile, .bash_login, and .bash_logout"},{"commit":"724f09296dbd6113c0eb38a706863d5e4ef6995d","body":"git-svn-id: http://svn.textmate.org/trunk/Bundles/UnixShell.tmbundle@2474 dfb7d73b-c2ec-0310-8fea-fb051d288c6d","author":"Kumar McMillan","date":"2005-12-16T17:35:21+00:00","summary":"Made shebang match more flexible, to match something like \"#!/usr/bin/env bash\" as a shell script (got to love FreeBSD and its quirks).  I don't see how this will break anything"},{"commit":"e5bb43211303c1402163279ff22e98e963226b34","body":"git-svn-id: http://svn.textmate.org/trunk/Bundles/UnixShell.tmbundle@2420 dfb7d73b-c2ec-0310-8fea-fb051d288c6d","author":"Allan Odgaard","date":"2005-12-09T12:42:42+00:00","summary":"• use language (scope) name as default value"},{"commit":"1c0769144334e085d4e79523c3ce93e0b50b4cff","body":"git-svn-id: http://svn.textmate.org/trunk/Bundles/UnixShell.tmbundle@2376 dfb7d73b-c2ec-0310-8fea-fb051d288c6d","author":"Allan Odgaard","date":"2005-12-03T03:53:54+00:00","summary":"• using RUBY as here-doc token gives a source.ruby environment"},{"commit":"4fb7b51d2b68559a070af9571670b87adcd0bf6e","body":"git-svn-id: http://svn.textmate.org/trunk/Bundles/UnixShell.tmbundle@2273 dfb7d73b-c2ec-0310-8fea-fb051d288c6d","author":"Allan Odgaard","date":"2005-11-24T06:34:20+00:00","summary":"• make more commands use fallback for selection and the new menu title feature"},{"commit":"651b94c673e805aee96c551a1d34ee2d2dd8bf1d","body":"git-svn-id: http://svn.textmate.org/trunk/Bundles/UnixShell.tmbundle@2225 dfb7d73b-c2ec-0310-8fea-fb051d288c6d","author":"Allan Odgaard","date":"2005-11-22T00:25:40+00:00","summary":"• remove Current (prefix to Word) from title (as we don't use it elsewhere)"},{"commit":"32368896df71a2e5499d084053382ff4649f4676","body":"git-svn-id: http://svn.textmate.org/trunk/Bundles/UnixShell.tmbundle@2216 dfb7d73b-c2ec-0310-8fea-fb051d288c6d","author":"Allan Odgaard","date":"2005-11-21T22:08:24+00:00","summary":"• make it clear the window and print pwd (just for the aesthetic value of it)"},{"commit":"9b8e16ef26dab1b8889bf447b68254880d16b80f","body":"if …\n   then …\n   else …\nfi\n\n\ngit-svn-id: http://svn.textmate.org/trunk/Bundles/UnixShell.tmbundle@2085 dfb7d73b-c2ec-0310-8fea-fb051d288c6d","author":"Allan Odgaard","date":"2005-11-04T11:10:04+00:00","summary":"• no longer require the decrease indent patterns to be followed by EOL -- this is mainly for the “elif” -- I intentionally left out “else” from the decrease indent, since I write my if statements like this (most of the time):"},{"commit":"055012351fe7234c5e238d3d5270881c67e269e1","body":"git-svn-id: http://svn.textmate.org/trunk/Bundles/UnixShell.tmbundle@2029 dfb7d73b-c2ec-0310-8fea-fb051d288c6d","author":"Allan Odgaard","date":"2005-10-28T04:44:03+00:00","summary":"• fixed all decrease indent patterns to make the leading whitespace optional"},{"commit":"ec828a56379a720d3e660d9ea996988f99ee962a","body":"git-svn-id: http://svn.textmate.org/trunk/Bundles/UnixShell.tmbundle@2012 dfb7d73b-c2ec-0310-8fea-fb051d288c6d","author":"Allan Odgaard","date":"2005-10-26T02:21:51+00:00","summary":"• a bit of renaming, a bit of minor improvements"},{"commit":"5ad9d0b63381991d5f5730b881f0a1bae1ca832b","body":"git-svn-id: http://svn.textmate.org/trunk/Bundles/UnixShell.tmbundle@1961 dfb7d73b-c2ec-0310-8fea-fb051d288c6d","author":"Allan Odgaard","date":"2005-10-20T13:36:43+00:00","summary":"• include self inside $( … )"},{"commit":"63fd6096d65cfdecdb7224276af6570f6e6baa1b","body":"git-svn-id: http://svn.textmate.org/trunk/Bundles/UnixShell.tmbundle@1834 dfb7d73b-c2ec-0310-8fea-fb051d288c6d","author":"Allan Odgaard","date":"2005-09-26T00:06:57+00:00","summary":"• a lot of fixes (not sure why it was so broken)"},{"commit":"dddcde5e7452fb6a839b42023e7ec5d32628d01b","body":"git-svn-id: http://svn.textmate.org/trunk/Bundles/UnixShell.tmbundle@1800 dfb7d73b-c2ec-0310-8fea-fb051d288c6d","author":"Kumar McMillan","date":"2005-09-15T20:22:56+00:00","summary":"Added snippet to make a shebang header out of #!/usr/bin/env (useful for most kinds of scripts). I had a good look around to make sure no one added this already but please kick me if I missed it!"},{"commit":"79baaa79df543b6f378c07ef3a8e4010370fa103","body":"git-svn-id: http://svn.textmate.org/trunk/Bundles/UnixShell.tmbundle@1701 dfb7d73b-c2ec-0310-8fea-fb051d288c6d","author":"Allan Odgaard","date":"2005-09-05T20:49:01+00:00","summary":"• the rule to match closing brackets now accept them also w/o the ; for when they are the first thing (ignoring spaces) on the line"},{"commit":"b11a0c8008893560686c00b921d0a9835301164a","body":"git-svn-id: http://svn.textmate.org/trunk/Bundles/UnixShell.tmbundle@1689 dfb7d73b-c2ec-0310-8fea-fb051d288c6d","author":"Allan Odgaard","date":"2005-09-04T06:14:19+00:00","summary":"• placeholder is now only on the “condition” part of “[[ condition ]]” (matches the if snippet, just forgot to update this)"},{"commit":"f6ff170cbbf8a64f1ade90e2aca33df841181744","body":"git-svn-id: http://svn.textmate.org/trunk/Bundles/UnixShell.tmbundle@1664 dfb7d73b-c2ec-0310-8fea-fb051d288c6d","author":"Allan Odgaard","date":"2005-09-01T21:38:53+00:00","summary":"• moved $variables to single repository rule"},{"commit":"de0a7f55c0ebfa33464dede9252ef85ac67a8589","body":"git-svn-id: http://svn.textmate.org/trunk/Bundles/UnixShell.tmbundle@1502 dfb7d73b-c2ec-0310-8fea-fb051d288c6d","author":"Allan Odgaard","date":"2005-08-11T04:55:41+00:00","summary":"• added comment settings and increase/decrease indent patterns for source.shell"},{"commit":"3449b60945f2fd824bed3d8c645e7c32362dec85","body":"git-svn-id: http://svn.textmate.org/trunk/Bundles/UnixShell.tmbundle@1281 dfb7d73b-c2ec-0310-8fea-fb051d288c6d","author":"Allan Odgaard","date":"2005-07-01T11:32:15+00:00","summary":"• rewrote the grammar to match most of the high level constructs mentioned in “man bash”. I didn't use recursion for several of the constructs which actually do contain shell expressions (e.g. interpolated strings), mainly because bash works by doing 7 iterative expansions and quote/space removal, and it's rather difficult to simulate this with a grammar."},{"commit":"41666c8986d7731be1515e8dd71e87d20cb5ffa0","body":"git-svn-id: http://svn.textmate.org/trunk/Bundles/UnixShell.tmbundle@1182 dfb7d73b-c2ec-0310-8fea-fb051d288c6d","author":"Allan Odgaard","date":"2005-06-12T19:57:46+00:00","summary":"Even more languages now conform..."},{"commit":"9ed7d7af434f145975a9a2e53eee596be2e195f9","body":"git-svn-id: http://svn.textmate.org/trunk/Bundles/UnixShell.tmbundle@1170 dfb7d73b-c2ec-0310-8fea-fb051d288c6d","author":"Kumar McMillan","date":"2005-06-09T18:25:29+00:00","summary":"changed tooltip message to \"... is now executable\"."},{"commit":"77e36065b1670e01c54cbc29849886b3f04c7690","body":"git-svn-id: http://svn.textmate.org/trunk/Bundles/UnixShell.tmbundle@1049 dfb7d73b-c2ec-0310-8fea-fb051d288c6d","author":"Allan Odgaard","date":"2005-05-22T04:45:30+00:00","summary":"• Narrowed the placeholder since I always need the brackets."},{"commit":"0eefe46fa9ab2c32d5bb9e443c1e6f3587b18b36","body":"I wasn't sure which of the Perl commands should get the command-R key.\n\ngit-svn-id: http://svn.textmate.org/trunk/Bundles/UnixShell.tmbundle@1008 dfb7d73b-c2ec-0310-8fea-fb051d288c6d","author":"Allan Odgaard","date":"2005-05-20T20:13:49+00:00","summary":"ª Changed key equivalent to command-R."},{"commit":"03b56b7eb3925f04a9e31bfe6698244f402f9ee3","body":"git-svn-id: http://svn.textmate.org/trunk/Bundles/UnixShell.tmbundle@996 dfb7d73b-c2ec-0310-8fea-fb051d288c6d","author":"Allan Odgaard","date":"2005-05-20T19:08:01+00:00","summary":"Should have been included in last commit."},{"commit":"738f736f0111cb55b260dbe909dc17225514c0b8","body":"git-svn-id: http://svn.textmate.org/trunk/Bundles/UnixShell.tmbundle@916 dfb7d73b-c2ec-0310-8fea-fb051d288c6d","author":"Allan Odgaard","date":"2005-05-15T02:18:40+00:00","summary":"Changed all uses of \\&lt; and \\> to \\b. Beta 9 uses oniguruma as regular expression library and doesn't have the former. Other than that, and lack of conditions (?(n)&lt;true>:&lt;false>) (and different syntax for (?R)) then there shouldn't be any compatibility problems. On the positive side, oniguruma has recursive sub-groups, look-behind, is faster, and gives proper error codes for bad regular expressions!"},{"commit":"ce1f35bc21c52dda9b099665b15f1f46baf26a5a","body":"git-svn-id: http://svn.textmate.org/trunk/Bundles/UnixShell.tmbundle@879 dfb7d73b-c2ec-0310-8fea-fb051d288c6d","author":"Allan Odgaard","date":"2005-05-08T14:16:08+00:00","summary":"For use between if and fi."},{"commit":"00fa5ae86e672d29776ff4870c357ab9df05573f","body":"git-svn-id: http://svn.textmate.org/trunk/Bundles/UnixShell.tmbundle@857 dfb7d73b-c2ec-0310-8fea-fb051d288c6d","author":"Allan Odgaard","date":"2005-05-06T12:21:45+00:00","summary":"• Added missing tab trigger to ODC snippet • Changed key equivalent to cltr-shift-O for Open Terminal • Added scope (source.c, source.objc) to Build command"},{"commit":"3533af1d199b3e9cca1dc956d0625b4ccd9a846a","body":"- Added $0 after the XML tag snippets.\n\nCan snippet editors please do this for *every* snippet they define, unless they have a very good reason not to? It sucks to be able to smart tab to different places of the snippet, but end up caught in the snippet and you have to arrow your way out of the snippet.\n\ngit-svn-id: http://svn.textmate.org/trunk/Bundles/UnixShell.tmbundle@850 dfb7d73b-c2ec-0310-8fea-fb051d288c6d","author":"Jeroen van der Ham","date":"2005-05-04T23:25:44+00:00","summary":"- Updated Simple Theme to do a bit better highlighting of XML - Updated the Terminal script to some version that Allan suggested on IRC a couple of days ago"},{"commit":"b6ada6dda69ee6a5fa82d6d4cf2aa09da09b36b8","body":"git-svn-id: http://svn.textmate.org/trunk/Bundles/UnixShell.tmbundle@829 dfb7d73b-c2ec-0310-8fea-fb051d288c6d","author":"Allan Odgaard","date":"2005-05-03T22:36:01+00:00","summary":"Using the new entity.* hierarchy for functions, classes, and tags."},{"commit":"282c9a1c6ffa0b7b8fb2c7dada311604132ff18d","body":"git-svn-id: http://svn.textmate.org/trunk/Bundles/UnixShell.tmbundle@808 dfb7d73b-c2ec-0310-8fea-fb051d288c6d","author":"Allan Odgaard","date":"2005-04-29T08:20:06+00:00","summary":"A lot of renaming, re-ordering, inserting “whatever” as placeholder text etc."},{"commit":"2edf39663293a1276153d30f043c42b3c384d622","body":"git-svn-id: http://svn.textmate.org/trunk/Bundles/UnixShell.tmbundle@677 dfb7d73b-c2ec-0310-8fea-fb051d288c6d","author":"Allan Odgaard","date":"2005-04-23T02:42:30+00:00","summary":"• Removed the lone-pound comment rule and made the general rule not catch “#{” using negative look-ahead assertion. Though I don't know what #{...} is supposed to be, anyone?"},{"commit":"92482b2a050fbe584d3324d0bc2622cd66dba0e2","body":"git-svn-id: http://svn.textmate.org/trunk/Bundles/UnixShell.tmbundle@676 dfb7d73b-c2ec-0310-8fea-fb051d288c6d","author":"Allan Odgaard","date":"2005-04-23T02:34:13+00:00","summary":"• Improved function matching pattern to not give false positives when using “()” inside e.g. strings."},{"commit":"9f1d1debb872658c550071d959aad17fab486afc","body":"I intend to go through “man bash” in a few days and radically improve this syntax and then make it bash rather than sh.\n\ngit-svn-id: http://svn.textmate.org/trunk/Bundles/UnixShell.tmbundle@675 dfb7d73b-c2ec-0310-8fea-fb051d288c6d","author":"Allan Odgaard","date":"2005-04-22T23:19:26+00:00","summary":"• Changed string.back-quoted to string.backticked. There still is string.dollar-quoted ($'foo'), string.shell-interpolation ($(...)), and string.math ($((...))). • Made functions follow the declaration.function function-name convention • Removed styles"},{"commit":"aacab45836c7278308ec72639a497ffb8a0c6813","body":"git-svn-id: http://svn.textmate.org/trunk/Bundles/UnixShell.tmbundle@649 dfb7d73b-c2ec-0310-8fea-fb051d288c6d","author":"Allan Odgaard","date":"2005-04-22T08:47:20+00:00","summary":"Changed all names to singular form."},{"commit":"d328d514639171cfdaa16ceef1f9c25ffb114ff6","body":"git-svn-id: http://svn.textmate.org/trunk/Bundles/UnixShell.tmbundle@622 dfb7d73b-c2ec-0310-8fea-fb051d288c6d","author":"Allan Odgaard","date":"2005-04-21T07:41:17+00:00","summary":"Moved all bundles. I'm not sure what happens if you do “svn up” and you have modified stuff inside one of the bundles."},{"commit":"e64b2a0f911082fa5b8dcb023bff853174d3afb8","body":"git-svn-id: http://svn.textmate.org/trunk/UnixShell.tmbundle@612 dfb7d73b-c2ec-0310-8fea-fb051d288c6d","author":"Allan Odgaard","date":"2005-04-21T07:08:56+00:00","summary":"• Added scopeName key to all languages. Most of them as source.&lt;filename>. • Added a language for plain text files, currently just markups bullet points (so I can continue these on 'enter' using a scoped snippet). • Added a new “firstLineMatch” key to Perl, Ruby, and Shell languages. • The C/Objective-C languages use the scopeName in their include directives, this doesn't work for beta 5. • Ruby now includes “source.ruby” when using #{ ... } in strings. • Added capture names to a few languages (objective-c methods, though it's not very consistant, we'll need to discuss how to split up functions and name the various parts). • Removed plist filetype from XML, assuming that people loading a plist into a text editor would generally use the old-style format."},{"commit":"1a39c8562fd9c491ffb75d17f00477dd1ba42111","body":"git-svn-id: http://svn.textmate.org/trunk/UnixShell.tmbundle@578 dfb7d73b-c2ec-0310-8fea-fb051d288c6d","author":"Allan Odgaard","date":"2005-04-13T01:26:59+00:00","summary":"Some new (useful) stuff. Sorry about cluttering the namespace with if/for snippets (beta 6 is _really_ close now :) )."},{"commit":"75bf3f6b47a09b2f7cb7aab868fabcb16832a886","body":"git-svn-id: http://svn.textmate.org/trunk/UnixShell.tmbundle@572 dfb7d73b-c2ec-0310-8fea-fb051d288c6d","author":"Allan Odgaard","date":"2005-04-07T00:11:27+00:00","summary":"Changed key equivalent to ctrl-shift-O."},{"commit":"200dfbbbd70f84f9f985f9efb64755f9c1c131fa","body":"git-svn-id: http://svn.textmate.org/trunk/UnixShell.tmbundle@568 dfb7d73b-c2ec-0310-8fea-fb051d288c6d","author":"Kumar McMillan","date":"2005-04-06T03:39:40+00:00","summary":"Added two utilities to Unix Shell bundle:  * Make Current File Executable (useful for creating a new scripts in TM)  * Execute Current File in Window"},{"commit":"5701e397f9e4f474f81cf821c9e38f3e2e29ff85","body":"git-svn-id: http://svn.textmate.org/trunk/UnixShell.tmbundle@455 dfb7d73b-c2ec-0310-8fea-fb051d288c6d","author":"Kumar McMillan","date":"2005-03-09T21:39:17+00:00","summary":"ok, fixed info.plist.  it is not reverted back to revision 356, before I accidentally checked one in ;)"},{"commit":"953614489ab65206240197b31322ee5d1cdb8f76","body":"git-svn-id: http://svn.textmate.org/trunk/UnixShell.tmbundle@454 dfb7d73b-c2ec-0310-8fea-fb051d288c6d","author":"Kumar McMillan","date":"2005-03-09T20:14:19+00:00","summary":"removed bold font styling on PHP/CSS plist for compatibility with non anti-aliased font settings"},{"commit":"a3ce53bc4de0d8f401bd682467cdc1fc36fa177b","body":"git-svn-id: http://svn.textmate.org/trunk/UnixShell.tmbundle@361 dfb7d73b-c2ec-0310-8fea-fb051d288c6d","author":"Kevin Ballard","date":"2005-02-24T19:03:36+00:00","summary":"Add key shortcut cmd-opt-O to Open directory in Terminal"},{"commit":"dcc3ba5bb838b90ba6b650e2dd1719096a5e28a3","body":"git-svn-id: http://svn.textmate.org/trunk/UnixShell.tmbundle@356 dfb7d73b-c2ec-0310-8fea-fb051d288c6d","author":"Kevin Ballard","date":"2005-02-23T22:38:58+00:00","summary":"Add new command Open directory in Terminal to open TM_DIRECTORY in Terminal.app"},{"commit":"8dac275dac0b8f4eee8d8707fdbd5a841b79ffc9","body":"git-svn-id: http://svn.textmate.org/trunk/UnixShell.tmbundle@354 dfb7d73b-c2ec-0310-8fea-fb051d288c6d","author":"Kevin Ballard","date":"2005-02-23T22:17:48+00:00","summary":"Added new variable TM_RMAN that lets the user use a custom-installed rman with the man... command Made the man... command use the system-provided version of man when rman cannot be found. This is because the -t option changes with newer versions of man that causes it to output postscript instead of html"},{"commit":"e6a9186ba3b7352c2fae054515250ba84f8f130e","body":"git-svn-id: http://svn.textmate.org/trunk/UnixShell.tmbundle@234 dfb7d73b-c2ec-0310-8fea-fb051d288c6d","author":"Allan Odgaard","date":"2005-02-11T02:40:58+00:00","summary":"Disabled output buffering and set the dontFollowOutput key to true for the man and W3C commands (to not make the HTML output window scroll to the bottom on new output)."},{"commit":"2dfabd8a10ff19db98dcf6e5edf347fdf620a4cc","body":"git-svn-id: http://svn.textmate.org/trunk/UnixShell.tmbundle@212 dfb7d73b-c2ec-0310-8fea-fb051d288c6d","author":"Allan Odgaard","date":"2005-02-09T02:40:51+00:00","summary":"• Removed onClick=window.close() from PDF LaTeX and W3C validation. • Added extra end placeholder to obj-c snippet. • Made man prefer TM_SELECTED_TEXT over TM_CURRENT_WORD so that we can do man for “3 mktemp”."},{"commit":"1a3bf2c23e1f26d0eb2872d37f27d0bd0daff019","body":"git-svn-id: http://svn.textmate.org/trunk/UnixShell.tmbundle@205 dfb7d73b-c2ec-0310-8fea-fb051d288c6d","author":"Chris Thomas","date":"2005-02-07T19:04:58+00:00","summary":"Nuke annotate; use Blame instead"},{"commit":"4ca2ebf5b375b1b55de8c54125120936a6fdef06","body":"git-svn-id: http://svn.textmate.org/trunk/UnixShell.tmbundle@159 dfb7d73b-c2ec-0310-8fea-fb051d288c6d","author":"Allan Odgaard","date":"2005-01-31T14:24:06+00:00","summary":"Added spaces to bundle names."},{"commit":"eeec00010542a55f8780e46632913f098d34a3f6","body":"git-svn-id: http://svn.textmate.org/trunk/UnixShell.tmbundle@157 dfb7d73b-c2ec-0310-8fea-fb051d288c6d","author":"Allan Odgaard","date":"2005-01-31T04:36:06+00:00","summary":"A few teasers (HTML output for all of these, so they won't work for b3)."},{"commit":"7cac737e58b46737b394bcbcf9f7dd2b21d78c70","body":"git-svn-id: http://svn.textmate.org/trunk/UnixShell.tmbundle@105 dfb7d73b-c2ec-0310-8fea-fb051d288c6d","author":"Allan Odgaard","date":"2005-01-20T20:01:52+00:00","summary":"Added UUID to all syntaxes."},{"commit":"fb36cfec1255bd44d060683fc04a86626de29e81","body":"git-svn-id: http://svn.textmate.org/trunk/UnixShell.tmbundle@90 dfb7d73b-c2ec-0310-8fea-fb051d288c6d","author":"Chris Thomas","date":"2005-01-17T06:59:01+00:00","summary":"Implementing new keyword naming in Ada, Fortran, Inform, Pascal, Lisp, iCalendar bundles. Notably added 'constants.numeric.*' class. Some of the syntax files need additional refinement to support fine-grained keyword classes, that's for another day."},{"commit":"1d9fec0c6fe6a422caff222d2f5e9990b54dcc1e","body":"git-svn-id: http://svn.textmate.org/trunk/UnixShell.tmbundle@70 dfb7d73b-c2ec-0310-8fea-fb051d288c6d","author":"Allan Odgaard","date":"2005-01-09T10:36:22+00:00","summary":"Added UUID to each bundle."},{"commit":"68ba269460cd0fab8165d3e3fc32c86089f69b0c","body":"git-svn-id: http://svn.textmate.org/trunk/UnixShell.tmbundle@21 dfb7d73b-c2ec-0310-8fea-fb051d288c6d","author":"Chris Thomas","date":"2005-01-04T02:51:54+00:00","summary":"Add Objective-C, Fortran, UnixShell, Makefile, PropertyList, Pascal, Ada bundles to the repository."}]}