{"commits":[{"summary":"Various Improvements","author":"Michael Sheets","commit":"ff14cd28e36772d13de16606903b36a091ffeb33","body":"Changes made in prep for switching 2.0 installer over to this fork","date":"2013-03-28T14:46:28-04:00"},{"summary":"Fix #23 Remove trailing-whitespace highlighting","author":"Karl Swedberg","commit":"3812e8dc86e13c77aeaa0851e1bc1d263686d573","body":"While I personally like the reminder to remove trailing whitespace,\nI recognize that this would be better implemented by others\nindividually, rather than forcing it upon them.","date":"2012-05-31T09:51:25-04:00"},{"summary":"added .prop() snippets","author":"Karl Swedberg","commit":"879fd8973e955452999dcd5ff20ff75f2f4cf2ea","body":"","date":"2012-01-12T10:54:15-05:00"},{"summary":"updated grammar, help, etc., for jQuery 1.7","author":"Karl Swedberg","commit":"4c8a8b246ded5c382534c12fd3f86177167e71ba","body":"","date":"2012-01-06T13:59:41-05:00"},{"summary":"added a few more methods to the grammar.","author":"Karl Swedberg","commit":"92176eca2f0cd3b4df9c2376a1c6ff6f41cb33c8","body":"","date":"2011-11-28T23:19:55-05:00"},{"summary":"Fixed the fadeToggle autocompletion","author":"Mayank Kohaley","commit":"94c2ec9a116658b66968dde992c1c2a46606977d","body":"","date":"2011-11-27T23:08:31+05:30"},{"summary":"added snippets for .on(), .off(), and quick snippets for e.preventdefault e.stopprop, e.target","author":"Karl Swedberg","commit":"75b5db070ad3ba33ad75bd71acb062dd2c2a6387","body":"","date":"2011-11-02T14:17:26-04:00"},{"summary":"escaped $; fixes #19. thx jorgecasar","author":"Karl Swedberg","commit":"118294304e7a5ec8e84d2124b77f98870e84cc52","body":"","date":"2011-09-22T08:34:41-04:00"},{"summary":"cleaned up a couple minor things and fixed plugin (method extras). fixes #18","author":"Karl Swedberg","commit":"57fb9738a648451fb21450fd3cc3475ebd372fe1","body":"","date":"2011-09-20T15:29:35-04:00"},{"summary":"fix fallback help url @ MDN and add some methods to language file","author":"Karl Swedberg","commit":"85de02cac9e59208b6510ab122402dad8dac7385","body":"","date":"2011-09-20T15:17:54-04:00"},{"summary":"* simplified \"basic\" method plugin snippet * added an \"extras\" method plugin snippet \tThanks to @ralphholzmann for the inspiration!","author":"Karl Swedberg","commit":"47d7b5be525ba5e587de81b0d5f00a0c13922a54","body":"","date":"2011-02-25T12:32:04-05:00"},{"summary":"* simplified \"basic\" method plugin snippet * added an \"extras\" method plugin snippet","author":"Karl Swedberg","commit":"a90cece533775791b4d9236686bc8a9417dc20af","body":"","date":"2011-02-25T12:32:04-05:00"},{"summary":"fixed problem with malformed xml in ^H documentation and tweaked xsl style while I was in there.","author":"Karl Swedberg","commit":"1418a60895a0759416ac9d80e5e02cfeb200fd0d","body":"","date":"2011-02-25T10:52:46-05:00"},{"summary":"added and updated a bunch of methods to catch up to jQuery 1.5 release","author":"Karl Swedberg","commit":"483911532b28984431e54dcfc2f83e1c558afddc","body":"","date":"2011-02-06T00:00:52-05:00"},{"summary":"updated all shorthand events to include optional event arg","author":"Karl Swedberg","commit":"7fa0ce2ed21df3242cc8d7b27aab124d71df37c4","body":"","date":"2011-02-06T00:00:09-05:00"},{"summary":"updated language, support, documentation files for jQuery 1.5","author":"Karl Swedberg","commit":"e597391eadad664037de31e5f67aeb05c294e30e","body":"","date":"2011-02-05T22:45:24-05:00"},{"summary":"- Added 'section' to the list of html elements","author":"minusfive","commit":"ca2eff30ccc1dddc74a7bcf5fbed7c0e97de2792","body":"","date":"2011-02-01T04:12:36-05:00"},{"summary":"added a jQuery.foo snippet for every $.foo","author":"Karl Swedberg","commit":"7d6bbde406fce8fd9b54affeed1e80a76501d92a","body":"","date":"2010-11-30T15:44:24-05:00"},{"summary":"pruned the plugin snippet a bit","author":"Karl Swedberg","commit":"4fb792ca17e1ca4c69280016f6925b1cc140dc15","body":"","date":"2010-11-19T01:23:52-05:00"},{"summary":"added two \"jquery\" snippets (for text.html scope) to insert &lt;script> tag pointing to either google ajax cdn or jQuery's own cdn","author":"Karl Swedberg","commit":"0b57f8ca28ba233bf109db7514d5c52278e61184","body":"","date":"2010-11-19T01:15:20-05:00"},{"summary":"renamed a bunch of files in an effort to make the bundle compatible with Windows E Text Editor.","author":"Karl Swedberg","commit":"95a2eebf501be520818371d15d631ab3efa0ca74","body":"","date":"2010-11-19T01:13:24-05:00"},{"summary":"added a couple QUnit snippets","author":"Karl Swedberg","commit":"7c8b0c490be765276b762686421164a3bae3fe74","body":"","date":"2010-11-19T00:36:47-05:00"},{"summary":"added missing keydown, keypress, keyup snippets","author":"Karl Swedberg","commit":"cde97331675f1798d0d1a8870f6dd24b18e36c5c","body":"","date":"2010-06-26T11:52:08-04:00"},{"summary":"Fixed select snippet.","author":"Carlos Brando","commit":"2bd11ddde828b3ae7dbed3106d2a6cac1de68767","body":"","date":"2010-06-25T06:13:03+08:00"},{"summary":"added missing snippets up until 1.4.2","author":"Sven Lito","commit":"f7a64945a718a7ced12e55a738acb0d35ac408a9","body":"","date":"2010-04-29T08:53:24+08:00"},{"summary":"minor tweak to list of snippets","author":"Karl Swedberg","commit":"37609a6976a20dad8c7ca0d25055ffdca7c9b524","body":"","date":"2010-04-28T21:02:47-04:00"},{"summary":"lots of additional snippets to fill in holes and catch up with jQuery 1.4.x","author":"Karl Swedberg","commit":"d25ecb2f2c9675822a1ee7751486e379f4e0d8a1","body":"","date":"2010-04-28T00:09:21-04:00"},{"summary":"minor changes/fixes to a few snippets","author":"Karl Swedberg","commit":"f6d72eb82b48438ca31a31ae5d1baab4444ac423","body":"","date":"2010-04-27T20:12:04-04:00"},{"summary":"removed superfluous Comment Preference file. Fixed Document for Word (esp. for $.method or jQuery.method). Added fallback to Mozilla Dev Center search when jQuery method not found.","author":"Karl Swedberg","commit":"360dd759ae0c3aa825b2f0351753db689cef55e0","body":"","date":"2010-03-26T17:19:13-04:00"},{"summary":"changed readme from textile to markdown.","author":"Karl Swedberg","commit":"34b746bb460739825fe1e8baa57b379e9b181e9b","body":"","date":"2010-03-25T15:52:46-04:00"},{"summary":"one more attempt to fix readme.textile before abandoning textile and using markdown instead. can't get rid of the stupid curly quotes","author":"Karl Swedberg","commit":"4cc32e1a1800361dcf763f136a24a66659f10af8","body":"","date":"2010-03-25T15:34:35-04:00"},{"summary":"tweaked a regex capture for jQuery properties","author":"Karl Swedberg","commit":"717e78899d224f652d03da953b3236e0df2586cd","body":"","date":"2010-03-25T15:31:37-04:00"},{"summary":"added notextile tag to see if I can remove the curly quotes from the command line instructions.","author":"Karl Swedberg","commit":"797d66dda44126589313004a4783f395f0135c11","body":"","date":"2010-03-25T12:27:32-07:00"},{"summary":"added some links to the readme file","author":"Karl Swedberg","commit":"821a5ae4796aa9761cf936d7d67a37b2b888b329","body":"","date":"2010-03-06T20:08:22-05:00"},{"summary":"Fixed up syntax highlighting for html fragments, especially with nested or escaped quotes. also, updated readme file to include instructions for downloading/installing.","author":"Karl Swedberg","commit":"db1870c88f7ef957c85171580016dace68b96653","body":"","date":"2010-03-06T20:01:56-05:00"},{"summary":"updated jQuery grammar to include html syntax highlighting when passing html fragment into jQuery function. e.g. $(&lt;img/>) or $('&lt;div class=\"foo\">&lt;/div>)","author":"Karl Swedberg","commit":"b088a1fb4ccfc77cee0b427f6d439d0d6d3652f2","body":"","date":"2010-03-06T14:04:52-05:00"},{"summary":"touched up the language grammar thingie some more. should be golden now","author":"Karl Swedberg","commit":"b52cc18f67893252a9d3fd6731f6af74e7bc9531","body":"","date":"2010-03-05T14:25:29-05:00"},{"summary":"updated language, fixed documentation for word with selected text, tidied up bind and slice snippets, removed random support file","author":"Karl Swedberg","commit":"a7df6ae8f93047e344179ccd239bb7ea7755c775","body":"","date":"2010-03-05T11:43:50-05:00"},{"summary":"cleaned up attr and css snippets. tried to make them a bit more intuitive","author":"Karl Swedberg","commit":"8015e3fd3c874d3fd6520bf32194199457270ab4","body":"","date":"2010-03-04T09:36:17-05:00"},{"summary":"cleaned up all of the ajax methods and a bunch of selectors","author":"Karl Swedberg","commit":"9cc708db0b347af3cf8665d8b301665122c51685","body":"","date":"2010-02-22T23:03:17-05:00"},{"summary":"updates for jQuery 1.4. All new context-sensitive documentation (Ctrl+ h)","author":"Karl Swedberg","commit":"52c16dfb63178cbe6a101696c11d6920f65fb058","body":"","date":"2010-02-20T23:56:50-05:00"},{"summary":"added $.inArray. hopefully fixed info.plist corruption problem","author":"Karl Swedberg","commit":"977350724c99b172c27dc36dd787a92727622cf2","body":"","date":"2010-02-10T13:36:41-05:00"},{"summary":"miscellaneous cleanup of snippets","author":"Karl Swedberg","commit":"75f923ab2b6e522ab1293ff63baa688fc0b6ebfc","body":"","date":"2009-08-25T14:25:24-04:00"},{"summary":"added .mouseenter() and .mouseleave() snippets","author":"Karl Swedberg","commit":"eb8202999f3b91e462789e2209398dfbe92a0f86","body":"","date":"2009-08-25T14:24:31-04:00"},{"summary":"added animation plugin and selector plugin snippets","author":"Karl Swedberg","commit":"dfc2df1fb6d676a5aef866534d50921f06af6d19","body":"","date":"2009-08-25T14:23:42-04:00"},{"summary":"cleaned up indentation for $.ajax and $.getScript","author":"Karl Swedberg","commit":"0c7ae914305a84c9bdcc4bbd4430435c68f161bf","body":"","date":"2009-08-25T14:22:16-04:00"},{"summary":"added live and die methods","author":"Karl Swedberg","commit":"b0622e4f889112c37e03400a6a3e63241ab29c31","body":"","date":"2009-03-04T10:32:12-05:00"},{"summary":"add .closest() snippet to bundle","author":"Karl Swedberg","commit":"8910cb198690a1df0d78dea8938432303463c522","body":"","date":"2009-02-12T13:57:43-05:00"},{"summary":"added .data method","author":"Karl Swedberg","commit":"43ef979f08e11d261149a9b4bb6bc57c3d04e0ff","body":"","date":"2009-01-27T11:02:57-05:00"},{"summary":"added $.extend, $.merge, $.unique, data. included license - dual MIT and GPL (fwiw)","author":"Karl Swedberg","commit":"195262a1ef6df1a20c41538ce912d4c51f7f6f05","body":"","date":"2008-12-08T08:35:20-05:00"},{"summary":"added hasClass, andSelf, $.map, .map methods. fixed single-property css method so it works as getter and setter (like attr does)","author":"Karl Swedberg","commit":"ece415b775cc6c361fbb2136a88a1bb9cf603092","body":"","date":"2008-11-11T00:18:40-05:00"},{"summary":"updated README to point to instructions and report/request pages","author":"Karl Swedberg","commit":"ecb8516eda1b3a55b9e32deeb52cb290fb6b8265","body":"","date":"2008-10-28T10:23:25-04:00"},{"summary":"fixed wrap, added wrapAll and wrapInner","author":"Karl Swedberg","commit":"a5ff7480a50fc7b1a32a47eada46dfa41d5dc7d7","body":"","date":"2008-10-27T15:42:19-04:00"},{"summary":"added snippets for filter(function) and triggerHandler. updated language help to jQuery 1.2.6","author":"Karl Swedberg","commit":"1aabc7f9af9d381975e096213c0c820854956326","body":"","date":"2008-10-27T15:37:22-04:00"},{"summary":"added plugin snippet","author":"Karl Swedberg","commit":"ef5416696b756d93d07ff5d350ff5efd8b1e00d8","body":"","date":"2008-10-18T20:24:00-04:00"},{"summary":"cleaned up a bunch of ajax snippets; added a couple utility snippets; deleted outdated snippets","author":"Karl Swedberg","commit":"1cb94a3f3abc3c28b1a1114ff09b9a15118aac27","body":"","date":"2008-10-06T11:01:49-04:00"},{"summary":"fixed local repo (pulled out of pristine dir); fixed trailing comma in $.ajax; added .animate with callback","author":"Karl Swedberg","commit":"2ea04f0d6e8a8a05f69869d01048f79a08d9b4af","body":"","date":"2008-10-06T10:19:26-04:00"},{"summary":"Updated README","author":"kswedberg","commit":"09f704d604c2c88f09726991756001b109c0cf90","body":"","date":"2008-09-17T10:10:50-07:00"},{"summary":"Added initial README","author":"Karl Swedberg","commit":"dab7a46cd634c04046917467997496d2b587df7c","body":"","date":"2008-09-17T13:09:44-04:00"},{"summary":"initial move to github","author":"Karl Swedberg","commit":"05d63ab22caa2ecc632379d38ed07727c0c49b56","body":"","date":"2008-09-17T12:56:37-04:00"}],"name":"JavaScript jQuery","web":"https://github.com/kswedberg/jquery-tmbundle/commit/"}