{"commits":[{"body":"","date":"2011-11-13T19:37:04-06:00","commit":"9148d530de9c7d231b899355615fcbdf1f982fab","summary":"Add readme.","author":"Michael Sheets"},{"body":"git-svn-id: http://svn.textmate.org/trunk/Bundles/Tabular.tmbundle@6838 dfb7d73b-c2ec-0310-8fea-fb051d288c6d","date":"2007-03-18T16:59:03+00:00","commit":"308ef9ba3958efc697accdf3e17d1d5f97e8c4ae","summary":"change to gmail email","author":"Jacob Rus"},{"body":"contactName:\n   The full name of the contact for this bundle.\ncontactEmailRot13:\n   A ROT13 encoded email address for the bundle contact (we obfuscate it to avoid spammers from picking up the files, seeing how bundles will often be available via anonymous svn over http).\ndescription:\n   A short description for this bundle. Do link to more info about the language (or whatever) the bundle is about. I decided on using HTML for this (but leave out the initial paragraph tag) since it seemed like overkill to run a single line of text through Markdown.pl, just to convert [foo](link) into &lt;a href=\"link\">foo&lt;/a>\n\nMany of the current descriptions could use some improvements, I just wanted to get the ball rolling :)\n\n\ngit-svn-id: http://svn.textmate.org/trunk/Bundles/Tabular.tmbundle@6718 dfb7d73b-c2ec-0310-8fea-fb051d288c6d","date":"2007-03-04T20:11:31+00:00","commit":"9533cbe2a130f7e6cae44a188d625eaccfb51a40","summary":"Add the following keys to the bundle’s info.plist:","author":"Allan Odgaard"},{"body":"git-svn-id: http://svn.textmate.org/trunk/Bundles/Tabular.tmbundle@5259 dfb7d73b-c2ec-0310-8fea-fb051d288c6d","date":"2006-09-17T21:06:44+00:00","commit":"55f437c15510451427f25c8890f049a65e3f0615","summary":"[NEW] Initial commit of Tabular bundle, with CSV, TSV grammars","author":"Jacob Rus"}],"name":"Tabular","web":"https://github.com/textmate/tabular.tmbundle/commit/"}