{"commits":[{"body":"","author":"Michael Sheets","date":"2011-11-19T03:46:40-06:00","commit":"09c06d6d6df96f1e28591e6cab4ebb39fdfe512f","summary":"Improve comment.line match."},{"body":"","author":"Michael Sheets","date":"2011-11-19T03:45:24-06:00","commit":"a17a4976996dddc765284565f5efcab4e651994b","summary":"Move folding settings."},{"body":"","author":"Michael Sheets","date":"2011-11-19T03:44:01-06:00","commit":"f6b97046329f54f22b73528524f747c0f208e33a","summary":"Add readme."},{"body":"git-svn-id: http://svn.textmate.org/trunk/Bundles/Lighttpd.tmbundle@8398 dfb7d73b-c2ec-0310-8fea-fb051d288c6d","author":"Allan Odgaard","date":"2007-11-04T00:58:40+00:00","commit":"f02d08bc943c3d59b41689dee55318a15d4503d7","summary":"• update my email address (from a throw-away address to something a little more permanent)"},{"body":"contactName:\n   The full name of the contact for this bundle.\ncontactEmailRot13:\n   A ROT13 encoded email address for the bundle contact (we obfuscate it to avoid spammers from picking up the files, seeing how bundles will often be available via anonymous svn over http).\ndescription:\n   A short description for this bundle. Do link to more info about the language (or whatever) the bundle is about. I decided on using HTML for this (but leave out the initial paragraph tag) since it seemed like overkill to run a single line of text through Markdown.pl, just to convert [foo](link) into &lt;a href=\"link\">foo&lt;/a>\n\nMany of the current descriptions could use some improvements, I just wanted to get the ball rolling :)\n\n\ngit-svn-id: http://svn.textmate.org/trunk/Bundles/Lighttpd.tmbundle@6718 dfb7d73b-c2ec-0310-8fea-fb051d288c6d","author":"Allan Odgaard","date":"2007-03-04T20:11:31+00:00","commit":"f680c940a5a09db7ea491d8e9154545136d8999b","summary":"Add the following keys to the bundle’s info.plist:"},{"body":"git-svn-id: http://svn.textmate.org/trunk/Bundles/Lighttpd.tmbundle@5925 dfb7d73b-c2ec-0310-8fea-fb051d288c6d","author":"Michael Sheets","date":"2006-11-04T08:40:50+00:00","commit":"7aa7e71dd454fd11ff0459be415d8f80304012b5","summary":"Fix typo in variable.language punctuation scope."},{"body":"git-svn-id: http://svn.textmate.org/trunk/Bundles/Lighttpd.tmbundle@5879 dfb7d73b-c2ec-0310-8fea-fb051d288c6d","author":"Michael Sheets","date":"2006-11-02T10:50:57+00:00","commit":"4a27a9f8c4850f80179577b9417a6584b265962a","summary":"• Change constant.character.escape.quote.lighttpd-constant to constant.character.escape.quote.lighttpd-config • Add optional newline match to comment.line to improve caret scope. • Add various punctuation scopes. • Add keyword.operator to string.regex and constant.numeric matches. • Change invalid.illegal.lighttpd-config.semicolon-at-end-of-line to invalid.illegal.semicolon-at-end-of-line.lighttpd-config • Add match for other key-value types as punctuation.separator.key-value.lighttpd-config • Change regex match to be more loose in what it matches due to the lack of escapes."},{"body":"git-svn-id: http://svn.textmate.org/trunk/Bundles/Lighttpd.tmbundle@5876 dfb7d73b-c2ec-0310-8fea-fb051d288c6d","author":"Allan Odgaard","date":"2006-11-02T08:57:36+00:00","commit":"de6aa489afd0c615449308bab0b65cb6548a947f","summary":"• syntax highlight for lighttp configuration files (from Denis Defreyne)"}],"web":"https://github.com/textmate/lighttpd.tmbundle/commit/","name":"Lighttpd"}