<?xml version="1.0"?>
<conf:configuration-backend-db xmlns:conf="http://openoffice.org/extensionmanager/configuration-registry/2010"><conf:configuration url="vnd.sun.star.expand:$BUNDLED_EXTENSIONS/dict-en/dialog/OptionsDialog.xcs"><conf:ini-entry>$BUNDLED_EXTENSIONS/dict-en/dialog/OptionsDialog.xcs</conf:ini-entry></conf:configuration><conf:configuration url="vnd.sun.star.expand:$BUNDLED_EXTENSIONS/dict-en/dictionaries.xcu"><conf:data-url>vnd.sun.star.expand:$BUNDLED_EXTENSIONS_USER/registry/com.sun.star.comp.deployment.configuration.PackageRegistryBackend/lubkfwgy.tmp</conf:data-url><conf:ini-entry>$BUNDLED_EXTENSIONS_USER/registry/com.sun.star.comp.deployment.configuration.PackageRegistryBackend/lubkfwgy.tmp/dictionaries.xcu</conf:ini-entry></conf:configuration><conf:configuration url="vnd.sun.star.expand:$BUNDLED_EXTENSIONS/dict-en/dialog/OptionsDialog.xcu"><conf:data-url>vnd.sun.star.expand:$BUNDLED_EXTENSIONS_USER/registry/com.sun.star.comp.deployment.configuration.PackageRegistryBackend/lubkfwgz.tmp</conf:data-url><conf:ini-entry>$BUNDLED_EXTENSIONS_USER/registry/com.sun.star.comp.deployment.configuration.PackageRegistryBackend/lubkfwgz.tmp/OptionsDialog.xcu</conf:ini-entry></conf:configuration><conf:configuration url="vnd.sun.star.expand:$BUNDLED_EXTENSIONS/dict-en/Linguistic.xcu"><conf:ini-entry>$BUNDLED_EXTENSIONS/dict-en/Linguistic.xcu</conf:ini-entry></conf:configuration><conf:configuration url="vnd.sun.star.expand:$BUNDLED_EXTENSIONS/dict-fr/dictionaries.xcu"><conf:data-url>vnd.sun.star.expand:$BUNDLED_EXTENSIONS_USER/registry/com.sun.star.comp.deployment.configuration.PackageRegistryBackend/lubkfwh1.tmp</conf:data-url><conf:ini-entry>$BUNDLED_EXTENSIONS_USER/registry/com.sun.star.comp.deployment.configuration.PackageRegistryBackend/lubkfwh1.tmp/dictionaries.xcu</conf:ini-entry></conf:configuration><conf:configuration url="vnd.sun.star.expand:$BUNDLED_EXTENSIONS/presentation-minimizer/registry/schema/org/openoffice/Office/extension/SunPresentationMinimizer.xcs"><conf:ini-entry>$BUNDLED_EXTENSIONS/presentation-minimizer/registry/schema/org/openoffice/Office/extension/SunPresentationMinimizer.xcs</conf:ini-entry></conf:configuration><conf:configuration url="vnd.sun.star.expand:$BUNDLED_EXTENSIONS/presentation-minimizer/registry/data/org/openoffice/Office/extension/SunPresentationMinimizer.xcu"><conf:data-url>vnd.sun.star.expand:$BUNDLED_EXTENSIONS_USER/registry/com.sun.star.comp.deployment.configuration.PackageRegistryBackend/lubkfwh2.tmp</conf:data-url><conf:ini-entry>$BUNDLED_EXTENSIONS_USER/registry/com.sun.star.comp.deployment.configuration.PackageRegistryBackend/lubkfwh2.tmp/SunPresentationMinimizer.xcu</conf:ini-entry></conf:configuration><conf:configuration url="vnd.sun.star.expand:$BUNDLED_EXTENSIONS/presentation-minimizer/registry/data/org/openoffice/Office/Addons.xcu"><conf:data-url>vnd.sun.star.expand:$BUNDLED_EXTENSIONS_USER/registry/com.sun.star.comp.deployment.configuration.PackageRegistryBackend/lubkfwh3.tmp</conf:data-url><conf:ini-entry>$BUNDLED_EXTENSIONS_USER/registry/com.sun.star.comp.deployment.configuration.PackageRegistryBackend/lubkfwh3.tmp/Addons.xcu</conf:ini-entry></conf:configuration><conf:configuration url="vnd.sun.star.expand:$BUNDLED_EXTENSIONS/presentation-minimizer/registry/data/org/openoffice/Office/ProtocolHandler.xcu"><conf:ini-entry>$BUNDLED_EXTENSIONS/presentation-minimizer/registry/data/org/openoffice/Office/ProtocolHandler.xcu</conf:ini-entry></conf:configuration><conf:configuration url="vnd.sun.star.expand:$BUNDLED_EXTENSIONS/dict-es/dictionaries.xcu"><conf:data-url>vnd.sun.star.expand:$BUNDLED_EXTENSIONS_USER/registry/com.sun.star.comp.deployment.configuration.PackageRegistryBackend/lubkfwh5.tmp</conf:data-url><conf:ini-entry>$BUNDLED_EXTENSIONS_USER/registry/com.sun.star.comp.deployment.configuration.PackageRegistryBackend/lubkfwh5.tmp/dictionaries.xcu</conf:ini-entry></conf:configuration></conf:configuration-backend-db>
