{"web":"https://github.com/textmate/applescript.tmbundle.git/commit/","commits":[{"body":"Limits the snippet to only work when the `osa` trigger is on the first line of a document.\n\nAlso add newline to end of snippet to match related snippets in other bundles.","summary":"Allow #!/usr/bin/osascript snippet to work in any document","date":"2013-08-07T19:50:43-05:00","commit":"cce813eeead7d32d7d6c4f48137551efcd449f81","author":"Michael Sheets"},{"body":"","summary":"Use the 'help' protocol instead of trying to keep track of where the help bundle is moved to. Fixes #2","date":"2012-09-28T09:43:21-04:00","commit":"0c9d0f3cf2042523b02937082eeac3fded2a101a","author":"Blake Skinner"},{"body":"","summary":"Fixed the path for the 'decompile_as' command","date":"2012-09-28T09:10:09-04:00","commit":"836ed599f4ca4136514b0a621441881a366c77d6","author":"Blake Skinner"},{"body":"","summary":"Add initial semantic classes.","date":"2012-09-08T00:09:55-05:00","commit":"c077fa5c7702f4c02167965c2bb23b61120b4220","author":"Michael Sheets"},{"body":"","summary":"Switch eventSpecifier to semanticClass.","date":"2011-12-02T03:49:26-06:00","commit":"bff3776d4a4dafd3daa49f3dbece961524309883","author":"Michael Sheets"},{"body":"","summary":"Improve comment.line match.","date":"2011-11-13T02:45:48-06:00","commit":"5a82c6669ad6bc48cdce712652c67eaa8a927aeb","author":"Michael Sheets"},{"body":"","summary":"Improve punctuation scoping.","date":"2011-11-11T22:20:41-06:00","commit":"21976fe509e5a377716a6989594a8b895441afaf","author":"Michael Sheets"},{"body":"","summary":"Move folding preferences.","date":"2011-11-11T17:43:32-06:00","commit":"658ca553293db9e932eb2c443ca5ad57b45cf25c","author":"Michael Sheets"},{"body":"","summary":"Add readme.","date":"2011-11-11T01:25:17-06:00","commit":"b66db943ee5c1739ea92c0966ea5d85409282e21","author":"Michael Sheets"},{"body":"","summary":"Add command to decompile scripts on opening.","date":"2011-09-22T01:52:56-05:00","commit":"d4f7b955df8847cab953f9d09bc861bc492842d7","author":"Michael Sheets"},{"body":"The <kbd class='keyEquivalent'>⇧⌘B</kbd> key is used for ‘Select Enclosing Braces’.","summary":"Change ‘Compile in Script Editor’ to <kbd class='keyEquivalent'>⌥⌘B</kbd>.","date":"2009-11-16T07:27:51+01:00","commit":"16626a56a0bc4323181a5aa2dffa169d18f6e71c","author":"Allan Odgaard"},{"body":"","summary":"Trivial Reformatting.","date":"2009-06-15T16:16:45+02:00","commit":"d63df9863ec1bd228aaf247b0eccd4553d37d191","author":"Martin Kuehl"},{"body":"","summary":"Add Mac OS X Automation Resources.","date":"2009-06-15T16:16:24+02:00","commit":"2d1a07409215174443753b61cc1df69c387bbdf3","author":"Martin Kuehl"},{"body":"","summary":"Organize AppleScript gear menu","date":"2009-06-07T15:51:07+02:00","commit":"0f1474419b07da6803378b30365e6768bf23083e","author":"Martin Kuehl"},{"body":"","summary":"Add shebang snippet","date":"2009-06-07T15:50:43+02:00","commit":"de2e2c963476fffdee47034839d7f0f87a3f82de","author":"Martin Kuehl"},{"body":"","summary":"Add more statement and block snippets","date":"2009-06-07T15:50:30+02:00","commit":"aa2dad0aedaebdb7ab7f86e9f61863303d3cf889","author":"Martin Kuehl"},{"body":"","summary":"Rename block snippets","date":"2009-06-07T15:47:42+02:00","commit":"9a109df25eaf1d1289234737ba3e87ba5c0e5b89","author":"Martin Kuehl"},{"body":"","summary":"Rename dialog snippets.","date":"2009-06-07T15:44:02+02:00","commit":"42d910db4c5685e1973ad37b2041aa55349f242c","author":"Martin Kuehl"},{"body":"","summary":"Rename \"Choose...\" Snippets.","date":"2009-06-07T15:41:00+02:00","commit":"18b008951bcd5fee76b33791247136aa523a8b3a","author":"Martin Kuehl"},{"body":"* Update DTD declaration\n* Add more placeholders.","summary":"Update \"property parent\" snippet.","date":"2009-06-07T15:26:31+02:00","commit":"ce6c4df0bd03e55e8d1175c166f0414158e0fcda","author":"Martin Kuehl"},{"body":"* Update DTD declaration","summary":"Update \"Check UI Scripting\" snippet.","date":"2009-06-07T15:25:56+02:00","commit":"339645258f934fba9bae6c3763e474a92e1a5559","author":"Martin Kuehl"},{"body":"* Update DTD declaration\n* Use mirrors for scaffolding around placeholders\n* Add more placeholders.","summary":"Update \"Choose URL\" dialog snippet","date":"2009-06-07T14:57:04+02:00","commit":"aa7e2bcc717ad5c569596a9a6ed6d70b00db00dc","author":"Martin Kuehl"},{"body":"* Update DTD declaration\n* Use mirrors for scaffolding around placeholders\n* Add more placeholders.","summary":"Update \"Text Field\" dialog snippet","date":"2009-06-07T14:56:23+02:00","commit":"7cb666668da9fbca457a9bde75db9bdfc0b39751","author":"Martin Kuehl"},{"body":"* Update DTD declaration","summary":"Update \"Select Menu Item\" snippet.","date":"2009-06-07T14:55:52+02:00","commit":"646c4f7e285c64c3e8c85d42d43052b375ef9046","author":"Martin Kuehl"},{"body":"* Update DTD declaration","summary":"Update \"Split/Join Helpers\" snippet.","date":"2009-06-07T14:55:39+02:00","commit":"b4b6529662db42a2024d26b50509c4ebde0b5329","author":"Martin Kuehl"},{"body":"* Update DTD declaration\n* Add more placeholders.","summary":"Update \"repeat with…in\" snippet.","date":"2009-06-07T14:54:35+02:00","commit":"e97103bf38116d9680b7b812ef4b7c8832ce88ba","author":"Martin Kuehl"},{"body":"* Update DTD declaration\n* Add more placeholders.","summary":"Update \"repeat while\" snippet.","date":"2009-06-07T14:54:19+02:00","commit":"67583e00bbbe27ae52baf043d808df308de14ba1","author":"Martin Kuehl"},{"body":"* Update DTD declaration\n* Use mirrors for scaffolding around placeholders\n* Add more placeholders.","summary":"Update \"OK/Cancel/Other\" dialog snippet","date":"2009-06-07T14:53:27+02:00","commit":"f09a1d2c3f57389a4a6b4a4f9e912daac2ee6dfe","author":"Martin Kuehl"},{"body":"* Update DTD declaration\n* Use mirrors for scaffolding around placeholders\n* Add more placeholders.","summary":"Update \"OK/Cancel\" dialog snippet","date":"2009-06-07T14:53:16+02:00","commit":"d3dd0162f9fccb33ca12b10dcc9c073ed6e3a32e","author":"Martin Kuehl"},{"body":"* Update DTD declaration\n* Use mirrors for scaffolding around placeholders\n* Add more placeholders.","summary":"Update \"OK dialog\" snippet.","date":"2009-06-07T14:52:16+02:00","commit":"0b2ce013d47f8d8b94b2be34c8d2e4a6965c514d","author":"Martin Kuehl"},{"body":"* Update DTD declaration\n* Use mirrors for scaffolding around placeholders\n* Add more placeholders.","summary":"Update \"Choose New File\" snippet","date":"2009-06-07T14:51:52+02:00","commit":"0058bce537ec8a1f0f447d3dcdc1cf2affc94c0b","author":"Martin Kuehl"},{"body":"* Update DTD declaration\n* Use mirrors for scaffolding around placeholders\n* Add more placeholders.","summary":"Update \"Choose Folder\" snippet.","date":"2009-06-07T14:51:05+02:00","commit":"2ddcf76a37becf3c95a0e54c430103383504b67d","author":"Martin Kuehl"},{"body":"* Update DTD declaration\n* Use mirrors for scaffolding around placeholders\n* Add more placeholders.","summary":"Update \"Choose File\" snippet.","date":"2009-06-07T14:50:02+02:00","commit":"7b96f64f68be79c60188c60a2143c0c67e52138f","author":"Martin Kuehl"},{"body":"* Update DTD declaration\n* Use mirrors for scaffolding around placeholders\n* Add more placeholders.","summary":"Update \"display alert\" snippet.","date":"2009-06-07T14:49:25+02:00","commit":"862cdff8709a5b4385f7e3b776ab2a18eee1dae7","author":"Martin Kuehl"},{"body":"* Update DTD declaration\n* Use mirrors for scaffolding around placeholders","summary":"Update \"choose color\" snippet.","date":"2009-06-07T14:47:29+02:00","commit":"0238649beec872482f2b3de3841cfa27207f8994","author":"Martin Kuehl"},{"body":"* Update DTD declaration\n* Use mirrors for scaffolding around placeholders","summary":"Update \"choose from List\" snippet.","date":"2009-06-07T14:46:51+02:00","commit":"99799b90cacd21500d341f9142d57f03ec3f2b2b","author":"Martin Kuehl"},{"body":"* Update DTD declaration\n* Use clearer generic terms for default values.","summary":"Update \"change text item delimiters\" snippet.","date":"2009-06-07T14:46:05+02:00","commit":"49ab265d9fcbc887783ed6184ff8c62503cdba0c","author":"Martin Kuehl"},{"body":"* Update DTD declaration\n* Use mirrors for scaffolding around placeholders","summary":"Update \"Choose Application(s)\" snippet.","date":"2009-06-07T14:44:27+02:00","commit":"1cf1b93baef9025d0833363aaf849acef2f7ffc1","author":"Martin Kuehl"},{"body":"","summary":"Expand the \"End Block\" command to handle multiple block types.","date":"2009-06-07T13:51:46+02:00","commit":"0bae7824c9ae17881ac146d831f951ea945d8c7c","author":"Martin Kuehl"},{"body":"","summary":"Update DTD declarations.","date":"2009-06-07T13:21:30+02:00","commit":"2ac8e4aa4d35aecf2040c4cbfc53cde6f0cac37e","author":"Martin Kuehl"},{"body":"* Use Cmd-B for compile, Cmd-Shift-B to compile in Script Editor.\n* Add shebang lines to shell script commands.","summary":"Add new \"Compile\" command to compile scripts without Script Editor.","date":"2009-06-07T13:11:11+02:00","commit":"6d6a0eef0a4f426e3728f24a4e8794ee83c83a0d","author":"Martin Kuehl"},{"body":"","summary":"Rename the URL-encoding command file.","date":"2009-06-07T13:06:48+02:00","commit":"d7372b29dce6be02fc95a6ce5cc01568dfd62bb1","author":"Martin Kuehl"},{"body":"","summary":"Simplify the URL-encoding command.","date":"2009-06-07T13:06:09+02:00","commit":"67221963cb0fcf5cc4158493eed8d03913ced630","author":"Martin Kuehl"},{"body":"","summary":"Rename \"End Block\" command file.","date":"2009-06-07T13:01:47+02:00","commit":"748114ab95f8e637add3e8c7e89ffe1b64f4df1d","author":"Martin Kuehl"},{"body":"","summary":"Rename \"End Block\" command.","date":"2009-06-07T13:01:11+02:00","commit":"82d570ec3a19aa110f37edcd198fe8cf07f755d5","author":"Martin Kuehl"},{"body":"","summary":"Combine \"New Function\" command and snippet.","date":"2009-06-07T12:54:02+02:00","commit":"19313be18d0e2329b70b93ceefaa286e87d9b593","author":"Martin Kuehl"},{"body":"","summary":"Remove unused import","date":"2009-06-07T12:49:45+02:00","commit":"35b566ed023be996c13e17fc894d9f56ac7789e3","author":"Martin Kuehl"},{"body":"","summary":"Unify plist file extensions.","date":"2009-06-07T09:57:20+02:00","commit":"97915927ed935ce6188ceb42422c6b3d86bed309","author":"Martin Kuehl"},{"body":"","summary":"Reformulate “Continue Line” command.","date":"2009-06-07T01:14:37+02:00","commit":"c6724059ca413aa338febc300bb00c1e0b8dcdc1","author":"Martin Kuehl"},{"body":"","summary":"Update and fix documentation commands.","date":"2009-06-07T01:10:58+02:00","commit":"80a3ef00360ba3ccab450c6e359bf7568643e006","author":"Martin Kuehl"},{"body":"","summary":"Reformat the built-in unit class matcher.","date":"2009-06-07T01:00:47+02:00","commit":"afa5563e4e2946571d36ba8b7b050309c2a22443","author":"Martin Kuehl"},{"body":"","summary":"Make more matchers case-insensitive.","date":"2009-06-07T00:51:54+02:00","commit":"07aa9110dc7aca0d3b724695733e631075458638","author":"Martin Kuehl"},{"body":"","summary":"Reorganize and expand the built-ins collection.","date":"2009-06-07T00:45:01+02:00","commit":"46aa8af38345f525ab0fd8e2e5610b0aa2b56e6b","author":"Martin Kuehl"},{"body":"","summary":"Adapt the string conversion command.","date":"2009-06-06T23:54:26+02:00","commit":"262c88b22946113a7ce0ce0a5658007c7ce29841","author":"Martin Kuehl"},{"body":"","summary":"Tweak and extend the “data-structures” collection.","date":"2009-06-06T23:54:05+02:00","commit":"0886c1a551a806439637de117702c7935a6baa0c","author":"Martin Kuehl"},{"body":"","summary":"Rename the “statements” collection to “blocks.statement”","date":"2009-06-06T23:23:17+02:00","commit":"82e6c2e977688c6b6ab2b540ec34629408978bb6","author":"Martin Kuehl"},{"body":"","summary":"Add matchers for repeat blocks.","date":"2009-06-06T23:13:28+02:00","commit":"ca5add8dc2512e22437842f4ca4e519f6a400fc8","author":"Martin Kuehl"},{"body":"","summary":"Rename the tell blocks collection to “blocks.tell”","date":"2009-06-06T23:05:46+02:00","commit":"907e8774c62ff02cef04eced32e9deca671f61cc","author":"Martin Kuehl"},{"body":"","summary":"Complete considering/ignoring matchers.","date":"2009-06-06T23:02:53+02:00","commit":"e2b64c9b541621817551a29e1439086b1a7a0861","author":"Martin Kuehl"},{"body":"","summary":"Simplify the `script` matcher.","date":"2009-06-06T22:36:23+02:00","commit":"727964a95f004dd3649295917a0a76730721f30a","author":"Martin Kuehl"},{"body":"","summary":"Rename the nested comment collection.","date":"2009-06-06T22:34:06+02:00","commit":"070a740f93a0f8d79725608d8c35f9e30ac10f39","author":"Martin Kuehl"},{"body":"","summary":"Add matchers for a few more block types.","date":"2009-06-06T22:28:34+02:00","commit":"6b307af54358024f0e8b20925af7f6584309e982","author":"Martin Kuehl"},{"body":"","summary":"Use the “meta.function” scope where applicable.","date":"2009-06-06T21:58:33+02:00","commit":"77a46f6abd572de1c1669a1655a9cedab1b6f5d2","author":"Martin Kuehl"},{"body":"","summary":"Add a “statements” container with matchers for some statement types.","date":"2009-06-06T21:55:37+02:00","commit":"9d809d9ad47a10cb2c3861ff666e81b2fbd77e7e","author":"Martin Kuehl"},{"body":"","summary":"Add matcher for generic “tell application process” blocks.","date":"2009-06-06T20:47:20+02:00","commit":"e27ca7765db31e0de91c1cef76b2da62b91faaed","author":"Martin Kuehl"},{"body":"","summary":"Add matcher for simple “tell…to” statements.","date":"2009-06-06T20:46:02+02:00","commit":"2e8545d03b3b61181a776b7de9d5e26196cc81ba","author":"Martin Kuehl"},{"body":"","summary":"Refine captures for tell blocks.","date":"2009-06-06T20:38:19+02:00","commit":"847a3b890c5d20f7c373471e118dee4c43273bb1","author":"Martin Kuehl"},{"body":"• Disallow a following `to` only when it’s not followed by another `tell`.\n• Get rid of the two now obsolete “tell … to tell” rules.","summary":"Improve start matcher for tell blocks.","date":"2009-06-06T20:31:43+02:00","commit":"8d0a0681d3228479eb3a1c750cb1d436accc6992","author":"Martin Kuehl"},{"body":"• The `tell` is optional.\n• The end is followed by nothing else.","summary":"Improve end-matcher for tell blocks.","date":"2009-06-06T20:28:04+02:00","commit":"bc0b0e20f1bc9a890e7ecda1c0d3785513cc32d8","author":"Martin Kuehl"},{"body":"","summary":"Scope all tell blocks as `meta.block.tell`","date":"2009-06-06T20:24:33+02:00","commit":"3bda44ba94b5d4b44829388ed6eae31637132ee5","author":"Martin Kuehl"},{"body":"","summary":"Add matching of parameterless handlers","date":"2009-06-06T20:22:13+02:00","commit":"7b57d8f474d4c1409ce0acd05515e76398966a64","author":"Martin Kuehl"},{"body":"","summary":"Improve whitespace handling for prepositional parameters.","date":"2009-06-06T20:19:07+02:00","commit":"388e36abe6ed899969ce9d85195b26c1d2d2c6ee","author":"Martin Kuehl"},{"body":"Also improve whitespace handling.","summary":"Extend matching of propositional handlers to match the direct parameter.","date":"2009-06-06T20:16:11+02:00","commit":"191522b2e68683c659d0e30f5ca6832513e53e02","author":"Martin Kuehl"},{"body":"","summary":"Extend function matcher to match pattern arguments.","date":"2009-06-06T20:09:59+02:00","commit":"542eba8890a3ded7644cc041dd3287dd5f767d9d","author":"Martin Kuehl"},{"body":"We already use `\\w+` for identifiers everywhere (which is almost accurate\neven), so why make an exception here?","summary":"Simplify function begin matcher.","date":"2009-06-06T19:40:21+02:00","commit":"dea71ce824f714a5ceb02d65c4a67109a4606399","author":"Martin Kuehl"},{"body":"","summary":"Use lookaheads for block end matchers.","date":"2009-06-06T19:38:29+02:00","commit":"84bf28f3057f356c58d740eb71af270a0da400c9","author":"Martin Kuehl"},{"body":"","summary":"Refine block captures.","date":"2009-06-06T19:36:13+02:00","commit":"08af73c2444be1d94952ec682e010bbbeadc48e9","author":"Martin Kuehl"},{"body":"","summary":"Scope blocks as `meta.block`.","date":"2009-06-06T19:31:20+02:00","commit":"6e18c4603ebc2cbb914d8765a308ad3cc5b97e2c","author":"Martin Kuehl"},{"body":"","summary":"Match block ends more accurately.","date":"2009-06-06T19:28:48+02:00","commit":"fe9e1e4bdb2a4554f067b1c15c16d389b0355f97","author":"Martin Kuehl"},{"body":"","summary":"Block comments can be nested.","date":"2009-06-06T19:16:40+02:00","commit":"92a7bb404363cb0047b8ec783404adbf40286070","author":"Martin Kuehl"},{"body":"","summary":"Match shebang lines as comments.","date":"2009-06-06T19:13:42+02:00","commit":"ce08ca8ecbb7430f73bc661cf1559a6ce0f8ad97","author":"Martin Kuehl"},{"body":"","summary":"Add missing word boundaries to foldingStartMarker.","date":"2009-06-06T19:07:14+02:00","commit":"f2fd2450f88d19e60a8eb270ac16a694902e7718","author":"Martin Kuehl"},{"body":"git-svn-id: http://svn.textmate.org/trunk/Bundles/AppleScript.tmbundle@11631 dfb7d73b-c2ec-0310-8fea-fb051d288c6d","summary":"Update these urls to newer versions.","date":"2009-06-14T20:46:09+00:00","commit":"f7be11855ad39e380d58284903c570623c1243b6","author":"Michael Sheets"},{"body":"At least on Leopard, single-quoted strings give syntax error.\n\n\ngit-svn-id: http://svn.textmate.org/trunk/Bundles/AppleScript.tmbundle@11510 dfb7d73b-c2ec-0310-8fea-fb051d288c6d","summary":"• change single-quoted string to double-quoted when generating version string.","date":"2009-05-06T08:42:49+00:00","commit":"66024be8e47d7559dfe0ab2e6df4152dd2bc5e02","author":"Allan Odgaard"},{"body":"git-svn-id: http://svn.textmate.org/trunk/Bundles/AppleScript.tmbundle@10871 dfb7d73b-c2ec-0310-8fea-fb051d288c6d","summary":"Updating various executor commands to call TextMate::Executor.make_project_master_current_document.","date":"2008-11-26T00:18:28+00:00","commit":"f2f3b3865dd23ee228fca084074c0591c0df4259","author":"Alex Ross"},{"body":"git-svn-id: http://svn.textmate.org/trunk/Bundles/AppleScript.tmbundle@10315 dfb7d73b-c2ec-0310-8fea-fb051d288c6d","summary":"Fixing an off-by-one error when pointing to syntax errors.","date":"2008-07-23T16:08:31+00:00","commit":"74f1625d1fbaa5049854ad490a17fd1b6ab63a59","author":"Alex Ross"},{"body":"git-svn-id: http://svn.textmate.org/trunk/Bundles/AppleScript.tmbundle@10066 dfb7d73b-c2ec-0310-8fea-fb051d288c6d","summary":"• Ported AppleScript's Run to TextMate::Executor.  In the process, improved the Error formatting slightly.","date":"2008-06-27T21:42:48+00:00","commit":"31e88f79e5b2a0166176586235d5a2da8f98808b","author":"Alex Ross"},{"body":"git-svn-id: http://svn.textmate.org/trunk/Bundles/AppleScript.tmbundle@10064 dfb7d73b-c2ec-0310-8fea-fb051d288c6d","summary":"• Adding first line match for an applescript shebang  as it now possible to create a applescript unix executable file.","date":"2008-06-27T18:38:18+00:00","commit":"ec5d8c2401297f6319642a300dfc756e73c0e1cc","author":"Simon Gregory"},{"body":"git-svn-id: http://svn.textmate.org/trunk/Bundles/AppleScript.tmbundle@9153 dfb7d73b-c2ec-0310-8fea-fb051d288c6d","summary":"Fixed indent &amp; fold when there's an inline comment at the end of the end fold Added support for scoping variables when used in \"set myVar to …\"","date":"2008-03-18T15:07:29+00:00","commit":"66a6eab8fefcbb9ec80e4a3e4edf37a408c062f5","author":"Thomas Aylott"},{"body":"git-svn-id: http://svn.textmate.org/trunk/Bundles/AppleScript.tmbundle@8306 dfb7d73b-c2ec-0310-8fea-fb051d288c6d","summary":"• use TM_FULLNAME instead of TM_USERNAME in all templates and remove the setup of TM_USERNAME from the template script/helper","date":"2007-10-19T12:42:03+00:00","commit":"2d4685fbdb24a1153f3bbaa3b7d94b0170bdd8a5","author":"Allan Odgaard"},{"body":"git-svn-id: http://svn.textmate.org/trunk/Bundles/AppleScript.tmbundle@7890 dfb7d73b-c2ec-0310-8fea-fb051d288c6d","summary":"Better support for \"tell...to tell\" blocks","date":"2007-08-03T15:22:22+00:00","commit":"acebfed312b7824cb6823a76af4d3f6d12449822","author":"Thomas Aylott"},{"body":"git-svn-id: http://svn.textmate.org/trunk/Bundles/AppleScript.tmbundle@7889 dfb7d73b-c2ec-0310-8fea-fb051d288c6d","summary":"Proper indent for \"using terms from\" and \"tell ... to tell\"","date":"2007-08-03T15:08:47+00:00","commit":"a09e5ddf41572efaeaa2afb15e055724cfc98cda","author":"Thomas Aylott"},{"body":"git-svn-id: http://svn.textmate.org/trunk/Bundles/AppleScript.tmbundle@7888 dfb7d73b-c2ec-0310-8fea-fb051d288c6d","summary":"Proper indent for \"on error\"","date":"2007-08-03T14:53:47+00:00","commit":"8b7a1f532d457e58c593de2f331e62c7f33235fb","author":"Thomas Aylott"},{"body":"git-svn-id: http://svn.textmate.org/trunk/Bundles/AppleScript.tmbundle@7809 dfb7d73b-c2ec-0310-8fea-fb051d288c6d","summary":"Single line ifs and tells shouldn't indent or fold. Added test file to verify that it works properly","date":"2007-07-25T19:36:42+00:00","commit":"42f1fa1b2e8b0f5d6ac92ca39c8b81d7b632c213","author":"Thomas Aylott"},{"body":"git-svn-id: http://svn.textmate.org/trunk/Bundles/AppleScript.tmbundle@7137 dfb7d73b-c2ec-0310-8fea-fb051d288c6d","summary":"• add “ignoring” to the increase indent pattern • add a few word boundary assertions to the keywords in the increase indent pattern","date":"2007-05-05T12:59:33+00:00","commit":"b76efd653a171f15c963f428b6b73b06f52f7a4d","author":"Allan Odgaard"},{"body":"git-svn-id: http://svn.textmate.org/trunk/Bundles/AppleScript.tmbundle@6840 dfb7d73b-c2ec-0310-8fea-fb051d288c6d","summary":"change ui script check function to use 'applescript utility' instead of the universal access preference pane.","date":"2007-03-18T17:19:58+00:00","commit":"d7c29c12e7b05ead66b0b240ab1ebecd65acd716","author":"Jacob Rus"},{"body":"git-svn-id: http://svn.textmate.org/trunk/Bundles/AppleScript.tmbundle@6837 dfb7d73b-c2ec-0310-8fea-fb051d288c6d","summary":"change to gmail email","date":"2007-03-18T16:54:49+00:00","commit":"f1ebd07147f033a0700a0b4a4f899b1a158e03d9","author":"Jacob Rus"},{"body":"contactName:\n   The full name of the contact for this bundle.\ncontactEmailRot13:\n   A ROT13 encoded email address for the bundle contact (we obfuscate it to avoid spammers from picking up the files, seeing how bundles will often be available via anonymous svn over http).\ndescription:\n   A short description for this bundle. Do link to more info about the language (or whatever) the bundle is about. I decided on using HTML for this (but leave out the initial paragraph tag) since it seemed like overkill to run a single line of text through Markdown.pl, just to convert [foo](link) into &lt;a href=\"link\">foo&lt;/a>\n\nMany of the current descriptions could use some improvements, I just wanted to get the ball rolling :)\n\n\ngit-svn-id: http://svn.textmate.org/trunk/Bundles/AppleScript.tmbundle@6718 dfb7d73b-c2ec-0310-8fea-fb051d288c6d","summary":"Add the following keys to the bundle’s info.plist:","date":"2007-03-04T20:11:31+00:00","commit":"4033fae919530bccd73d8e18448bce21a8ea84d3","author":"Allan Odgaard"},{"body":"git-svn-id: http://svn.textmate.org/trunk/Bundles/AppleScript.tmbundle@6032 dfb7d73b-c2ec-0310-8fea-fb051d288c6d","summary":"Since «data utxt####» appears to be endian-specific, the Toggle String command now creates «data utf8####» expressions instead. Update the syntax to recognize «data utf8####»","date":"2006-11-09T05:20:27+00:00","commit":"0d68f37caa708674f1f4898ee7261e7ccff79c2f","author":"Kevin Ballard"},{"body":"git-svn-id: http://svn.textmate.org/trunk/Bundles/AppleScript.tmbundle@5978 dfb7d73b-c2ec-0310-8fea-fb051d288c6d","summary":"• fix pattern for punctuation.section.group.applescript (was a dummy/zero width match)","date":"2006-11-07T04:39:28+00:00","commit":"00b6c99e9443589d76e409ccc1e0aa4e8c0e9fdd","author":"Allan Odgaard"},{"body":"git-svn-id: http://svn.textmate.org/trunk/Bundles/AppleScript.tmbundle@5733 dfb7d73b-c2ec-0310-8fea-fb051d288c6d","summary":"• Change punctuation.continuation.line to punctuation.separator.continuation.line","date":"2006-10-29T21:39:19+00:00","commit":"4380610888adb670eabdc539931bbcc1b366dba2","author":"Michael Sheets"},{"body":"git-svn-id: http://svn.textmate.org/trunk/Bundles/AppleScript.tmbundle@5608 dfb7d73b-c2ec-0310-8fea-fb051d288c6d","summary":"add split/join helper functions.  I need these for text processing all the time, and the 'text item delimiters' function sucks as an alternative","date":"2006-10-24T19:01:15+00:00","commit":"235d7da51619c0bdc70ec0d3cd0ea518cc0d4424","author":"Jacob Rus"},{"body":"git-svn-id: http://svn.textmate.org/trunk/Bundles/AppleScript.tmbundle@5290 dfb7d73b-c2ec-0310-8fea-fb051d288c6d","summary":"one more small fix","date":"2006-09-21T12:25:10+00:00","commit":"94ed567c0db890040089cfac0e6d59987d5a3a98","author":"Jacob Rus"},{"body":"git-svn-id: http://svn.textmate.org/trunk/Bundles/AppleScript.tmbundle@5289 dfb7d73b-c2ec-0310-8fea-fb051d288c6d","summary":"really whoops.  escape all of the `s in snippet.","date":"2006-09-21T06:57:07+00:00","commit":"ababb86a87f02896d7010c3d2c9c10a014c95097","author":"Jacob Rus"},{"body":"git-svn-id: http://svn.textmate.org/trunk/Bundles/AppleScript.tmbundle@5288 dfb7d73b-c2ec-0310-8fea-fb051d288c6d","summary":"whoops.  escape `s in snippet.","date":"2006-09-21T06:39:49+00:00","commit":"2668da96383fe9ea9c8a8534a5a65660f03e7706","author":"Jacob Rus"},{"body":"git-svn-id: http://svn.textmate.org/trunk/Bundles/AppleScript.tmbundle@5287 dfb7d73b-c2ec-0310-8fea-fb051d288c6d","summary":"add a couple of useful helper functions for UI scripting","date":"2006-09-21T06:36:37+00:00","commit":"b998743b5b3a443b613859ec5d3bcf364b96bcb5","author":"Jacob Rus"},{"body":"Currently we lack to override return inside the line continuation to remove the indent again when used.\n\n\ngit-svn-id: http://svn.textmate.org/trunk/Bundles/AppleScript.tmbundle@5281 dfb7d73b-c2ec-0310-8fea-fb051d288c6d","summary":"• simplify to just have one command which checks previous line for ending with ‘¬’, if not the case, the next line gets extra indent.","date":"2006-09-20T06:48:01+00:00","commit":"569183dde37f9827ceb765a506ee1bc2fd95769c","author":"Allan Odgaard"},{"body":"git-svn-id: http://svn.textmate.org/trunk/Bundles/AppleScript.tmbundle@5278 dfb7d73b-c2ec-0310-8fea-fb051d288c6d","summary":"take out meta.line-continuation, as it was mucking with other rules","date":"2006-09-20T06:30:13+00:00","commit":"23dce069aa76cbe2473d53c704c589363874dc79","author":"Jacob Rus"},{"body":"Some possible bugs/improvements:\n • the line/column is found in the MacRoman version of the script, and assumed to be the same in the UTF-8 version. This should always be the case for the line, but might not for the column, in which case it will link back to the wrong column number\n • it is assumed we can read first stdout and then stderr (w/o blocking) -- this design should be safe with osascript, which will never output more than what the buffers can handle\n • styling! we need to extend our style sheet to handle warnings, errors, stack traces, etc.\n • when there is an actual file name, we should use that when linking back to the document\n\n\n\ngit-svn-id: http://svn.textmate.org/trunk/Bundles/AppleScript.tmbundle@5235 dfb7d73b-c2ec-0310-8fea-fb051d288c6d","summary":"• pretty print the error message returned from osascript and link back to the document","date":"2006-09-15T21:16:01+00:00","commit":"33b5ff95765dcca3fb08e1060a61fe42ad33f0ca","author":"Allan Odgaard"},{"body":"git-svn-id: http://svn.textmate.org/trunk/Bundles/AppleScript.tmbundle@5231 dfb7d73b-c2ec-0310-8fea-fb051d288c6d","summary":"add some more applescript documentation for <kbd class='keyEquivalent'>⌃H</kbd>.","date":"2006-09-15T19:24:00+00:00","commit":"1fb23176d0b6aa499cdbd9daaabb14a461432ecd","author":"Jacob Rus"},{"body":"git-svn-id: http://svn.textmate.org/trunk/Bundles/AppleScript.tmbundle@5146 dfb7d73b-c2ec-0310-8fea-fb051d288c6d","summary":"Global change from punctuation.section.parameters to punctuation.definition.parameters; really this time… I think.","date":"2006-09-10T09:51:46+00:00","commit":"45473ed1c2c90d948bf379adb13b7150d2d779c7","author":"Michael Sheets"},{"body":"git-svn-id: http://svn.textmate.org/trunk/Bundles/AppleScript.tmbundle@5038 dfb7d73b-c2ec-0310-8fea-fb051d288c6d","summary":"Some more punctuation scopes.","date":"2006-09-02T01:32:44+00:00","commit":"26a0a2891b1486c8628ac0de3838b8a5cb2cf93c","author":"Michael Sheets"},{"body":"git-svn-id: http://svn.textmate.org/trunk/Bundles/AppleScript.tmbundle@5030 dfb7d73b-c2ec-0310-8fea-fb051d288c6d","summary":"add punctuation scopes","date":"2006-09-01T09:37:30+00:00","commit":"9d8a1facae3157c2a1aca68b53363d267ffc6e4f","author":"Jacob Rus"},{"body":"git-svn-id: http://svn.textmate.org/trunk/Bundles/AppleScript.tmbundle@4919 dfb7d73b-c2ec-0310-8fea-fb051d288c6d","summary":"• remove sub-heading when document is untitled","date":"2006-08-24T03:46:26+00:00","commit":"adfe3f79c99da3b5415df1d5e2a462a52383d568","author":"Allan Odgaard"},{"body":"git-svn-id: http://svn.textmate.org/trunk/Bundles/AppleScript.tmbundle@4914 dfb7d73b-c2ec-0310-8fea-fb051d288c6d","summary":"[NEW] make runner use new css themes","date":"2006-08-24T03:13:27+00:00","commit":"eced45f5baf8fae731bf3b500bdc8a3bbae323a9","author":"Jacob Rus"},{"body":"Rename entity.name.class.script-object to entity.name.type.script-object\n\n\ngit-svn-id: http://svn.textmate.org/trunk/Bundles/AppleScript.tmbundle@4745 dfb7d73b-c2ec-0310-8fea-fb051d288c6d","summary":"(Part of the global rename of entity.name.class to entity.name.type)","date":"2006-08-15T07:55:19+00:00","commit":"ee967eae65da445300e170b1d04ee56f8eaa901a","author":"Michael Sheets"},{"body":"git-svn-id: http://svn.textmate.org/trunk/Bundles/AppleScript.tmbundle@4731 dfb7d73b-c2ec-0310-8fea-fb051d288c6d","summary":"• Move constant.language.text-styles to constant.other.text-styles • Move constant.language.date-time to constant.other.date-time • Move constant.language.characters to constant.other.characters • Move constant.language.miscellaneous to constant.other.miscellaneous • Move constant.language.considering-ignoring-attributes to constant.other.considering-ignoring-attributes • Remove null from constant.other.miscellaneous, add to new constant.language rule","date":"2006-08-14T06:28:01+00:00","commit":"80147cff1480fd228aba77f6b98784c22d4e3381","author":"Michael Sheets"},{"body":"Hat tip to Jacobolus\n\n\ngit-svn-id: http://svn.textmate.org/trunk/Bundles/AppleScript.tmbundle@4425 dfb7d73b-c2ec-0310-8fea-fb051d288c6d","summary":"• Change entity.name.script.applescript → entity.name.class.script-object.applescript • Change entity.name.handler.applescript → entity.name.function.handler.applescript","date":"2006-07-19T07:00:53+00:00","commit":"ddd0a11f00b840fe3b6dc2a120088f408764413a","author":"Michael Sheets"},{"body":"git-svn-id: http://svn.textmate.org/trunk/Bundles/AppleScript.tmbundle@4405 dfb7d73b-c2ec-0310-8fea-fb051d288c6d","summary":"Make having the name of the handler next to the end keyword optional.","date":"2006-07-18T17:56:21+00:00","commit":"c1853a8abda3bb14c9b9a1d9233f162667347a50","author":"Charilaos Skiadas"},{"body":"git-svn-id: http://svn.textmate.org/trunk/Bundles/AppleScript.tmbundle@4399 dfb7d73b-c2ec-0310-8fea-fb051d288c6d","summary":"Add repeat snippets.","date":"2006-07-18T06:59:25+00:00","commit":"10d961a9dafb9abfd52ac952abf701acba665d0d","author":"Charilaos Skiadas"},{"body":"git-svn-id: http://svn.textmate.org/trunk/Bundles/AppleScript.tmbundle@4395 dfb7d73b-c2ec-0310-8fea-fb051d288c6d","summary":"Add block matching for scripts and handlers.","date":"2006-07-18T04:41:24+00:00","commit":"a387b613780ff0dd505a00995f32d0f02cff4124","author":"Charilaos Skiadas"},{"body":"git-svn-id: http://svn.textmate.org/trunk/Bundles/AppleScript.tmbundle@4196 dfb7d73b-c2ec-0310-8fea-fb051d288c6d","summary":"Global change from constant.character.escaped to constant.character.escape, we had been split 50/50 so this brings all the languages in line with each other.","date":"2006-07-14T09:22:43+00:00","commit":"fce306b275f8a1004aef03203c1347b67a7cbf5d","author":"Michael Sheets"},{"body":"(support.variable is now a supported scope in the conventions.)\n\n\ngit-svn-id: http://svn.textmate.org/trunk/Bundles/AppleScript.tmbundle@4179 dfb7d73b-c2ec-0310-8fea-fb051d288c6d","summary":"Change all instances of support.other.variable in the repository to support.variable","date":"2006-07-13T17:47:05+00:00","commit":"f5a9e2129d756fc646d3848c31574adeacec70f2","author":"Michael Sheets"},{"body":"git-svn-id: http://svn.textmate.org/trunk/Bundles/AppleScript.tmbundle@4176 dfb7d73b-c2ec-0310-8fea-fb051d288c6d","summary":"Remove aberrant | from the support.other.variable.finder.applescript regex.","date":"2006-07-13T17:14:48+00:00","commit":"0efbc7813259423c64218d713b276341a30f46d1","author":"Michael Sheets"},{"body":"git-svn-id: http://svn.textmate.org/trunk/Bundles/AppleScript.tmbundle@4175 dfb7d73b-c2ec-0310-8fea-fb051d288c6d","summary":"Change support.variable.* to support.other.variable.*","date":"2006-07-13T17:03:29+00:00","commit":"05ceb8f6901a362ff1e8cd594dabc172729175dd","author":"Michael Sheets"},{"body":"git-svn-id: http://svn.textmate.org/trunk/Bundles/AppleScript.tmbundle@3866 dfb7d73b-c2ec-0310-8fea-fb051d288c6d","summary":"add some commentary to commands; add meta.tell-block scopes, including app-specific terminology","date":"2006-06-27T22:25:48+00:00","commit":"5dd79c1fedf86fca0cfc6d2f2bc7b723cdf316e7","author":"Jacob Rus"},{"body":"git-svn-id: http://svn.textmate.org/trunk/Bundles/AppleScript.tmbundle@3753 dfb7d73b-c2ec-0310-8fea-fb051d288c6d","summary":"• change menu structure","date":"2006-06-21T12:29:58+00:00","commit":"960818a6b5ed1e2ec754e43e9b3a8a804a216787","author":"Allan Odgaard"},{"body":"git-svn-id: http://svn.textmate.org/trunk/Bundles/AppleScript.tmbundle@3752 dfb7d73b-c2ec-0310-8fea-fb051d288c6d","summary":"• add ‘then’ to the when clauses in Toggle String script (for Ruby 1.6) • use popen to write to pbcopy instead of calling out to the shell -- change prompted by academic curiosity, but I think this is generally a better idiom.","date":"2006-06-21T12:23:35+00:00","commit":"cfe32ffcb3fada64fc2afe3d80f141c65f3385ab","author":"Allan Odgaard"},{"body":"git-svn-id: http://svn.textmate.org/trunk/Bundles/AppleScript.tmbundle@3748 dfb7d73b-c2ec-0310-8fea-fb051d288c6d","summary":"add highlight pairs","date":"2006-06-21T09:00:03+00:00","commit":"0f34d37ab392b3ce41d645772d20bdaa3a55f495","author":"Jacob Rus"},{"body":"git-svn-id: http://svn.textmate.org/trunk/Bundles/AppleScript.tmbundle@3672 dfb7d73b-c2ec-0310-8fea-fb051d288c6d","summary":"add 'change text item delimiters' snippet","date":"2006-06-15T06:07:57+00:00","commit":"aa1bcd7fd9aef459e5a5ed698ad9648555a70091","author":"Jacob Rus"},{"body":"git-svn-id: http://svn.textmate.org/trunk/Bundles/AppleScript.tmbundle@3639 dfb7d73b-c2ec-0310-8fea-fb051d288c6d","summary":"• by the power vested in me, I hereby change these commands to not appear when using <kbd class='keyEquivalent'>⌃H</kbd> on an application name :)","date":"2006-06-13T23:24:48+00:00","commit":"7d8ab818772632799fbbe4d5bba4f8bb8db74257","author":"Allan Odgaard"},{"body":"git-svn-id: http://svn.textmate.org/trunk/Bundles/AppleScript.tmbundle@3638 dfb7d73b-c2ec-0310-8fea-fb051d288c6d","summary":"• make escape-completion in the application name string (of a tell statement) offer matches based on running applications","date":"2006-06-13T23:15:53+00:00","commit":"0e1726e133375e2e9a8e4d472c67db0377a49968","author":"Allan Odgaard"},{"body":"git-svn-id: http://svn.textmate.org/trunk/Bundles/AppleScript.tmbundle@3635 dfb7d73b-c2ec-0310-8fea-fb051d288c6d","summary":"• let’s assume the general case is ‘tell app’ and make the app name the first tab stop","date":"2006-06-13T19:20:53+00:00","commit":"9c5cba180c55c1e592219e3e961a6d2c8bf81b50","author":"Allan Odgaard"},{"body":"git-svn-id: http://svn.textmate.org/trunk/Bundles/AppleScript.tmbundle@3633 dfb7d73b-c2ec-0310-8fea-fb051d288c6d","summary":"• give this command a key equivalent of <kbd class='keyEquivalent'>⌃\"</kbd> (which we normally use to toggle between quoting styles)","date":"2006-06-13T19:13:30+00:00","commit":"38f205fda2620c716b899052f3c06dd3a23df82d","author":"Allan Odgaard"},{"body":"git-svn-id: http://svn.textmate.org/trunk/Bundles/AppleScript.tmbundle@3632 dfb7d73b-c2ec-0310-8fea-fb051d288c6d","summary":"• markup «data utxt…» as Unicode text as meta.data.applescript (the coercion is optional in this match), the actual data values are marked up as string.unquoted.data.applescript — it might be neat to markup the words as odd/even for better coloring","date":"2006-06-13T19:09:56+00:00","commit":"ea7dc5a6c1a1bab7d4de94705837475c59086e89","author":"Allan Odgaard"},{"body":"git-svn-id: http://svn.textmate.org/trunk/Bundles/AppleScript.tmbundle@3630 dfb7d73b-c2ec-0310-8fea-fb051d288c6d","summary":"• name it Toggle String / «data utxt» — this seems more appropriate","date":"2006-06-13T18:56:46+00:00","commit":"73ae1bd490262dcdc7a49884896c1543a98ca57b","author":"Allan Odgaard"},{"body":"git-svn-id: http://svn.textmate.org/trunk/Bundles/AppleScript.tmbundle@3629 dfb7d73b-c2ec-0310-8fea-fb051d288c6d","summary":"• implement missing stuff in Toggle ASCII / «utxt» command • rename menu items","date":"2006-06-13T18:53:47+00:00","commit":"dd42f55d7160115fcfb87dc5733f4d39bb1f8d47","author":"Allan Odgaard"},{"body":"git-svn-id: http://svn.textmate.org/trunk/Bundles/AppleScript.tmbundle@3611 dfb7d73b-c2ec-0310-8fea-fb051d288c6d","summary":"• do not treat “on error” as a folding start marker","date":"2006-06-12T12:06:38+00:00","commit":"110dfcfd23b4bb13101f8be50961246a28ea5478","author":"Allan Odgaard"},{"body":"git-svn-id: http://svn.textmate.org/trunk/Bundles/AppleScript.tmbundle@3605 dfb7d73b-c2ec-0310-8fea-fb051d288c6d","summary":"• capitalize Item From List • use ctrl-shift-cmd C for the Copy command (this is the same key as the special copy in the SQL bundle AND ctrl-shift A is the Subversion menu)","date":"2006-06-11T13:04:23+00:00","commit":"44a1c930a94ee6634272782498d65a7705f6f95a","author":"Allan Odgaard"},{"body":"git-svn-id: http://svn.textmate.org/trunk/Bundles/AppleScript.tmbundle@3599 dfb7d73b-c2ec-0310-8fea-fb051d288c6d","summary":"add to scopes of documentation commands so they pop up in the list for <kbd class='keyEquivalent'>⌃H</kbd>","date":"2006-06-11T04:58:16+00:00","commit":"d24e86503ed077de1cb46c4d8cdd40f1a161e8d4","author":"Jacob Rus"},{"body":"git-svn-id: http://svn.textmate.org/trunk/Bundles/AppleScript.tmbundle@3598 dfb7d73b-c2ec-0310-8fea-fb051d288c6d","summary":"rename snippets and add a parent property snippet","date":"2006-06-11T04:15:57+00:00","commit":"e1423c0f0ec0db6d283adbb3b1da624347d6c85b","author":"Jacob Rus"},{"body":"git-svn-id: http://svn.textmate.org/trunk/Bundles/AppleScript.tmbundle@3597 dfb7d73b-c2ec-0310-8fea-fb051d288c6d","summary":"add «» as smart typing pairs, and add scope selector to toggle string/unicode text command","date":"2006-06-11T02:19:18+00:00","commit":"86c4dab5a20e35b970c8b32516d40f0c1eb5eec0","author":"Jacob Rus"},{"body":"git-svn-id: http://svn.textmate.org/trunk/Bundles/AppleScript.tmbundle@3596 dfb7d73b-c2ec-0310-8fea-fb051d288c6d","summary":"more minor syntax tweaking","date":"2006-06-11T02:13:31+00:00","commit":"e34984eb093481976244a992bf03a3c68c25378d","author":"Jacob Rus"},{"body":"git-svn-id: http://svn.textmate.org/trunk/Bundles/AppleScript.tmbundle@3595 dfb7d73b-c2ec-0310-8fea-fb051d288c6d","summary":"add preliminary toggle string/unicode text command","date":"2006-06-11T02:09:50+00:00","commit":"22f00da4205cd280f1690157e2c56eecc3417e89","author":"Jacob Rus"},{"body":"git-svn-id: http://svn.textmate.org/trunk/Bundles/AppleScript.tmbundle@3593 dfb7d73b-c2ec-0310-8fea-fb051d288c6d","summary":"FXScript: added several new undocumented functions and hexadecimal patterns to the language definition. Several additional snippets and a more complete menu structure. Flow control now wraps the selected text when called from a menu. AppleScript: Added a URL encoding command for creating applescript:// source code links.","date":"2006-06-10T04:59:50+00:00","commit":"42536272c00a100e320d11caeaf4acd64dcff3e5","author":"Joe Maller"},{"body":"git-svn-id: http://svn.textmate.org/trunk/Bundles/AppleScript.tmbundle@3523 dfb7d73b-c2ec-0310-8fea-fb051d288c6d","summary":"• allow return (as keyword) only after begin of line, to, or then keywords and disallow it to be followed by &amp;","date":"2006-06-04T03:35:08+00:00","commit":"49866c625ee74351dae185d5fa462b960ccc932a","author":"Allan Odgaard"},{"body":"git-svn-id: http://svn.textmate.org/trunk/Bundles/AppleScript.tmbundle@3522 dfb7d73b-c2ec-0310-8fea-fb051d288c6d","summary":"fix the new doc commands","date":"2006-06-04T03:12:13+00:00","commit":"4f1c38641b200145be6562fee6b62777343f8f8e","author":"Jacob Rus"},{"body":"git-svn-id: http://svn.textmate.org/trunk/Bundles/AppleScript.tmbundle@3521 dfb7d73b-c2ec-0310-8fea-fb051d288c6d","summary":"add some commands to bring up applescript documentation, work on menu structure","date":"2006-06-04T02:01:59+00:00","commit":"08cee786e94faf0ff8e0aa0750ade998c68598f5","author":"Jacob Rus"},{"body":"git-svn-id: http://svn.textmate.org/trunk/Bundles/AppleScript.tmbundle@3515 dfb7d73b-c2ec-0310-8fea-fb051d288c6d","summary":"• snippet character escaping was wrong and would just strip them (rather than escape them) — also added } as an escape character, as we wrap the entire thing in ${0:…} • issue a <kbd class='keyEquivalent'>⌥⌘[</kbd> last (after 0.1 second) to Indent Selection (when unfolding a line into multiple lines) — the delay is to ensure that the command has exited","date":"2006-06-03T06:42:10+00:00","commit":"44c4cfa0b8d18610d947a24341d25e662fa4bae1","author":"Allan Odgaard"},{"body":"git-svn-id: http://svn.textmate.org/trunk/Bundles/AppleScript.tmbundle@3514 dfb7d73b-c2ec-0310-8fea-fb051d288c6d","summary":"more applescript constants/variables. considering block snippets","date":"2006-06-03T06:37:39+00:00","commit":"feccdd78b84cd5e50c6c4e968a72162f98c896fe","author":"Jacob Rus"},{"body":"git-svn-id: http://svn.textmate.org/trunk/Bundles/AppleScript.tmbundle@3502 dfb7d73b-c2ec-0310-8fea-fb051d288c6d","summary":"• add missing tab trigger","date":"2006-06-02T14:29:08+00:00","commit":"f30072aeefd8f249ae3d0ed215b32f3e7c5a17bd","author":"Allan Odgaard"},{"body":"git-svn-id: http://svn.textmate.org/trunk/Bundles/AppleScript.tmbundle@3501 dfb7d73b-c2ec-0310-8fea-fb051d288c6d","summary":"• this command currently inserts “end tell” but the intent is that it should close the current statement (so it either needs to parse the document or we need to make the language grammar parse them)","date":"2006-06-02T14:21:34+00:00","commit":"bbf05cff3a4ed2dacd5e27132ef410fcccbb9ebb","author":"Allan Odgaard"},{"body":"git-svn-id: http://svn.textmate.org/trunk/Bundles/AppleScript.tmbundle@3490 dfb7d73b-c2ec-0310-8fea-fb051d288c6d","summary":"Add 'script objects' to Applescript syntax, add a snippet for it","date":"2006-06-01T06:46:41+00:00","commit":"73bc5a6c4ced7b3acc60359db0a7d6042fb301a3","author":"Jacob Rus"},{"body":"git-svn-id: http://svn.textmate.org/trunk/Bundles/AppleScript.tmbundle@3475 dfb7d73b-c2ec-0310-8fea-fb051d288c6d","summary":"Add constants/variables to Applescript syntax.  Set things up for adding tell block-specific variables/constants","date":"2006-05-31T09:38:30+00:00","commit":"bff92cf219b0d6c95f5c6700afa3e2ebad60e3a0","author":"Jacob Rus"},{"body":"git-svn-id: http://svn.textmate.org/trunk/Bundles/AppleScript.tmbundle@3457 dfb7d73b-c2ec-0310-8fea-fb051d288c6d","summary":"Add some tweaks to applescript syntax, add application documentation command","date":"2006-05-30T01:37:35+00:00","commit":"cc105a5f9e3a27337b78922172e134f26cc2eab9","author":"Jacob Rus"},{"body":"git-svn-id: http://svn.textmate.org/trunk/Bundles/AppleScript.tmbundle@3407 dfb7d73b-c2ec-0310-8fea-fb051d288c6d","summary":"minor typo in qs template","date":"2006-05-23T21:06:42+00:00","commit":"47ee27154e7ec55204df6b448f7e974bfc8e9a0e","author":"Jacob Rus"},{"body":"git-svn-id: http://svn.textmate.org/trunk/Bundles/AppleScript.tmbundle@3406 dfb7d73b-c2ec-0310-8fea-fb051d288c6d","summary":"add to applescript snippets, also add quicksilver action template","date":"2006-05-23T21:04:32+00:00","commit":"857272c39a905002c15f7f7473ffe5f88d8d959d","author":"Jacob Rus"},{"body":"git-svn-id: http://svn.textmate.org/trunk/Bundles/AppleScript.tmbundle@3392 dfb7d73b-c2ec-0310-8fea-fb051d288c6d","summary":"• add -ss option to osascript which disables human printable output (where things like quotes, braces, and object types are stripped)","date":"2006-05-22T20:54:03+00:00","commit":"59445396e14c25fb602121d6d59adfd323ffbfe9","author":"Allan Odgaard"},{"body":"git-svn-id: http://svn.textmate.org/trunk/Bundles/AppleScript.tmbundle@3384 dfb7d73b-c2ec-0310-8fea-fb051d288c6d","summary":"• new menu structure • capitalized ‘with’ in template name • lowercased ‘Untitled’ in snippet","date":"2006-05-21T16:36:33+00:00","commit":"fd2fca747bfdb135f74bf2a82b11260a42da04ba","author":"Allan Odgaard"},{"body":"git-svn-id: http://svn.textmate.org/trunk/Bundles/AppleScript.tmbundle@3333 dfb7d73b-c2ec-0310-8fea-fb051d288c6d","summary":"minor applescript template tweak","date":"2006-05-13T13:55:43+00:00","commit":"33f6d3334e41edff7acc33cc4b397b65304c1f7f","author":"Jacob Rus"},{"body":"git-svn-id: http://svn.textmate.org/trunk/Bundles/AppleScript.tmbundle@3321 dfb7d73b-c2ec-0310-8fea-fb051d288c6d","summary":"Add standard addition functions to applescript grammar","date":"2006-05-12T16:38:32+00:00","commit":"873fba088313d581c26458de698f74e3006c0408","author":"Jacob Rus"},{"body":"git-svn-id: http://svn.textmate.org/trunk/Bundles/AppleScript.tmbundle@3317 dfb7d73b-c2ec-0310-8fea-fb051d288c6d","summary":"add 'using terms from' block to applescript","date":"2006-05-12T14:47:55+00:00","commit":"b6d74e536ae59f27c2c376589726861c42cdb2a0","author":"Jacob Rus"},{"body":"git-svn-id: http://svn.textmate.org/trunk/Bundles/AppleScript.tmbundle@3276 dfb7d73b-c2ec-0310-8fea-fb051d288c6d","summary":"add Applescript snippets to choose items; tweak templates","date":"2006-05-08T07:53:12+00:00","commit":"fc0925ae4db5aae3ef276d6ed02b12bb0b16251d","author":"Jacob Rus"},{"body":"git-svn-id: http://svn.textmate.org/trunk/Bundles/AppleScript.tmbundle@3247 dfb7d73b-c2ec-0310-8fea-fb051d288c6d","summary":"minor applescript syntax change to make tell folding regex less inefficient","date":"2006-05-07T14:52:55+00:00","commit":"25618d97343037fa5d2ea7f0b8fbf2d62a14968e","author":"Jacob Rus"},{"body":"git-svn-id: http://svn.textmate.org/trunk/Bundles/AppleScript.tmbundle@3246 dfb7d73b-c2ec-0310-8fea-fb051d288c6d","summary":"update folding, indentation rules for applescript","date":"2006-05-07T14:15:42+00:00","commit":"0652a57e94858bd8a86db910849f4ffec0b2ef11","author":"Jacob Rus"},{"body":"git-svn-id: http://svn.textmate.org/trunk/Bundles/AppleScript.tmbundle@3245 dfb7d73b-c2ec-0310-8fea-fb051d288c6d","summary":"add some more folding blocks to AppleScript syntax","date":"2006-05-07T13:22:07+00:00","commit":"4135289e9bc4747363f07bdc23d0dd90cb59fa4b","author":"Jacob Rus"},{"body":"git-svn-id: http://svn.textmate.org/trunk/Bundles/AppleScript.tmbundle@3244 dfb7d73b-c2ec-0310-8fea-fb051d288c6d","summary":"add 'on error', 'try' keywords to AppleScript syntax","date":"2006-05-07T13:00:29+00:00","commit":"61b08a0fa229536a14ceb4c2488c9d184600d9a7","author":"Jacob Rus"},{"body":"git-svn-id: http://svn.textmate.org/trunk/Bundles/AppleScript.tmbundle@3216 dfb7d73b-c2ec-0310-8fea-fb051d288c6d","summary":"set extension on templates to applescript","date":"2006-05-03T09:12:11+00:00","commit":"b3703d00f141607a1cf55bf7be13f247d365598f","author":"Jacob Rus"},{"body":"git-svn-id: http://svn.textmate.org/trunk/Bundles/AppleScript.tmbundle@3215 dfb7d73b-c2ec-0310-8fea-fb051d288c6d","summary":"add AppleScript templates","date":"2006-05-03T09:09:47+00:00","commit":"239cbb81faed8fe3caa85af9a88889a079d30f15","author":"Jacob Rus"},{"body":"git-svn-id: http://svn.textmate.org/trunk/Bundles/AppleScript.tmbundle@3211 dfb7d73b-c2ec-0310-8fea-fb051d288c6d","summary":"fix typo","date":"2006-05-03T00:48:17+00:00","commit":"24256b717ff14f6a4dde9bdae2de239a9086f7b9","author":"Jacob Rus"},{"body":"git-svn-id: http://svn.textmate.org/trunk/Bundles/AppleScript.tmbundle@3209 dfb7d73b-c2ec-0310-8fea-fb051d288c6d","summary":"add shift-return to applescript","date":"2006-05-03T00:42:52+00:00","commit":"6965e1eb9f24a531fb3d6aaee5394a3042125c3a","author":"Jacob Rus"},{"body":"git-svn-id: http://svn.textmate.org/trunk/Bundles/AppleScript.tmbundle@3178 dfb7d73b-c2ec-0310-8fea-fb051d288c6d","summary":"more minor tweaks","date":"2006-04-30T09:56:20+00:00","commit":"23f199a4d32da96061c1ea31eeb1baa9128ea8e2","author":"Jacob Rus"},{"body":"git-svn-id: http://svn.textmate.org/trunk/Bundles/AppleScript.tmbundle@3177 dfb7d73b-c2ec-0310-8fea-fb051d288c6d","summary":"rm old snippet","date":"2006-04-30T09:46:14+00:00","commit":"853257d8b6f8a162a7e3dde58e09cad54a96ed8b","author":"Jacob Rus"},{"body":"git-svn-id: http://svn.textmate.org/trunk/Bundles/AppleScript.tmbundle@3176 dfb7d73b-c2ec-0310-8fea-fb051d288c6d","summary":"dialog snippets","date":"2006-04-30T09:43:08+00:00","commit":"3dd63b68926f2a2411cf688785a26543b6ddbc75","author":"Jacob Rus"},{"body":"git-svn-id: http://svn.textmate.org/trunk/Bundles/AppleScript.tmbundle@3175 dfb7d73b-c2ec-0310-8fea-fb051d288c6d","summary":"some more applescript work, some experimental","date":"2006-04-30T08:20:31+00:00","commit":"1503740d0478c4664d9695df19ba5208ebdc12fd","author":"Jacob Rus"},{"body":"git-svn-id: http://svn.textmate.org/trunk/Bundles/AppleScript.tmbundle@3174 dfb7d73b-c2ec-0310-8fea-fb051d288c6d","summary":"add a compile in Script Editor command, other minor changes","date":"2006-04-30T05:44:54+00:00","commit":"e3b6946c8b75e49422bcc0a7e88c564d08103598","author":"Jacob Rus"},{"body":"git-svn-id: http://svn.textmate.org/trunk/Bundles/AppleScript.tmbundle@3173 dfb7d73b-c2ec-0310-8fea-fb051d288c6d","summary":"one more little change to tell snippet","date":"2006-04-30T03:00:46+00:00","commit":"9308709b4b58816b8b9f4c2463b13c1280101b20","author":"Jacob Rus"},{"body":"git-svn-id: http://svn.textmate.org/trunk/Bundles/AppleScript.tmbundle@3172 dfb7d73b-c2ec-0310-8fea-fb051d288c6d","summary":"minor applescript snippet changes","date":"2006-04-30T02:58:30+00:00","commit":"35979fa45be4ba752a3346a691fdd86a85ff07c4","author":"Jacob Rus"},{"body":"git-svn-id: http://svn.textmate.org/trunk/Bundles/AppleScript.tmbundle@3171 dfb7d73b-c2ec-0310-8fea-fb051d288c6d","summary":"add applescript snippets","date":"2006-04-30T02:53:08+00:00","commit":"0ccc4612be673e64a382c4313f675cc2b4919981","author":"Jacob Rus"},{"body":"git-svn-id: http://svn.textmate.org/trunk/Bundles/AppleScript.tmbundle@3165 dfb7d73b-c2ec-0310-8fea-fb051d288c6d","summary":"• when we go from osascript to multiline, insert the result as selected, so that user can just do a opt-cmd [ to indent it properly (if in AS mode).","date":"2006-04-29T17:10:26+00:00","commit":"57d7fe20b794ed67a0641d55b2c04c7ba1c40042","author":"Allan Odgaard"},{"body":"It checks for a leading osascript, to see how to convert it. It works on selection or current line and I gave it a key equivalent of ctrl-shift-H, which we use for various “conversions” in other bundles.\n\nIndent is stripped (when converting back to AppleScript), ideally it should run the result through the “Re-indent Selection”, maybe that should actually be an output option provided by TM.\n\n\ngit-svn-id: http://svn.textmate.org/trunk/Bundles/AppleScript.tmbundle@3125 dfb7d73b-c2ec-0310-8fea-fb051d288c6d","summary":"• combined the two macros into one command.","date":"2006-04-27T06:35:27+00:00","commit":"bb88c661d1709d4ea7d60e4080f156287d2ffe5a","author":"Allan Odgaard"},{"body":"git-svn-id: http://svn.textmate.org/trunk/Bundles/AppleScript.tmbundle@3060 dfb7d73b-c2ec-0310-8fea-fb051d288c6d","summary":"Added Convert Applescript to osascript and back macros. They only work on short scripts, but they are extremely handy. I used a scope of unix shell and applescript for both of them. I used the global hotkey ctrl-shift-esc because i couldn't think of anything better.","date":"2006-04-20T16:18:50+00:00","commit":"2ff8341f83d9fc2dd5d8874b234366466f2fc4cb","author":"Thomas Aylott"},{"body":"git-svn-id: http://svn.textmate.org/trunk/Bundles/AppleScript.tmbundle@3057 dfb7d73b-c2ec-0310-8fea-fb051d288c6d","summary":"work on line continuations in applescript","date":"2006-04-18T06:46:38+00:00","commit":"070b3fe8b8c89e521c1179aa92190d0a824becd2","author":"Jacob Rus"},{"body":"git-svn-id: http://svn.textmate.org/trunk/Bundles/AppleScript.tmbundle@3056 dfb7d73b-c2ec-0310-8fea-fb051d288c6d","summary":"move comment before operator in the syntax so we don't kill -- comments with minus signs","date":"2006-04-18T03:58:14+00:00","commit":"c51ccd58f2a5ebf936557d5059148b74df283014","author":"Jacob Rus"},{"body":"git-svn-id: http://svn.textmate.org/trunk/Bundles/AppleScript.tmbundle@3055 dfb7d73b-c2ec-0310-8fea-fb051d288c6d","summary":"• add a snippet for ¬ (on enter) • put ¬ in the ‘indentNextLinePattern’, this however is only used when using the Indent Line / Selection action","date":"2006-04-18T03:50:51+00:00","commit":"d183293b510d718d7cfc0cd400e1d81518954cff","author":"Allan Odgaard"},{"body":"git-svn-id: http://svn.textmate.org/trunk/Bundles/AppleScript.tmbundle@3054 dfb7d73b-c2ec-0310-8fea-fb051d288c6d","summary":"• updated AppleScript grammar from jrus","date":"2006-04-18T03:34:58+00:00","commit":"ec08d371fe5496ec82f56291b5ae1508792f908f","author":"Allan Odgaard"},{"body":"git-svn-id: http://svn.textmate.org/trunk/Bundles/AppleScript.tmbundle@3053 dfb7d73b-c2ec-0310-8fea-fb051d288c6d","summary":"• remove conflict markers left there by jrus","date":"2006-04-18T03:26:50+00:00","commit":"2389713b0d8bf7378cb09121d752eb38a15933cc","author":"Allan Odgaard"},{"body":"git-svn-id: http://svn.textmate.org/trunk/Bundles/AppleScript.tmbundle@3052 dfb7d73b-c2ec-0310-8fea-fb051d288c6d","summary":"added keywords (mainly operators) to the applescript bundle","date":"2006-04-18T03:20:37+00:00","commit":"61c4f8c258bf696fb95675e0fc4f871c602a0d37","author":"Jacob Rus"},{"body":"git-svn-id: http://svn.textmate.org/trunk/Bundles/AppleScript.tmbundle@3048 dfb7d73b-c2ec-0310-8fea-fb051d288c6d","summary":"• added snippets, a few more constructs to the grammar, better folding/indent patterns, etc.","date":"2006-04-16T22:19:32+00:00","commit":"4b199a7dbb3cc2b6f7a4ade0bf47f5f2057ab318","author":"Allan Odgaard"},{"body":"git-svn-id: http://svn.textmate.org/trunk/Bundles/AppleScript.tmbundle@3044 dfb7d73b-c2ec-0310-8fea-fb051d288c6d","summary":"• when a TM_COMMENT_STOP character is given, the default value of TM_COMMENT_MODE is block (instead of line) • strip all comment preferences to minimal number of variables (by relying on the smart default values)","date":"2006-04-15T13:46:06+00:00","commit":"e91ad250f61418171532f6c5ac9a3e290fb78287","author":"Allan Odgaard"},{"body":"git-svn-id: http://svn.textmate.org/trunk/Bundles/AppleScript.tmbundle@3039 dfb7d73b-c2ec-0310-8fea-fb051d288c6d","summary":"• updated run command to say when program has exited","date":"2006-04-15T01:42:15+00:00","commit":"2c242a5fcf544940792fd79a2e1b0f370c8da4d6","author":"Allan Odgaard"},{"body":"git-svn-id: http://svn.textmate.org/trunk/Bundles/AppleScript.tmbundle@3038 dfb7d73b-c2ec-0310-8fea-fb051d288c6d","summary":"• support for comments (grammar and preferences) • add preferences for increase indent after ‘tell app’","date":"2006-04-15T01:23:37+00:00","commit":"fb8b385e8874a4c95b9679c74aa0103d7092487d","author":"Allan Odgaard"},{"body":"git-svn-id: http://svn.textmate.org/trunk/Bundles/AppleScript.tmbundle@3037 dfb7d73b-c2ec-0310-8fea-fb051d288c6d","summary":"• very crude and preliminary AppleScript support!","date":"2006-04-15T01:16:17+00:00","commit":"fe060c37af86382ee9e0344a80184b7d2fea59c7","author":"Allan Odgaard"}],"name":"AppleScript"}