{"commits":[{"body":"This was also the behavior prior to last commit.","date":"2013-02-19T19:06:43+01:00","commit":"36dd9a2e0096683ac9c65d7fd705bb2bb29fda0b","author":"Allan Odgaard","summary":"Show tool tip when prettifying JSON fails"},{"body":"For reasons I didn’t care to learn, the ruby wrapper would stall for large JSON files.\n\nWhile the command is simply calling the python JSON tool (module) it has a shell shebang as I am not sure what code is required to replicate python’s ‘-m’ switch.","date":"2013-02-19T18:07:08+01:00","commit":"d599689f71f4ac1533a80b75464144edd15cdca4","author":"Allan Odgaard","summary":"Drop intermediate ruby code for JSON prettifier"},{"body":"","date":"2013-01-12T04:40:54-06:00","commit":"41f6e65f53dff8913b44e2670329c84931637306","author":"Michael Sheets","summary":"Add indent patterns and smart typing pairs."},{"body":"","date":"2012-01-07T13:19:38+01:00","commit":"5765750aa970c72decef3e2fcefec16a0f22e427","author":"Martin Ottenwaelter","summary":"Show the error in a tooltip if the reformatting fails."},{"body":"","date":"2011-11-13T15:40:18-06:00","commit":"3f735aa84d6fb76a4a0d40a390a2e4d1685562ff","author":"Michael Sheets","summary":"Move folding settings."},{"body":"","date":"2011-11-13T15:36:10-06:00","commit":"07cdcc00b6d067896dcae38ae32196a7e63d195b","author":"Michael Sheets","summary":"Add readme."},{"body":"","date":"2011-11-13T15:34:11-06:00","commit":"fa9cf55f88e6c81231290f91ea68494024e75dfe","author":"Michael Sheets","summary":"Show error on older OS versions."},{"body":"Fixes #1, #3","date":"2011-11-13T15:22:38-06:00","commit":"fbb2dcd2668338b4d3df61dce51d902138cd4733","author":"Michael Sheets","summary":"Improve by using Python to reformat."},{"body":"git-svn-id: http://svn.textmate.org/trunk/Bundles/JSON.tmbundle@11943 dfb7d73b-c2ec-0310-8fea-fb051d288c6d","date":"2010-06-09T15:12:15+00:00","commit":"c7f2f585c7ecf9e9c2b068b4b1a211a2deedea5d","author":"David Bonnet","summary":"Fixed little grammar bug where the fractional part of a number was required when written in an exponential form (i.e.: a number like 1e10 was considered as invalid and required to be written as 1.0e10)."},{"body":"git-svn-id: http://svn.textmate.org/trunk/Bundles/JSON.tmbundle@8563 dfb7d73b-c2ec-0310-8fea-fb051d288c6d","date":"2007-11-28T20:16:51+00:00","commit":"4726aa2fd860fa243aaee18891219b973ea3a41c","author":"Duane Johnson","summary":"Switch JSON prettifier to ctrl-shift-h key combination.  Rename to 'Reformat Document / Selection'."},{"body":"git-svn-id: http://svn.textmate.org/trunk/Bundles/JSON.tmbundle@8505 dfb7d73b-c2ec-0310-8fea-fb051d288c6d","date":"2007-11-23T22:39:20+00:00","commit":"ae1f0558f01bd3b81a18d52ede07b78a77a9df6b","author":"Duane Johnson","summary":"Added a JSON prettifier command (ctrl+shift+f)"},{"body":"contactName:\n   The full name of the contact for this bundle.\ncontactEmailRot13:\n   A ROT13 encoded email address for the bundle contact (we obfuscate it to avoid spammers from picking up the files, seeing how bundles will often be available via anonymous svn over http).\ndescription:\n   A short description for this bundle. Do link to more info about the language (or whatever) the bundle is about. I decided on using HTML for this (but leave out the initial paragraph tag) since it seemed like overkill to run a single line of text through Markdown.pl, just to convert [foo](link) into &lt;a href=\"link\">foo&lt;/a>\n\nMany of the current descriptions could use some improvements, I just wanted to get the ball rolling :)\n\n\ngit-svn-id: http://svn.textmate.org/trunk/Bundles/JSON.tmbundle@6718 dfb7d73b-c2ec-0310-8fea-fb051d288c6d","date":"2007-03-04T20:11:31+00:00","commit":"9be0a5107b3e686a2292ba9241f6715ce92a84d4","author":"Allan Odgaard","summary":"Add the following keys to the bundle’s info.plist:"},{"body":"git-svn-id: http://svn.textmate.org/trunk/Bundles/JSON.tmbundle@6453 dfb7d73b-c2ec-0310-8fea-fb051d288c6d","date":"2007-01-16T00:29:41+00:00","commit":"0f2b2bd3e16e5525f7a29886e9045bc7d2c71eaf","author":"James Edward Gray II","summary":"Adding the more complete JSON syntax developed as an example in the TextMate book."},{"body":"git-svn-id: http://svn.textmate.org/trunk/Bundles/JSON.tmbundle@6449 dfb7d73b-c2ec-0310-8fea-fb051d288c6d","date":"2007-01-15T21:17:34+00:00","commit":"45c5b2519447a1703f76a04a6a9a38db807e290b","author":"David Powers","summary":"Add a simple JSON bundle"}],"name":"JSON","web":"https://github.com/textmate/json.tmbundle/commit/"}