{"commits":[{"body":"","summary":"Update regex to match improvements to hyperlink helper.","author":"Michael Sheets","date":"2012-11-30T19:11:24-06:00","commit":"484d468f47f6a17c98f73b369fa00a6bbc2a22fd"},{"body":"","summary":"Add initial semantic classes.","author":"Michael Sheets","date":"2012-09-08T01:53:17-05:00","commit":"af8d69ff2d70992d61c8ab8173b6e31ca6032506"},{"body":"","summary":"Move folding settings.","author":"Michael Sheets","date":"2011-11-22T02:41:47-06:00","commit":"f73bd5a6792fb7df207bd06507cb67521f0bbc31"},{"body":"","summary":"Add readme.","author":"Michael Sheets","date":"2011-11-22T02:40:44-06:00","commit":"9dfcade5dffe55b76172a97b40f98c5113865151"},{"body":"git-svn-id: http://svn.textmate.org/trunk/Bundles/JavaDoc.tmbundle@11599 dfb7d73b-c2ec-0310-8fea-fb051d288c6d","summary":"• Use the first letter (mostly) of the tag instead of overloading them all on @","author":"Luke Daley","date":"2009-06-06T12:42:25+00:00","commit":"d28cf9bc15bfb033bcf18cb88f2f881f78418322"},{"body":"git-svn-id: http://svn.textmate.org/trunk/Bundles/JavaDoc.tmbundle@11156 dfb7d73b-c2ec-0310-8fea-fb051d288c6d","summary":"• Added snippet for <kbd class='tabTrigger'>null⇥</kbd> which inserts {@code null}.","author":"Luke Daley","date":"2009-01-27T11:40:45+00:00","commit":"b2bfc267a8b78281bca103d78e077bf102edd331"},{"body":"git-svn-id: http://svn.textmate.org/trunk/Bundles/JavaDoc.tmbundle@10163 dfb7d73b-c2ec-0310-8fea-fb051d288c6d","summary":"Promoting bundle out of review.","author":"Michael Sheets","date":"2008-07-05T07:46:48+00:00","commit":"e4702d7216bbd6350ae92f00eea3e299cca11d9c"},{"body":"git-svn-id: http://svn.textmate.org/trunk/Review/Bundles/JavaDoc.tmbundle@10159 dfb7d73b-c2ec-0310-8fea-fb051d288c6d","summary":"Declare contentName = 'text.html' on the top level element, instead of each underneath.","author":"Luke Daley","date":"2008-07-05T07:09:35+00:00","commit":"52689c67d2e5bb38d16ec4ed9621e150f5b69c2a"},{"body":"git-svn-id: http://svn.textmate.org/trunk/Review/Bundles/JavaDoc.tmbundle@10158 dfb7d73b-c2ec-0310-8fea-fb051d288c6d","summary":"punctuation.definition.comment.javadoc → punctuation.definition.comment.end.javadoc","author":"Luke Daley","date":"2008-07-05T07:07:07+00:00","commit":"38af964a7b19f9bd56745d27aa16535ce8e7d4f9"},{"body":"git-svn-id: http://svn.textmate.org/trunk/Review/Bundles/JavaDoc.tmbundle@10157 dfb7d73b-c2ec-0310-8fea-fb051d288c6d","summary":"punctuation.definition.tag.template → punctuation.definition.tag","author":"Luke Daley","date":"2008-07-05T07:02:19+00:00","commit":"166b9701d73f3d2963ef4ff2a29c9f38bffbd11b"},{"body":"git-svn-id: http://svn.textmate.org/trunk/Review/Bundles/JavaDoc.tmbundle@10156 dfb7d73b-c2ec-0310-8fea-fb051d288c6d","summary":"meta.directive → meta.tag.template punctuation.definition.directive → punctuation.definition.tag.template","author":"Luke Daley","date":"2008-07-05T06:58:26+00:00","commit":"fb6074aaa98ec7497661ba846409b94f543dc630"},{"body":"git-svn-id: http://svn.textmate.org/trunk/Review/Bundles/JavaDoc.tmbundle@10155 dfb7d73b-c2ec-0310-8fea-fb051d288c6d","summary":"• Update end match for tags to allow for optional leading asterisks","author":"Luke Daley","date":"2008-07-05T06:53:50+00:00","commit":"cba8190fbfda03df7a845f94ebb042a3e52d2e94"},{"body":"> 'Starting with Javadoc 1.4, the leading asterisks are optional.'\n-- http://java.sun.com/j2se/javadoc/writingdoccomments/\n\ngit-svn-id: http://svn.textmate.org/trunk/Review/Bundles/JavaDoc.tmbundle@10154 dfb7d73b-c2ec-0310-8fea-fb051d288c6d","summary":"• Remove the assumption that each line starts with a '*'.","author":"Luke Daley","date":"2008-07-05T06:07:27+00:00","commit":"e4afb1cd89866ab15f0a614a8cbbe077518a0334"},{"body":"git-svn-id: http://svn.textmate.org/trunk/Review/Bundles/JavaDoc.tmbundle@10149 dfb7d73b-c2ec-0310-8fea-fb051d288c6d","summary":"• Improve menu structure by reordering and adding some dividers","author":"Luke Daley","date":"2008-07-05T05:40:46+00:00","commit":"d45f65408681cb78a8457996dc20cb73b130a398"},{"body":"git-svn-id: http://svn.textmate.org/trunk/Review/Bundles/JavaDoc.tmbundle@10148 dfb7d73b-c2ec-0310-8fea-fb051d288c6d","summary":"• Move two stray inline tags back to their rightful home","author":"Luke Daley","date":"2008-07-05T05:38:49+00:00","commit":"11d827c72c915f85bcc256121daa7cea23d3d099"},{"body":"git-svn-id: http://svn.textmate.org/trunk/Review/Bundles/JavaDoc.tmbundle@10016 dfb7d73b-c2ec-0310-8fea-fb051d288c6d","summary":"• Snippets for starting and continuing comment blocks","author":"Luke Daley","date":"2008-06-22T05:30:21+00:00","commit":"18117a514589b4ae0c0e2405c2f183024f569c50"},{"body":"git-svn-id: http://svn.textmate.org/trunk/Review/Bundles/JavaDoc.tmbundle@10015 dfb7d73b-c2ec-0310-8fea-fb051d288c6d","summary":"• Adding missing plist","author":"Luke Daley","date":"2008-06-22T05:29:46+00:00","commit":"6a66afa618fbb2d3e15b0f4f6e8715f16c4a6a2a"},{"body":"git-svn-id: http://svn.textmate.org/trunk/Review/Bundles/JavaDoc.tmbundle@9385 dfb7d73b-c2ec-0310-8fea-fb051d288c6d","summary":"Moving to javadoc bundle","author":"Luke Daley","date":"2008-04-14T11:18:32+00:00","commit":"0f708241529d901689d73835214dba5977e892ba"},{"body":"git-svn-id: http://svn.textmate.org/trunk/Review/Bundles/JavaDoc.tmbundle@9384 dfb7d73b-c2ec-0310-8fea-fb051d288c6d","summary":"Moving javadoc to separate bundle.","author":"Luke Daley","date":"2008-04-14T11:01:55+00:00","commit":"0b5670218942b43509418aec5ac682a3ca93c46e"}],"name":"JavaDoc","web":"https://github.com/textmate/javadoc.tmbundle/commit/"}