{"commits":[{"author":"Allan Odgaard","summary":"Inline the Show TODO (<kbd class='keyEquivalent'>⌃⇧T</kbd>) command","commit":"eac471de3bef1b590971bbc6914e4fb1fbb883f4","body":"It started to hang after updating the ruby shebang. I didn’t look into why, but inlining the script, rather than go via bash, fixed the problem for me.","date":"2013-08-08T13:08:49+02:00"},{"author":"Allan Odgaard","summary":"Pressing <kbd class='keyEquivalent'>⌅</kbd> to open a rdar URL also works when caret is at the end","commit":"bbf5bdfa6144f4fd977e0cb791665b1b1c762bb1","body":"This matches the change done in the Hyperlink-Helper bundle.","date":"2013-03-10T23:31:37+01:00"},{"author":"Michael Sheets","summary":"Use TM_APP_IDENTIFIER to find the preference file.","commit":"f8de0e81e8f56e4c9b3980356df9898399b78e5c","body":"","date":"2012-09-19T04:38:08-05:00"},{"author":"Allan Odgaard","summary":"Fix missing/invisible buttons","commit":"c7a588920641caa2915f3e0a8acfcc5fc63a1284","body":"We previously relied on image resources from the TextMate.app bundle which are no longer available in TextMate 2.0 which made the buttons invisible.","date":"2012-08-12T00:48:41+02:00"},{"author":"Michael Sheets","summary":"Introduce TM_RDAR_URL to set the URL for rdar links.","commit":"f2162ecb01088732d9366c1ab243a7856b31e5d6","body":"","date":"2011-12-16T04:26:02-06:00"},{"author":"Michael Sheets","summary":"Added readme.","commit":"78e121d194a73103d1a3b3ad9ae8d0bbaf096216","body":"","date":"2011-11-13T04:20:51-06:00"},{"author":"Allan Odgaard","summary":"Add command to open radar:-links (<kbd class='keyEquivalent'>⌅</kbd>).","commit":"95b33325620dd97ab449e4143c59d04206144876","body":"","date":"2011-05-19T14:58:38+02:00"},{"author":"Allan Odgaard","summary":"Add grammar for to-do keywords.","commit":"d3e43f9c15a22f5101df074218540712b749a494","body":"This is injected into comments and plain text files.","date":"2011-05-18T22:54:09+02:00"},{"author":"Michael Sheets","summary":"Remove usage of TM_RUBY.","commit":"8e1dfa3b34b8a344c1b6c743a31a0a3d2767f857","body":"","date":"2010-11-20T00:41:41-06:00"},{"author":"Stanley Rost","summary":"removed explanatory comment","commit":"ef219b16fa65f2bdfc5507364afa866b0104a5f1","body":"","date":"2010-01-06T23:40:06+01:00"},{"author":"Chris Adams","summary":"Quick bugfix for crashes while scanning files","commit":"119db6ad158adcdc3f1a3ac260456e4476090465","body":"The built-in regexps fail with some JavaScript files in my projects such\nas ckeditor's plugins/stylescombo/styles/default.js. This avoids the\ncrash but it warrants further investigation when time allows - it's not\nimmediately obvious why that regexp should be matching those lines at\nall.","date":"2010-01-05T15:17:07-05:00"},{"author":"Stanley Rost","summary":"Implemented a way to restore old behaviour of TODO list to scan the whole project. Would only scan current file if selected in project drawer after change http://lists.macromates.com/textmate-dev/2009-October/014188.html.","commit":"000b087291cb75bde763bd75ee2aa7c80d2c6529","body":"","date":"2009-12-10T10:13:49+01:00"},{"author":"Stanley Rost","summary":"Fixed TODO list  when using on single files. “Show relative path” checkbox is disabled in that case. Issue #3","commit":"7af4cea4b46094f974b311f8b04f49883f620fb3","body":"","date":"2009-12-03T23:25:23+01:00"},{"author":"Stanley Rost","summary":"Relayout of options (Issue #2)","commit":"959e077b3ddd0adef5ef30a6853e9320b866016f","body":"","date":"2009-11-27T22:50:24+01:00"},{"author":"Stanley Rost","summary":"Connected the “Show relative paths” label to its checkbox (Issue #1)","commit":"856bbbe7c76002d0ad9442cf23ef32b05fdbdba0","body":"","date":"2009-11-27T20:36:41+01:00"},{"author":"Stanley Rost","summary":"Corrected matching against content of TODO item instead of whole line.","commit":"ce7b1f1acc6c22d3a56fc77aa761a4b0f3e3e6d8","body":"git-svn-id: http://svn.textmate.org/trunk/Bundles/TODO.tmbundle@11787 dfb7d73b-c2ec-0310-8fea-fb051d288c6d","date":"2009-10-18T18:57:46+00:00"},{"author":"Stanley Rost","summary":"[ADDED] Real time filtering of result list and option to show file paths relative to project directory","commit":"ac07daa573e3c8063569350d08f5880c7380bb26","body":"git-svn-id: http://svn.textmate.org/trunk/Bundles/TODO.tmbundle@11786 dfb7d73b-c2ec-0310-8fea-fb051d288c6d","date":"2009-10-18T18:04:05+00:00"},{"author":"Allan Odgaard","summary":"Let &lt;rdar://#######> link to &lt;http://openradar.appspot.com/>.","commit":"a9ede5c3436d9a8a51ebc82ce9b2dfe9b006abcf","body":"git-svn-id: http://svn.textmate.org/trunk/Bundles/TODO.tmbundle@11710 dfb7d73b-c2ec-0310-8fea-fb051d288c6d","date":"2009-07-19T08:39:57+00:00"},{"author":"James Edward Gray II","summary":"A fix to get TODO links compatible with Ruby 1.9.","commit":"3dfea9e6e7943b19b15873159f7a085fafb67197","body":"git-svn-id: http://svn.textmate.org/trunk/Bundles/TODO.tmbundle@11282 dfb7d73b-c2ec-0310-8fea-fb051d288c6d","date":"2009-02-10T17:00:35+00:00"},{"author":"Allan Odgaard","summary":"Re-apply changes from r10355 which somehow got lost when I reverted 10748 (I used: svn merge -rHEAD:PREV).","commit":"85964c058e1b0faf3a1436ef3e1ba755a1ba47bf","body":"git-svn-id: http://svn.textmate.org/trunk/Bundles/TODO.tmbundle@10751 dfb7d73b-c2ec-0310-8fea-fb051d288c6d","date":"2008-10-28T22:40:09+00:00"},{"author":"Stanley Rost","summary":"Fixed a bug where labels using non-alphanumeric characters would not be displayed correctly. Ticket C154BED5","commit":"4a67666e64630360ca4d199f896074174f274fb7","body":"git-svn-id: http://svn.textmate.org/trunk/Bundles/TODO.tmbundle@10750 dfb7d73b-c2ec-0310-8fea-fb051d288c6d","date":"2008-10-28T22:03:48+00:00"},{"author":"Allan Odgaard","summary":"Revert last commit","commit":"b669b2098799ab24a2f30731bb07035ba4ca77aa","body":"git-svn-id: http://svn.textmate.org/trunk/Bundles/TODO.tmbundle@10749 dfb7d73b-c2ec-0310-8fea-fb051d288c6d","date":"2008-10-28T21:13:18+00:00"},{"author":"Allan Odgaard","summary":"git-svn-id: http://svn.textmate.org/trunk/Bundles/TODO.tmbundle@10748 dfb7d73b-c2ec-0310-8fea-fb051d288c6d","commit":"0a8db73c0d3d455690c5b4434a2cc8dc88b5e254","body":"","date":"2008-10-28T21:05:47+00:00"},{"author":"Allan Odgaard","summary":"• use Support/lib/tm/detach","commit":"c4bcdbbc1f7cd1c20f37676ebfbf0d3cf7bcb958","body":"This has the advantage of catching potential exceptions thrown from the ruby code and show them in a dialog, plus it removes the boilerplate code associated with detaching a command.\n\n\ngit-svn-id: http://svn.textmate.org/trunk/Bundles/TODO.tmbundle@10747 dfb7d73b-c2ec-0310-8fea-fb051d288c6d","date":"2008-10-28T18:41:31+00:00"},{"author":"Stanley Rost","summary":"Applied patch from Pavel Kunc to make TODO Bundle work with Ruby 1.8.7.","commit":"b8e66570ffbfff4d1c6b547dacb4459feb5d6843","body":"git-svn-id: http://svn.textmate.org/trunk/Bundles/TODO.tmbundle@10355 dfb7d73b-c2ec-0310-8fea-fb051d288c6d","date":"2008-08-02T21:13:29+00:00"},{"author":"Stanley Rost","summary":"Some enhancements for printing. Mainly added the print.css and restructured the html a little bit.","commit":"d7208399cd356f7f2c0ba2ceaa3a301e6b60f4c8","body":"git-svn-id: http://svn.textmate.org/trunk/Bundles/TODO.tmbundle@10026 dfb7d73b-c2ec-0310-8fea-fb051d288c6d","date":"2008-06-22T18:53:40+00:00"},{"author":"Michael Sheets","summary":"Add Preferences item to the menu ordering.","commit":"aa5728db3657214ae39876ef715a5d19bab65789","body":"git-svn-id: http://svn.textmate.org/trunk/Bundles/TODO.tmbundle@9771 dfb7d73b-c2ec-0310-8fea-fb051d288c6d","date":"2008-05-28T08:09:31+00:00"},{"author":"Stanley Rost","summary":"Mention that `TM_TODO_IGNORE` refers to a regular expression.","commit":"1f70af573be7a1c9dbab97756d61803eba24fba7","body":"git-svn-id: http://svn.textmate.org/trunk/Bundles/TODO.tmbundle@8975 dfb7d73b-c2ec-0310-8fea-fb051d288c6d","date":"2008-02-21T21:31:31+00:00"},{"author":"Allan Odgaard","summary":"• add ellipsis to command name","commit":"94fcccedabad3d8ce8a65a05f4d2b935d93d8519","body":"git-svn-id: http://svn.textmate.org/trunk/Bundles/TODO.tmbundle@7822 dfb7d73b-c2ec-0310-8fea-fb051d288c6d","date":"2007-07-26T17:31:21+00:00"},{"author":"Ciarán Walsh","summary":"Changed the +/- buttons to use the relevant images from TextMate's interface (found in TM.app's resources)","commit":"02c236c3fbeb0d34eeea2282bc61825542347260","body":"git-svn-id: http://svn.textmate.org/trunk/Bundles/TODO.tmbundle@7771 dfb7d73b-c2ec-0310-8fea-fb051d288c6d","date":"2007-07-19T21:14:38+00:00"},{"author":"Allan Odgaard","summary":"• merge back WIP branch","commit":"dddd37d16fb5e16e80b447f3629ff36d41c770fe","body":"git-svn-id: http://svn.textmate.org/trunk/Bundles/TODO.tmbundle@7699 dfb7d73b-c2ec-0310-8fea-fb051d288c6d","date":"2007-07-07T17:24:31+00:00"},{"author":"Stanley Rost","summary":"• Do not fail miserably when shell variables are not setup. TM_TODO_MARKERS has to be set for the TODO list to work, otherwise show an error and point the user to the Help command. If a marker does not have a regexp set it is skipped. Colors default to grey and TM_TODO_MARKERS_TRIM to an empty array.","commit":"c4bd0633638a6db26bd33bd065c43493cc28e720","body":"git-svn-id: http://svn.textmate.org/trunk/Bundles/TODO.tmbundle@7575 dfb7d73b-c2ec-0310-8fea-fb051d288c6d","date":"2007-06-25T16:54:20+00:00"},{"author":"Stanley Rost","summary":"• Updated Help to explain about shell variables to set up.","commit":"82cbb5b8ad2e3ce4e6b7925558b0b3a75d40215f","body":"git-svn-id: http://svn.textmate.org/trunk/Bundles/TODO.tmbundle@7574 dfb7d73b-c2ec-0310-8fea-fb051d288c6d","date":"2007-06-25T16:51:58+00:00"},{"author":"Stanley Rost","summary":"• Configuration moved from yaml file to Preferences item.","commit":"537eb255b40d7d76c9b8ee0aba634e964ce40cc8","body":"git-svn-id: http://svn.textmate.org/trunk/Bundles/TODO.tmbundle@7567 dfb7d73b-c2ec-0310-8fea-fb051d288c6d","date":"2007-06-23T15:47:16+00:00"},{"author":"Stanley Rost","summary":"• TODO Tags/Markers now configurable via Preferences item • Removed global variables and used bindings for ERB","commit":"b6fb17bb0382cbaae88e8bd795da0d2c245f067f","body":"git-svn-id: http://svn.textmate.org/trunk/Bundles/TODO.tmbundle@7566 dfb7d73b-c2ec-0310-8fea-fb051d288c6d","date":"2007-06-23T13:51:37+00:00"},{"author":"Stanley Rost","summary":"Forgot to delete old template","commit":"e30f242828b529e112fca72f9d79808c7da0410c","body":"git-svn-id: http://svn.textmate.org/trunk/Bundles/TODO.tmbundle@7556 dfb7d73b-c2ec-0310-8fea-fb051d288c6d","date":"2007-06-20T19:05:32+00:00"},{"author":"Stanley Rost","summary":"[CHANGED] Major update to the TODO List Bundle. More beautiful output with sortable lists and progress showing scanning folder.","commit":"c3075388b5747e84a1344dc5cceb52c1f5baf6c7","body":"git-svn-id: http://svn.textmate.org/trunk/Bundles/TODO.tmbundle@7555 dfb7d73b-c2ec-0310-8fea-fb051d288c6d","date":"2007-06-20T19:04:56+00:00"},{"author":"Brian Donovan","summary":"Skip symbolic links, since File.open doesn't like them.","commit":"76c17d2ce52d11f36c28393cfb5b2a09f6a478f6","body":"git-svn-id: http://svn.textmate.org/trunk/Bundles/TODO.tmbundle@7056 dfb7d73b-c2ec-0310-8fea-fb051d288c6d","date":"2007-04-26T02:16:34+00:00"},{"author":"Allan Odgaard","summary":"• this command inserts the start of a TODO list wrapped in block comment delimiters appropriate for the current language (now we just need <kbd class='keyEquivalent'>⌅</kbd> in the TODO list to insert the next item :) ).","commit":"d4d816902d6cd3d1090c89013d082aede745d54f","body":"git-svn-id: http://svn.textmate.org/trunk/Bundles/TODO.tmbundle@6819 dfb7d73b-c2ec-0310-8fea-fb051d288c6d","date":"2007-03-16T03:40:05+00:00"},{"author":"Allan Odgaard","summary":"Add the following keys to the bundle’s info.plist:","commit":"8ca44da1aae23b20460a6fe541f2e1a6369442bc","body":"contactName:\n   The full name of the contact for this bundle.\ncontactEmailRot13:\n   A ROT13 encoded email address for the bundle contact (we obfuscate it to avoid spammers from picking up the files, seeing how bundles will often be available via anonymous svn over http).\ndescription:\n   A short description for this bundle. Do link to more info about the language (or whatever) the bundle is about. I decided on using HTML for this (but leave out the initial paragraph tag) since it seemed like overkill to run a single line of text through Markdown.pl, just to convert [foo](link) into &lt;a href=\"link\">foo&lt;/a>\n\nMany of the current descriptions could use some improvements, I just wanted to get the ball rolling :)\n\n\ngit-svn-id: http://svn.textmate.org/trunk/Bundles/TODO.tmbundle@6718 dfb7d73b-c2ec-0310-8fea-fb051d288c6d","date":"2007-03-04T20:11:31+00:00"},{"author":"Kevin Ballard","summary":"plist ruby extension is now osx/plist. All relevant users (that I can find) have been updated","commit":"670ced02db157abc3d07a70baffdc2bd14487d2b","body":"git-svn-id: http://svn.textmate.org/trunk/Bundles/TODO.tmbundle@6638 dfb7d73b-c2ec-0310-8fea-fb051d288c6d","date":"2007-02-25T07:34:29+00:00"},{"author":"Stanley Rost","summary":"• It is now possible to set up an environment variable called `TM_TODO_IGNORE` (e.g. per project) which contains a regular expression that is matched against the individual filenames of your project files. If it matches, those files will be ignored and not scanned for TODO items. • Credits to Ryan Wilcox.","commit":"eb51a18b736f559c3a4b294c80ad6ac62f093e7c","body":"git-svn-id: http://svn.textmate.org/trunk/Bundles/TODO.tmbundle@6342 dfb7d73b-c2ec-0310-8fea-fb051d288c6d","date":"2006-12-12T21:27:38+00:00"},{"author":"James Edward Gray II","summary":"Fixing bug reported by Gerd Knops.","commit":"55e24520bea27c9d617d496de8f3b4ed6727128c","body":"git-svn-id: http://svn.textmate.org/trunk/Bundles/TODO.tmbundle@4925 dfb7d73b-c2ec-0310-8fea-fb051d288c6d","date":"2006-08-24T22:16:59+00:00"},{"author":"Stanley Rost","summary":"Nicer Help HTML Output","commit":"04bd695d82febef84f62ae7fae767a392ec16d95","body":"git-svn-id: http://svn.textmate.org/trunk/Bundles/TODO.tmbundle@4849 dfb7d73b-c2ec-0310-8fea-fb051d288c6d","date":"2006-08-18T23:16:11+00:00"},{"author":"Allan Odgaard","summary":"• update Help to mention that you can actually print the list (rather than divert the user toward TextEdit) • add a require of the TM plist extension — something (likely caused by RubyGems) makes ruby crash if I rely on textmate.rb to require it","commit":"4f1ac4e1fda6a39319941dfa671c92c1066cc5e9","body":"git-svn-id: http://svn.textmate.org/trunk/Bundles/TODO.tmbundle@4385 dfb7d73b-c2ec-0310-8fea-fb051d288c6d","date":"2006-07-17T19:42:12+00:00"},{"author":"James Edward Gray II","summary":"TODO command now saves project files before it is run.  TODO items now have the ability to set :trim_if_empty to remove them from the list if there are no matches (set for RADAR by default).  Clarified tag documentation in the TODO Help command.","commit":"ee6f218cab56039fbda4fcf8708b4b6621c1c409","body":"git-svn-id: http://svn.textmate.org/trunk/Bundles/TODO.tmbundle@4261 dfb7d73b-c2ec-0310-8fea-fb051d288c6d","date":"2006-07-16T14:56:14+00:00"},{"author":"Allan Odgaard","summary":"• add Ruby 1.6 version check and output an informational error message when detected","commit":"0cb09690abea40e27adefb92100ee75e571fda1b","body":"git-svn-id: http://svn.textmate.org/trunk/Bundles/TODO.tmbundle@3668 dfb7d73b-c2ec-0310-8fea-fb051d288c6d","date":"2006-06-14T21:28:53+00:00"},{"author":"Allan Odgaard","summary":"• moved FIXME above TODO (as suggested by Soryu) and swapped the colors (as FIXME should have been the red one) • included new Help text from Soryu","commit":"00c4502153b615953cf302574891667dc3581945","body":"git-svn-id: http://svn.textmate.org/trunk/Bundles/TODO.tmbundle@2891 dfb7d73b-c2ec-0310-8fea-fb051d288c6d","date":"2006-03-23T17:55:45+00:00"},{"author":"Allan Odgaard","summary":"• lines with radar links are now harvested (e.g. &lt;rdar://problem/4356>) — these are for Apple’s bug tracker, but not uncommon to find elsewhere.","commit":"36fbad86735acc6749ae3f6769b922d1ef526acd","body":"Patch by Bill Bumgarner.\n\ngit-svn-id: http://svn.textmate.org/trunk/Bundles/TODO.tmbundle@2885 dfb7d73b-c2ec-0310-8fea-fb051d288c6d","date":"2006-03-22T17:01:13+00:00"},{"author":"Allan Odgaard","summary":"• use new colors from Soryu and move color values to the actual command (in the $tags array) — this seems to be a more pragmatic solution, even though colors really do belong in the template","commit":"a8310d25e915788b48592d61cab572349fae9c75","body":"git-svn-id: http://svn.textmate.org/trunk/Bundles/TODO.tmbundle@2795 dfb7d73b-c2ec-0310-8fea-fb051d288c6d","date":"2006-02-27T19:08:32+00:00"},{"author":"Allan Odgaard","summary":"• a bit of variable renaming and restructuring — now the tags array only contain label + regexp, which should make it straight forward for users to add their own stuff • when there are no matches for a tag, it is stated in the appropriate section of the output","commit":"467a639f4b8a27839043fb186e611e98cd37757f","body":"git-svn-id: http://svn.textmate.org/trunk/Bundles/TODO.tmbundle@2794 dfb7d73b-c2ec-0310-8fea-fb051d288c6d","date":"2006-02-27T16:45:44+00:00"},{"author":"Allan Odgaard","summary":"• moved all HTML escaping to the rhtml template (where I think such things belong) • the command now use an array of regexps + labels instead of duplicating the code in both the command and template for the 3 types (FIXME, TODO, and CHANGED) — this should also make it easier to add new tags to search for (the only thing which is hardcoded for the 3 current tags is the style sheet)","commit":"252b975bb90fd4c2751d8872e5bf85c072c43e28","body":"git-svn-id: http://svn.textmate.org/trunk/Bundles/TODO.tmbundle@2793 dfb7d73b-c2ec-0310-8fea-fb051d288c6d","date":"2006-02-27T15:38:12+00:00"},{"author":"Allan Odgaard","summary":"• strip leading/trailing whitespace for the link tool tip (which show the line where the tag was found)","commit":"f663c00a35f1c15b40f5b53d66da00d81b1a76d9","body":"git-svn-id: http://svn.textmate.org/trunk/Bundles/TODO.tmbundle@2767 dfb7d73b-c2ec-0310-8fea-fb051d288c6d","date":"2006-02-25T15:05:20+00:00"},{"author":"Allan Odgaard","summary":"• add ruby module (to shared support) which allows iterating all text files in a project • update the Show TODO List to the much enhanced version by Soryu (I made a few minor changes and made it use the new module for traversing all the files in current project) • remove the TODO command from the Rails bundle","commit":"53bd9d00a3112072cbc330672fe9756985c0f983","body":"git-svn-id: http://svn.textmate.org/trunk/Bundles/TODO.tmbundle@2766 dfb7d73b-c2ec-0310-8fea-fb051d288c6d","date":"2006-02-25T15:01:33+00:00"},{"author":"Brad Miller","summary":"Move keybinding for Show Todo to ctrl-shift-T","commit":"187b6253bb3c9f10f4ec86a40d9fe6b0f9307aac","body":"git-svn-id: http://svn.textmate.org/trunk/Bundles/TODO.tmbundle@1483 dfb7d73b-c2ec-0310-8fea-fb051d288c6d","date":"2005-08-09T15:09:41+00:00"},{"author":"Allan Odgaard","summary":"Seeing how “and” has higher precedence than “or”, the parenthesis were unnecessary (perhaps like this commit ;) ).","commit":"d93777ac36070db95b82438a1c225e00e2af4320","body":"git-svn-id: http://svn.textmate.org/trunk/Bundles/TODO.tmbundle@965 dfb7d73b-c2ec-0310-8fea-fb051d288c6d","date":"2005-05-19T00:23:36+00:00"},{"author":"Allan Odgaard","summary":"This is probably the proper (and more efficient) way to skip directories with find.","commit":"95fbbe40dbaac78b67cfb3ae980eda6fef460748","body":"git-svn-id: http://svn.textmate.org/trunk/Bundles/TODO.tmbundle@964 dfb7d73b-c2ec-0310-8fea-fb051d288c6d","date":"2005-05-19T00:19:30+00:00"},{"author":"Allan Odgaard","summary":"Now uses “find” instead of “grep -r” so that we can exclude .svn directories from the search.","commit":"9c9f6c98a367a58f69438848a33a809df6f0a3ac","body":"git-svn-id: http://svn.textmate.org/trunk/Bundles/TODO.tmbundle@963 dfb7d73b-c2ec-0310-8fea-fb051d288c6d","date":"2005-05-19T00:11:59+00:00"},{"author":"Allan Odgaard","summary":"Moved all bundles. I'm not sure what happens if you do “svn up” and you have modified stuff inside one of the bundles.","commit":"98b16f4a22a4e89474c4ed0c9a2b58db7eadd129","body":"git-svn-id: http://svn.textmate.org/trunk/Bundles/TODO.tmbundle@622 dfb7d73b-c2ec-0310-8fea-fb051d288c6d","date":"2005-04-21T07:41:17+00:00"},{"author":"Allan Odgaard","summary":"• Illegal (HTML) characters are now translated into entities.","commit":"53c6ba7b2bcc72c6d2013f0decee867c171ea5c5","body":"git-svn-id: http://svn.textmate.org/trunk/TODO.tmbundle@388 dfb7d73b-c2ec-0310-8fea-fb051d288c6d","date":"2005-02-28T02:02:53+00:00"},{"author":"Allan Odgaard","summary":"It will now also skip a comma following the TODO or FIXME marker. E.g. “FIXME, copy-constructor not implemented.” (that's how I had mine).","commit":"f127fc9c89b830ea6be3dbbcea54712a11b8225f","body":"git-svn-id: http://svn.textmate.org/trunk/TODO.tmbundle@272 dfb7d73b-c2ec-0310-8fea-fb051d288c6d","date":"2005-02-15T01:20:36+00:00"},{"author":"Chris Thomas","summary":"Let’s also fix spelling errors in the help. :)","commit":"55410f765caa0700ae00657c2434c6f8ded61a9e","body":"git-svn-id: http://svn.textmate.org/trunk/TODO.tmbundle@267 dfb7d73b-c2ec-0310-8fea-fb051d288c6d","date":"2005-02-14T22:02:38+00:00"},{"author":"Allan Odgaard","summary":"Now that we have documentation for some items, we probably should update it when we modify the behavior of these items! :)","commit":"7f120c00c3f63349e459a48d983c8d3b016000a7","body":"git-svn-id: http://svn.textmate.org/trunk/TODO.tmbundle@264 dfb7d73b-c2ec-0310-8fea-fb051d288c6d","date":"2005-02-14T05:44:47+00:00"},{"author":"Chris Thomas","summary":"Support FIXME, FIX ME as synonyms for TODO. Quite possibly this should be a separate pass...","commit":"2bf95528d9337189e2b677a77a6a4e6ae3f4cdcb","body":"git-svn-id: http://svn.textmate.org/trunk/TODO.tmbundle@262 dfb7d73b-c2ec-0310-8fea-fb051d288c6d","date":"2005-02-14T04:26:49+00:00"},{"author":"Allan Odgaard","summary":"• Added &lt;style> so that command output use the Lucida Grande font • Changed regex delimiters to | to avoid escaping slashes • Enabled case-insensitive and full word matching • Changed help command to use “heredoc” instead of echo • Changed grep to short options (since there is now 5 of them) • Uses %20 in WorkPath instead of quoting","commit":"752fe6dc65161148584620383309e0e4d5b03518","body":"git-svn-id: http://svn.textmate.org/trunk/TODO.tmbundle@258 dfb7d73b-c2ec-0310-8fea-fb051d288c6d","date":"2005-02-13T23:45:22+00:00"},{"author":"Brad Miller","summary":"Here's an example of a crazy idea I came up with, inspired by Eric's simple question: What is the Todo bundle for.  I created a simple command called help. that just echoes a bit of documentation to an html window.  I'm sure there is a better way to use perl or ruby to output a bunch of text like this so you don't have to worry about the using a single quote breaking my simple use of the echo command.  Anyway this is just a proof of concept idea, but I think it would be useful if other bundles had just a bit of documentation on some of the commands, especially when they rely on the use of some environment variables.","commit":"4f1260f991bc4369dfcca4509df83e34d6ea9b9f","body":"git-svn-id: http://svn.textmate.org/trunk/TODO.tmbundle@257 dfb7d73b-c2ec-0310-8fea-fb051d288c6d","date":"2005-02-13T21:32:21+00:00"},{"author":"Brad Miller","summary":"Move filename to beginning of the line, remove TODO from the link text (its redundant).  Also, I added command-b as the shortcut so it shows up at the bottom of the subversion menu list.  Maybe thats not the best place for it but it seems to me like its in the same family.","commit":"662f190c27e00e80ce1ce0b7d955d865eac45cf3","body":"git-svn-id: http://svn.textmate.org/trunk/TODO.tmbundle@256 dfb7d73b-c2ec-0310-8fea-fb051d288c6d","date":"2005-02-13T21:13:44+00:00"},{"author":"Allan Odgaard","summary":"* made WorkPath quoted.","commit":"5a40a0ee9bed379b57d67576825180161588aa75","body":"git-svn-id: http://svn.textmate.org/trunk/TODO.tmbundle@253 dfb7d73b-c2ec-0310-8fea-fb051d288c6d","date":"2005-02-13T04:57:29+00:00"},{"author":"Allan Odgaard","summary":" * changed label to \"Show TODO List\" (wasn't really sure what the best name would be).  * disabled perl output buffering ($| = 1)  * added --recursive to grep  * added filename to each item (but maybe this isn't that nice after all)","commit":"f5b80db5d753445373cac05340943323c7d04453","body":"git-svn-id: http://svn.textmate.org/trunk/TODO.tmbundle@252 dfb7d73b-c2ec-0310-8fea-fb051d288c6d","date":"2005-02-13T04:50:11+00:00"},{"author":"Brad Miller","summary":"improved python command. Added a TODO manager... Just greps for TODO and creates a little HTML page with links to each TODO item found in directory of TM_FILEPATH","commit":"66a0e6284f076d57cda7c1f50a51b2692bf497fe","body":"git-svn-id: http://svn.textmate.org/trunk/TODO.tmbundle@246 dfb7d73b-c2ec-0310-8fea-fb051d288c6d","date":"2005-02-13T01:01:21+00:00"}],"name":"TODO","web":"https://github.com/textmate/todo.tmbundle/commit/"}