{"name":"CSS","commits":[{"date":"2013-09-04T02:23:07-05:00","summary":"Remove non-functional completion commands","author":"Michael Sheets","body":"Fixes #7","commit":"bb164bb78eeeb06185ef8705ac952ae6d63b9941"},{"date":"2013-05-27T16:11:01+02:00","summary":"Grammar: Match CSS 3 property names and vendor prefixes","author":"Stefan Daschek","body":"Taken from SCSS bundle: https://github.com/MarioRicalde/SCSS.tmbundle/blob/ed7b0310682603a856a646a2db2dbcf3787cedb0/Syntaxes/SCSS.tmLanguage#L1570\n\nThere is a comment in the SCSS bundle “Reversal order is important; KEEP IT” – so I kept it :-)\n\nHowever, I removed the “…|[0-9]{1,3}\\%|…” part from the regex, because I think it doesn't belong here (it matches percent values, not property names).","commit":"3ad7bbed9e3570fd836ab8344734a3e9f0349ce6"},{"date":"2013-07-09T18:37:57-05:00","summary":"Update bundle maintainer info","author":"Michael Sheets","body":"Fixes #9","commit":"6369442596fd705969a1d6d302d64718a9ba3c6b"},{"date":"2013-07-09T18:27:33-05:00","summary":"Move color picker changes into UI library in bundle support","author":"Michael Sheets","body":"","commit":"8d8279cc66071539c189d2fcaa081ad08e5c14d7"},{"date":"2013-03-27T17:52:13-05:00","summary":"Switch to tm_dialog for documentation lookup query","author":"Michael Sheets","body":"","commit":"eb074fff782887bcb266d2036cde11ce691b4ce8"},{"date":"2013-03-27T17:28:13-05:00","summary":"Correct documentation links for Text Decoration Module","author":"Michael Sheets","body":"","commit":"cc5fcb5bf0f33eb294b980040f803461b603825a"},{"date":"2013-03-24T13:57:08+01:00","summary":"\"Documentation for Property\" now works for (most) CSS3 properties.","author":"Stefan Daschek","body":"Unfortunately there is no \"official\" compound index of all CSS3 properties. There are several unoffical indexes, the updated list of properties in the bundle is generated from http://meiert.com/en/indices/css-properties/ (provided by Jens Meiert; seems fairly complete and up-to-date).","commit":"03009cbf3f5f856568217c092c59af347ceb29f3"},{"date":"2013-03-19T14:51:14+01:00","summary":"Don’t abort when user cancels “Documentation for Property”","author":"Allan Odgaard","body":"Using abort will show an error dialog in TextMate 2.\n\nCloses textmate/textmate#900.","commit":"2a1f6f8724fe2da2be295c88e4a8cdb1ae4a1e99"},{"date":"2012-12-02T03:33:08-06:00","summary":"More properly scope `meta.property-list.css`, fixes #4 &amp; #2.","author":"Michael Sheets","body":"","commit":"4a5fbcdc3472bed66fbd3ffaf7955af099f9e5a8"},{"date":"2012-12-02T03:00:11-06:00","summary":"Add back to menu.","author":"Michael Sheets","body":"","commit":"bb0d019eda9e67aa4f51286095ac14bec46ac364"},{"date":"2012-09-22T02:50:41+02:00","summary":"Put back the rgb convert in ruby","author":"fredb","body":"","commit":"0cfcdceb5817a200162bd31200fb402536ad2c4f"},{"date":"2012-09-19T10:08:29-03:00","summary":"Use Apple choose color.","author":"nobios","body":"","commit":"2696df2aba5a0d2841ba395f6c5fb0530c311098"},{"date":"2012-09-18T02:14:33+02:00","summary":"Allow command to work in 2.0.","author":"fredb","body":"","commit":"d0cf6fb7c029fc01eba1e5c6bf8d44ff6a365d9d"},{"date":"2012-10-23T04:33:57-05:00","summary":"Add more complete punctuation scopes to allow special <kbd class='keyEquivalent'>↩</kbd> handling.","author":"Michael Sheets","body":"","commit":"9866006cf585aa5334b24051703885f327ee0d6f"},{"date":"2012-09-08T00:26:32-05:00","summary":"Add initial semantic classes.","author":"Michael Sheets","body":"","commit":"aa549903ff01e9ba7dc0bd83f2cfe7ab54feab2d"},{"date":"2012-03-16T04:06:03-05:00","summary":"Disable insert color command until a solution can be found.","author":"Michael Sheets","body":"","commit":"d0d335c6ff8841a258ee594bb53b546908ab350a"},{"date":"2011-11-12T14:03:27-06:00","summary":"Move folding settings.","author":"Michael Sheets","body":"","commit":"ff99a1be1111da4fb43653fa8d30782bd6ad5a6b"},{"date":"2011-11-12T14:00:59-06:00","summary":"Add readme.","author":"Michael Sheets","body":"","commit":"38272e8f15a827f41dc486a699e591f49ee325ac"},{"date":"2010-09-28T21:10:14+02:00","summary":"Change ${«n»:«option 1»/…/«option n»/} → ${«n»|«option 1»,…,«option n»|}.","author":"Allan Odgaard","body":"","commit":"fec7f90b504adefc0e97496e0ba8e4baec74fc96"},{"date":"2012-02-28T13:07:20+00:00","summary":"I may be wrong but when using the Solorized theme I noticed that opening and closing {} were not highlighted the same. This of course may be intentional but it annoyed me and in the process of figuring out how to change it I discovered that the closing } did not have a scope applied to it - thus it was being highlighted as an invalid character.","author":"Jon Linklater-Johnson","body":"Anyway. Add the () around the end regex seems to allow the endCaptures to capture the } and apply the punctuation.section.property-list.css scope correctly and now both { and } and sytax highlighted the same way.","commit":"e330df0ec2e0ec9b87d9d9ec53aa3d8e8f33ee47"},{"date":"2011-05-07T10:23:14-07:00","summary":"fixed XML entity encoding from last commit","author":"Turadg Aleahmad","body":"","commit":"cf6eca71528ac0fc819bdf8472af7b4c34265f2b"},{"date":"2011-04-29T13:30:59-07:00","summary":"Recognize foldable @group from CSSEdit (based on http://css-tricks.com/forums/discussion/2783/foldable-textmate-css-groups-i.e.-cssedit/p1 )","author":"Turadg Aleahmad","body":"","commit":"0af01d7f04fc6a96662b533be6f8241953db1d5e"},{"date":"2010-12-08T06:00:41-06:00","summary":"Stop meta match for @media at its opening bracket and include in symbols list","author":"awgy","body":"","commit":"10fca09377f79ba9e76aa85d0f9978cae53f8a92"},{"date":"2010-11-30T05:32:06-06:00","summary":"Fix `@import 'foo.css';`","author":"awgy","body":"","commit":"332418fa0f116c87fabc867f5e6ab5a8fea64517"},{"date":"2010-11-30T05:24:34-06:00","summary":"Add support for `@charset`","author":"awgy","body":"","commit":"64951967ecfa638e2fe77cfa921b08353755560e"},{"date":"2010-11-08T10:56:16-06:00","summary":"Adding seconds unit (e.g., `5s`), used in transitions/animations/etc","author":"awgy","body":"","commit":"17e36dad5b786f4c862f36d2d75c9c1ef009453e"},{"date":"2010-11-05T05:10:41-05:00","summary":"Add more missing units (`ch rem rad grad dpi dpcm`) and simplify numeric matching","author":"awgy","body":"","commit":"c06b6c1ca5c87ad2d2244352cbc4aba6f3c83451"},{"date":"2010-11-05T05:07:01-05:00","summary":"Support media queries in `@import`, such as `@import url(foo.css) screen and (min-width:50px);`","author":"awgy","body":"","commit":"4c77841d77531ab6326a0dc45cdb6ccaf8a5d6e7"},{"date":"2010-11-05T05:05:10-05:00","summary":"Make `@media` queries much more robust","author":"awgy","body":"","commit":"7d3a18310937e6fe7d0270db7422b367369c09c0"},{"date":"2010-11-05T05:04:09-05:00","summary":"Tweak pseudo class and element selectors","author":"awgy","body":"","commit":"680c971948cd7a44a2cde7151e13efb85f0a7f05"},{"date":"2010-11-05T05:03:10-05:00","summary":"Adding a few more missing property names and values","author":"awgy","body":"","commit":"3da2f18a44928369ccc6448276d6d7465896a217"},{"date":"2010-11-05T05:02:37-05:00","summary":"Fix issue where bad selectors break highlighting until the next `{` match","author":"awgy","body":"","commit":"4f4183a6d6301f8ee6357bb734bdf1ee5803a6c7"},{"date":"2010-11-05T04:58:03-05:00","summary":"Adding additional tests (mostly additional media query syntaxes)","author":"awgy","body":"","commit":"969928658ad914621d631316a1a15108c02f2da9"},{"date":"2010-11-04T07:12:36-05:00","summary":"Adding `@font-face` support","author":"awgy","body":"","commit":"f2d9f07dc813e038db0018a1a3d3139c6cfdbaf9"},{"date":"2010-11-04T07:11:56-05:00","summary":"Small test fix for `@media` query tests","author":"awgy","body":"","commit":"569aa2240f6b06d90b3267eaf85d6f4288595a0b"},{"date":"2010-11-04T07:08:16-05:00","summary":"Adding `rect()` support","author":"awgy","body":"","commit":"19ff0c790a13a1130578bc9d6fb583cecfb96dd7"},{"date":"2010-11-04T07:06:10-05:00","summary":"Adding missing pseudo classes (including `nth-child()`)","author":"awgy","body":"","commit":"d400d1f87a2d696915affbf35ebd392ccdd71b30"},{"date":"2010-11-04T07:02:51-05:00","summary":"Adding missing elements, rules and values (including `box-shadow` and `border-radius`)","author":"awgy","body":"","commit":"1ab8a036360c40a998b39fcec21173fabafaa1d4"},{"date":"2010-11-04T06:57:08-05:00","summary":"Add support for `:not()` pseudo class","author":"awgy","body":"","commit":"4a2ba896b23bd5fc129133af495267a61409fe02"},{"date":"2010-11-04T06:54:08-05:00","summary":"Add support for `rgba()`, `hsl()` and `hsla()` colors","author":"awgy","body":"","commit":"7f0be47b1998653b69fbcc51e1bf24531bf81f0e"},{"date":"2010-11-04T06:50:06-05:00","summary":"Add support for degrees (`45deg`) unit, and don't require leading zero to match `.5` decimals","author":"awgy","body":"","commit":"04a822ee564d4d20b69c5935b9b5dcf4b1d1cd42"},{"date":"2010-11-04T06:49:15-05:00","summary":"Adding a test CSS file","author":"awgy","body":"","commit":"b728e12986e16fd97389ddf65a511e8003db0950"},{"date":"2010-11-04T06:21:10-05:00","summary":"Reorganizing grammar patterns for easier nesting/reuse (needed for next set of changes)","author":"awgy","body":"","commit":"8aad91d6212fc93d3bac94cb876db1b4273201fe"},{"date":"2008-06-10T22:37:17+00:00","summary":"Add the '.css.erb' extension to this until we can come up with a dedicated grammar for it.","author":"Michael Sheets","body":"git-svn-id: http://svn.textmate.org/trunk/Bundles/CSS.tmbundle@9887 dfb7d73b-c2ec-0310-8fea-fb051d288c6d","commit":"55b9b3d5dbbde43c3bd3124fbf3e3b28d402f598"},{"date":"2008-05-25T18:04:27+00:00","summary":"• add ‘orange’ to list of recognized color names and update list of deprecated color names to not list anything in the standard, which for the record is http://www.w3.org/TR/CSS21/syndata.html#value-def-color and not W3CSchools ;)","author":"Allan Odgaard","body":"git-svn-id: http://svn.textmate.org/trunk/Bundles/CSS.tmbundle@9720 dfb7d73b-c2ec-0310-8fea-fb051d288c6d","commit":"72c0ed11071000184c77ba1049ffbe0574ecf581"},{"date":"2008-01-31T09:55:42+00:00","summary":"Properly order list-style-type values.","author":"Michael Sheets","body":"git-svn-id: http://svn.textmate.org/trunk/Bundles/CSS.tmbundle@8818 dfb7d73b-c2ec-0310-8fea-fb051d288c6d","commit":"e637025afb527c53832072ba1577ce82dbfd9c7d"},{"date":"2008-01-22T08:38:42+00:00","summary":"Add a few missing properties to list-style-type. Patch sent in by Sergei Yakovlev.","author":"Michael Sheets","body":"git-svn-id: http://svn.textmate.org/trunk/Bundles/CSS.tmbundle@8805 dfb7d73b-c2ec-0310-8fea-fb051d288c6d","commit":"43c071969b708ec476ca99f590645d58457d1f52"},{"date":"2007-12-13T09:57:06+00:00","summary":"• allow request_color to be called with no arguments (or nil) • let request_color return nil when user cancels the color picker • handle user cancel in Insert Color… and replace_colors.rb","author":"Allan Odgaard","body":"The Textile command has been simplified. It read a tag from stdin and inserted that as part of the result, but it also read the default color from stdin, which could never have worked, since stdin was already consumed. So now it reads nothing from stdin and just inserts the color (no tags potentially read from stdin).\n\n\ngit-svn-id: http://svn.textmate.org/trunk/Bundles/CSS.tmbundle@8660 dfb7d73b-c2ec-0310-8fea-fb051d288c6d","commit":"e0fcfa1bfd8f17371c0e307b00e5db8651acc6a0"},{"date":"2007-08-01T13:17:23+00:00","summary":"• fix typo — ticket AF5AD095","author":"Allan Odgaard","body":"git-svn-id: http://svn.textmate.org/trunk/Bundles/CSS.tmbundle@7881 dfb7d73b-c2ec-0310-8fea-fb051d288c6d","commit":"19ede86904fc6d5d6b0bfae959db4f2ff0ccfc6e"},{"date":"2007-07-30T15:38:47+00:00","summary":"Changed scope to allow the CSS Insert Color thing to work inside HTML attribute values for explicit color attributes and style attributes","author":"Thomas Aylott","body":"git-svn-id: http://svn.textmate.org/trunk/Bundles/CSS.tmbundle@7858 dfb7d73b-c2ec-0310-8fea-fb051d288c6d","commit":"6014dc2534364808ac4892641dbabb76dd87c2b9"},{"date":"2007-07-30T15:37:23+00:00","summary":"More precise formatting without losing spacing. Compressed is now much more compressed and uncompressed expands that compressed code better","author":"Thomas Aylott","body":"git-svn-id: http://svn.textmate.org/trunk/Bundles/CSS.tmbundle@7857 dfb7d73b-c2ec-0310-8fea-fb051d288c6d","commit":"bec45dc6a71b2a86ed7622b05d9a4cf2c310b585"},{"date":"2007-05-06T13:19:30+00:00","summary":"Added a selection snippet for CSSing your selection. Added some CSS formatting macros.","author":"Thomas Aylott","body":"git-svn-id: http://svn.textmate.org/trunk/Bundles/CSS.tmbundle@7151 dfb7d73b-c2ec-0310-8fea-fb051d288c6d","commit":"9a2dc5f11c19bdb46e472466aa5b8ab77b391e87"},{"date":"2007-05-06T13:18:28+00:00","summary":"Improved scopes to function in the proper place","author":"Thomas Aylott","body":"git-svn-id: http://svn.textmate.org/trunk/Bundles/CSS.tmbundle@7150 dfb7d73b-c2ec-0310-8fea-fb051d288c6d","commit":"9469705039780a0c9f9581c7a711b5f90e00bb3f"},{"date":"2007-05-06T13:16:43+00:00","summary":"Added support for pseudo-element and pseudo-class and differentiated between them better","author":"Thomas Aylott","body":"git-svn-id: http://svn.textmate.org/trunk/Bundles/CSS.tmbundle@7149 dfb7d73b-c2ec-0310-8fea-fb051d288c6d","commit":"ebeb57e44684503e16810192ed3bca225a0ba47f"},{"date":"2007-04-06T15:28:38+00:00","summary":"[CHANGED] The Ruby support modules Dialog and TextMate::Dialog have been merged into TextMate::UI. \"dialog.rb\" is now \"ui.rb\". All of the former Dialog module methods are now accessed through the TextMate::UI module, e.g. \"TextMate::UI.menu(…)\" or \"include TextMate; UI.menu(…)\".","author":"Chris Thomas","body":"git-svn-id: http://svn.textmate.org/trunk/Bundles/CSS.tmbundle@6958 dfb7d73b-c2ec-0310-8fea-fb051d288c6d","commit":"a1db521afb5e5c10af88f5948f86334ff9fbd778"},{"date":"2007-04-01T21:33:20+00:00","summary":"Remove scoping for selectors and property names","author":"Ciarán Walsh","body":"git-svn-id: http://svn.textmate.org/trunk/Bundles/CSS.tmbundle@6932 dfb7d73b-c2ec-0310-8fea-fb051d288c6d","commit":"7f1512a64de96ee0cfca71307be925d1ccfee705"},{"date":"2007-04-01T21:09:38+00:00","summary":"Don't abort if the colour isn't recognised","author":"Ciarán Walsh","body":"git-svn-id: http://svn.textmate.org/trunk/Bundles/CSS.tmbundle@6931 dfb7d73b-c2ec-0310-8fea-fb051d288c6d","commit":"b4f73b917c617a00a8bf5ddc48e5dfd4d94c9a48"},{"date":"2007-03-29T00:59:33+00:00","summary":"Expanded the list of property completions to the same list that is in the syntax. New fixed position snippet for IE6 fixed positioning on the bottom. Perhaps a beginning of a CSS idioms subset of snippets. New scrollbar snippet for all of the IE scrollbar properties. Added the !important keyword to the syntax.","author":"Thomas Aylott","body":"git-svn-id: http://svn.textmate.org/trunk/Bundles/CSS.tmbundle@6910 dfb7d73b-c2ec-0310-8fea-fb051d288c6d","commit":"d37ed405bdeccf8811e9255dbeec645744474d80"},{"date":"2007-03-25T14:07:41+00:00","summary":"• Scope the 150 recognised (but invalid) colours as invalid.deprecated… • Standardised scoping of colours with “constant.other.color.*”","author":"Ciarán Walsh","body":"git-svn-id: http://svn.textmate.org/trunk/Bundles/CSS.tmbundle@6890 dfb7d73b-c2ec-0310-8fea-fb051d288c6d","commit":"4dcb1e7ff1bc112d06309323f104b1fdf130b0e5"},{"date":"2007-03-25T13:11:47+00:00","summary":"• Highlight the 16 standard W3C colours as listed at the top of http://www.w3schools.com/css/css_colornames.asp • Added a list of colour names → hex values to the colour picker, so that you can use it on named colours (so you can convert a colour with <kbd class='keyEquivalent'>⇧⌘C</kbd> and <kbd class='keyEquivalent'>⎋</kbd>). This list is from the 150 supported colours listed above. These colours are not highlighted as they won't validate.","author":"Ciarán Walsh","body":"git-svn-id: http://svn.textmate.org/trunk/Bundles/CSS.tmbundle@6889 dfb7d73b-c2ec-0310-8fea-fb051d288c6d","commit":"557d7b4a11931c6cf5231cc519265a5022712147"},{"date":"2007-03-04T20:11:31+00:00","summary":"Add the following keys to the bundle’s info.plist:","author":"Allan Odgaard","body":"contactName:\n   The full name of the contact for this bundle.\ncontactEmailRot13:\n   A ROT13 encoded email address for the bundle contact (we obfuscate it to avoid spammers from picking up the files, seeing how bundles will often be available via anonymous svn over http).\ndescription:\n   A short description for this bundle. Do link to more info about the language (or whatever) the bundle is about. I decided on using HTML for this (but leave out the initial paragraph tag) since it seemed like overkill to run a single line of text through Markdown.pl, just to convert [foo](link) into &lt;a href=\"link\">foo&lt;/a>\n\nMany of the current descriptions could use some improvements, I just wanted to get the ball rolling :)\n\n\ngit-svn-id: http://svn.textmate.org/trunk/Bundles/CSS.tmbundle@6718 dfb7d73b-c2ec-0310-8fea-fb051d288c6d","commit":"1706a8865598e24f717e40ff8f8f36eabb26c9b2"},{"date":"2007-01-23T01:34:02+00:00","summary":"Add a scope for attribute selectors Add opacity (a CSS3 property) to the properties list","author":"Kevin Ballard","body":"git-svn-id: http://svn.textmate.org/trunk/Bundles/CSS.tmbundle@6484 dfb7d73b-c2ec-0310-8fea-fb051d288c6d","commit":"0b214f37628bbde61a4965a6e9304f91eddeb94f"},{"date":"2007-01-01T23:01:11+00:00","summary":"Fixed the crashing bug I created by fixing the display bug. Yay snowball effect.","author":"Thomas Aylott","body":"git-svn-id: http://svn.textmate.org/trunk/Bundles/CSS.tmbundle@6421 dfb7d73b-c2ec-0310-8fea-fb051d288c6d","commit":"d94e3f7b6e6314084be7d92f0775d0983f355a8a"},{"date":"2007-01-01T03:29:55+00:00","summary":"Fixed the :; pair for CSS to work without the previous bug in place :/","author":"Thomas Aylott","body":"git-svn-id: http://svn.textmate.org/trunk/Bundles/CSS.tmbundle@6420 dfb7d73b-c2ec-0310-8fea-fb051d288c6d","commit":"bde06a1a53b7e81e87788fa5d9a8098004144561"},{"date":"2007-01-01T03:17:01+00:00","summary":"Finally fixed that stinking bug in CSS that would take over the entire document before you typed the : character","author":"Thomas Aylott","body":"git-svn-id: http://svn.textmate.org/trunk/Bundles/CSS.tmbundle@6419 dfb7d73b-c2ec-0310-8fea-fb051d288c6d","commit":"c92d88b07deef2ac9b2e626503bf90938175c85e"},{"date":"2006-12-28T00:58:31+00:00","summary":"[NEW] Code Completion for CSS. Parses your current document for IDs and Class names that have been used already and a static list of HTML tags. CSS properties from the existing property completions list. CSS Property Values from all of the HEX colors used in the current document + all of the standard CSS Property Values that the current CSS syntax supports.","author":"Thomas Aylott","body":"git-svn-id: http://svn.textmate.org/trunk/Bundles/CSS.tmbundle@6409 dfb7d73b-c2ec-0310-8fea-fb051d288c6d","commit":"2ef71fe6a46a9d78c88c3bc81186b69e329a49c1"},{"date":"2006-12-27T22:49:18+00:00","summary":"CodeCompletion for CSS, using the existing completions list. But renamed all the pref plists to tmPreferences, just because Allan isn't here to stop me. hahaha!","author":"Thomas Aylott","body":"git-svn-id: http://svn.textmate.org/trunk/Bundles/CSS.tmbundle@6408 dfb7d73b-c2ec-0310-8fea-fb051d288c6d","commit":"72dc00e72c44be449f0992918e6bf966eb20966d"},{"date":"2006-11-14T05:30:00+00:00","summary":"Moved insert color functionality from the insert color command into the dialog.rb support library for use in \"other things\"","author":"Thomas Aylott","body":"git-svn-id: http://svn.textmate.org/trunk/Bundles/CSS.tmbundle@6113 dfb7d73b-c2ec-0310-8fea-fb051d288c6d","commit":"3f80670518f2ccbb74100bb465d2b15dba70190e"},{"date":"2006-11-06T08:57:24+00:00","summary":"• add drag command proposed by Brett Terpstra (and refined slightly after much discussion on the list, hopefully I got the final outcome)","author":"Allan Odgaard","body":"git-svn-id: http://svn.textmate.org/trunk/Bundles/CSS.tmbundle@5956 dfb7d73b-c2ec-0310-8fea-fb051d288c6d","commit":"0abba8ab0fc8438a9af373307670fb32d5bde5cb"},{"date":"2006-11-03T21:54:21+00:00","summary":"Fix ruby 1.6 incompatibility with Insert Color","author":"Kevin Ballard","body":"git-svn-id: http://svn.textmate.org/trunk/Bundles/CSS.tmbundle@5907 dfb7d73b-c2ec-0310-8fea-fb051d288c6d","commit":"9193097551a916d0cd45ea56b2e650c37fb9a6fd"},{"date":"2006-11-03T09:37:24+00:00","summary":"• match IDs according to what HTML allows for them [1]","author":"Allan Odgaard","body":"[1] http://www.w3.org/TR/html4/types.html#type-name\n\ngit-svn-id: http://svn.textmate.org/trunk/Bundles/CSS.tmbundle@5901 dfb7d73b-c2ec-0310-8fea-fb051d288c6d","commit":"cc7dfde8f1a77710643f27f26b5e0b2f7a157204"},{"date":"2006-10-29T11:54:27+00:00","summary":"• move p outside the placeholder text (so it’s now ${1:10}px)","author":"Allan Odgaard","body":"git-svn-id: http://svn.textmate.org/trunk/Bundles/CSS.tmbundle@5715 dfb7d73b-c2ec-0310-8fea-fb051d288c6d","commit":"aeffc74203d076ddcb4e4326e1909ee6627b1782"},{"date":"2006-10-29T04:41:46+00:00","summary":"Fixed snippet brace placement.","author":"Charilaos Skiadas","body":"git-svn-id: http://svn.textmate.org/trunk/Bundles/CSS.tmbundle@5681 dfb7d73b-c2ec-0310-8fea-fb051d288c6d","commit":"ae461b15fdc4b098afffb59e2da19da1217bb18f"},{"date":"2006-10-23T14:54:47+00:00","summary":"Revised Insert Color command, due to Brett Terpstra, refactored by myself.","author":"Charilaos Skiadas","body":"git-svn-id: http://svn.textmate.org/trunk/Bundles/CSS.tmbundle@5584 dfb7d73b-c2ec-0310-8fea-fb051d288c6d","commit":"8bab88f5654d982bb2ab3d57ef962a871143d8c7"},{"date":"2006-10-21T01:00:06+00:00","summary":"Adding new punctuation scopes to various rules.","author":"Michael Sheets","body":"git-svn-id: http://svn.textmate.org/trunk/Bundles/CSS.tmbundle@5533 dfb7d73b-c2ec-0310-8fea-fb051d288c6d","commit":"7339bd2d18e79a95cb7fa5ecf801f78744d2361f"},{"date":"2006-09-29T21:58:53+00:00","summary":"• add ‘--float’ argument when calling CocoaDialog — this should make the dialog float on top of other windows, so that it doesn’t get lost, though not all dialog types seem to support the argument.","author":"Allan Odgaard","body":"git-svn-id: http://svn.textmate.org/trunk/Bundles/CSS.tmbundle@5340 dfb7d73b-c2ec-0310-8fea-fb051d288c6d","commit":"88af2ac8d87775fa27c7e6aaaeaf675e7ca7ab7c"},{"date":"2006-08-30T00:08:45+00:00","summary":"Added groups to the symbol list unless embedded. Made a more precise scope for the :; smart typing pair and didnt add any subversive snippets of doom","author":"Thomas Aylott","body":"git-svn-id: http://svn.textmate.org/trunk/Bundles/CSS.tmbundle@5019 dfb7d73b-c2ec-0310-8fea-fb051d288c6d","commit":"bed5a4944708dec8a53650f65dee85d08629ae88"},{"date":"2006-08-28T01:11:14+00:00","summary":"OK! This time actually include the preference item…","author":"Michael Sheets","body":"git-svn-id: http://svn.textmate.org/trunk/Bundles/CSS.tmbundle@4989 dfb7d73b-c2ec-0310-8fea-fb051d288c6d","commit":"6e3757fcf15bd5605e2c04057fd8a0e19352df68"},{"date":"2006-08-27T12:01:07+00:00","summary":"Add :; to smart typing pairs.","author":"Michael Sheets","body":"git-svn-id: http://svn.textmate.org/trunk/Bundles/CSS.tmbundle@4967 dfb7d73b-c2ec-0310-8fea-fb051d288c6d","commit":"42d9a45c34f8f93741bd3049eac75e546ca4652b"},{"date":"2006-08-27T11:58:18+00:00","summary":"New info.plist to really get rid of the : ; snippet.","author":"Michael Sheets","body":"git-svn-id: http://svn.textmate.org/trunk/Bundles/CSS.tmbundle@4966 dfb7d73b-c2ec-0310-8fea-fb051d288c6d","commit":"0e0c255ac8801be45956a7a612c3b687f30617e8"},{"date":"2006-08-25T02:52:44+00:00","summary":"• Validate command now works with or without a selection.","author":"Michael Sheets","body":"git-svn-id: http://svn.textmate.org/trunk/Bundles/CSS.tmbundle@4927 dfb7d73b-c2ec-0310-8fea-fb051d288c6d","commit":"7557aaeee1c9e9caea2f65d4aeadcccf79d6ac62"},{"date":"2006-08-25T00:19:08+00:00","summary":"Removed the :; snippet because it's more trouble than it's worth.","author":"Mietek Bąk","body":"git-svn-id: http://svn.textmate.org/trunk/Bundles/CSS.tmbundle@4926 dfb7d73b-c2ec-0310-8fea-fb051d288c6d","commit":"f76d99dfe613742879030c92d1a28969242b25bb"},{"date":"2006-08-11T16:32:50+00:00","summary":"Replaced the :; typing pair with a : ; snippet to get a space after the :","author":"Thomas Aylott","body":"git-svn-id: http://svn.textmate.org/trunk/Bundles/CSS.tmbundle@4681 dfb7d73b-c2ec-0310-8fea-fb051d288c6d","commit":"1c9aad4440a3cdff40eb45236f73a11b50234efc"},{"date":"2006-08-10T04:25:31+00:00","summary":"Remove swallow use in favor of a constant.character.escape pattern.","author":"Michael Sheets","body":"git-svn-id: http://svn.textmate.org/trunk/Bundles/CSS.tmbundle@4636 dfb7d73b-c2ec-0310-8fea-fb051d288c6d","commit":"5b94148b3e146622e4e623a6c3d0bec59d151519"},{"date":"2006-07-11T08:39:32+00:00","summary":"Change a somehow still lingering declaration.at-rule.import.css to meta.at-rule.import.css","author":"Michael Sheets","body":"git-svn-id: http://svn.textmate.org/trunk/Bundles/CSS.tmbundle@4113 dfb7d73b-c2ec-0310-8fea-fb051d288c6d","commit":"a1d204ee72e9e6ecd12a1674fcf69ea88ea66c49"},{"date":"2006-07-10T05:52:10+00:00","summary":"• use <kbd class='keyEquivalent'>⇧⌘C</kbd> as key equivalent (which Apple/AHIG has reserved for “Show Color”, so seems like a good fit)","author":"Allan Odgaard","body":"git-svn-id: http://svn.textmate.org/trunk/Bundles/CSS.tmbundle@4097 dfb7d73b-c2ec-0310-8fea-fb051d288c6d","commit":"e0bfa1ca2cdd41b20c22231478410b90593d8afe"},{"date":"2006-07-10T05:51:09+00:00","summary":"• exclude text.html from scope selector, so this only works in pure CSS files and not for embedded CSS in HTML files","author":"Allan Odgaard","body":"git-svn-id: http://svn.textmate.org/trunk/Bundles/CSS.tmbundle@4096 dfb7d73b-c2ec-0310-8fea-fb051d288c6d","commit":"37858636c5c8d2588f95b445479f3d8d409ba990"},{"date":"2006-06-20T12:09:57+00:00","summary":"• add comment settings for CSS so that it doesn’t inherit # as a comment marker (which indicates an ID-selector) -- ticket B701C850","author":"Allan Odgaard","body":"git-svn-id: http://svn.textmate.org/trunk/Bundles/CSS.tmbundle@3744 dfb7d73b-c2ec-0310-8fea-fb051d288c6d","commit":"4f33dc8f4ad9aa557bc5ff62e61c9e9b38603df7"},{"date":"2006-06-15T17:23:52+00:00","summary":"• regexp escape current word when used in a regexp search pattern","author":"Allan Odgaard","body":"git-svn-id: http://svn.textmate.org/trunk/Bundles/CSS.tmbundle@3677 dfb7d73b-c2ec-0310-8fea-fb051d288c6d","commit":"4f85fcef6a56833dc48507983873f9860a08230e"},{"date":"2006-06-15T17:20:30+00:00","summary":"• use Ruby 1.6 compatible case/when constructs • minor other changes to Documentation for Property (close output window on abort)","author":"Allan Odgaard","body":"git-svn-id: http://svn.textmate.org/trunk/Bundles/CSS.tmbundle@3676 dfb7d73b-c2ec-0310-8fea-fb051d288c6d","commit":"6a108d09bca0fa49a350d26a0629b36aa9cd449e"},{"date":"2006-06-14T16:17:47+00:00","summary":"• change/harmonize titles","author":"Allan Odgaard","body":"git-svn-id: http://svn.textmate.org/trunk/Bundles/CSS.tmbundle@3666 dfb7d73b-c2ec-0310-8fea-fb051d288c6d","commit":"9f8319e69ebe8448a29676ca7c7e612d23b094b8"},{"date":"2006-06-14T03:05:40+00:00","summary":"• remove tab trigger from name (second batch)","author":"Allan Odgaard","body":"git-svn-id: http://svn.textmate.org/trunk/Bundles/CSS.tmbundle@3650 dfb7d73b-c2ec-0310-8fea-fb051d288c6d","commit":"b5635e52018df6a25582327f26c70cf5c41855f9"},{"date":"2006-06-14T02:52:10+00:00","summary":"• remove mention of tab trigger from the name","author":"Allan Odgaard","body":"git-svn-id: http://svn.textmate.org/trunk/Bundles/CSS.tmbundle@3648 dfb7d73b-c2ec-0310-8fea-fb051d288c6d","commit":"74a9ac127a413e5f8e5edf8725bbca0654493b21"},{"date":"2006-06-07T08:37:42+00:00","summary":"• fix tab trigger","author":"Allan Odgaard","body":"git-svn-id: http://svn.textmate.org/trunk/Bundles/CSS.tmbundle@3568 dfb7d73b-c2ec-0310-8fea-fb051d288c6d","commit":"7c3d0beb356f0dced7aa8dc8855330884a300dc0"},{"date":"2006-06-05T16:48:39+00:00","summary":"• works with current word as well as selection (for default value) • uses TextMate as target for the color dialog • only inserts ‘#’ when the input had it, or there was no input","author":"Allan Odgaard","body":"git-svn-id: http://svn.textmate.org/trunk/Bundles/CSS.tmbundle@3545 dfb7d73b-c2ec-0310-8fea-fb051d288c6d","commit":"f2e5c36411bb0a6de40a7532bb46e42324eb1979"},{"date":"2006-05-27T05:22:06+00:00","summary":"• fix snippets","author":"Allan Odgaard","body":"git-svn-id: http://svn.textmate.org/trunk/Bundles/CSS.tmbundle@3431 dfb7d73b-c2ec-0310-8fea-fb051d288c6d","commit":"4c693dc0b258237b7b8523e06b4d5888381c5f3b"},{"date":"2006-05-22T01:45:35+00:00","summary":"• fix tab trigger","author":"Allan Odgaard","body":"git-svn-id: http://svn.textmate.org/trunk/Bundles/CSS.tmbundle@3386 dfb7d73b-c2ec-0310-8fea-fb051d288c6d","commit":"c339afe38dde197338a0ca23528e5c3cc7832844"},{"date":"2006-05-21T10:53:29+00:00","summary":"• added menu structure (separators and submenus) which will be used starting with next build","author":"Allan Odgaard","body":"git-svn-id: http://svn.textmate.org/trunk/Bundles/CSS.tmbundle@3377 dfb7d73b-c2ec-0310-8fea-fb051d288c6d","commit":"0ee850d7e5a187ebb74c3a7559aeca6d41c8fc1d"},{"date":"2006-05-13T06:13:29+00:00","summary":"Lotsa updates:  - Improved handling of 'localizing' *, html, body element rules.  - Show / reveal link of CSS style rule itself  - Improved clearing style to put next style rule below the previous style preview.  - Fixed handling of selectors with mix of both class and id on tag name.  - Fixed preview generation for select element.  - Improved preview of form elements so they are wrapped in a form tag.  - Setting a 'base' tag, pointing to the physical css file (which should make relative url(...) paths work right)","author":"Brad Choate","body":"git-svn-id: http://svn.textmate.org/trunk/Bundles/CSS.tmbundle@3328 dfb7d73b-c2ec-0310-8fea-fb051d288c6d","commit":"68d94c8d58733def6292012f7807f529c94e7852"},{"date":"2006-05-11T05:11:40+00:00","summary":"Updated to support attribute selectors (tag[attr='value']). Now uses document/selection/scope (source.css) for input.","author":"Brad Choate","body":"git-svn-id: http://svn.textmate.org/trunk/Bundles/CSS.tmbundle@3298 dfb7d73b-c2ec-0310-8fea-fb051d288c6d","commit":"b27e69050aebe395e4f2cf28660db264cc4618b1"},{"date":"2006-05-11T01:23:24+00:00","summary":"Skip +, * symbols when building snippets for preview.","author":"Brad Choate","body":"git-svn-id: http://svn.textmate.org/trunk/Bundles/CSS.tmbundle@3297 dfb7d73b-c2ec-0310-8fea-fb051d288c6d","commit":"e69ec4f12a97af7113df742fb332508a9898d44b"},{"date":"2006-05-10T19:13:58+00:00","summary":"Initial checkin for generated CSS previews.","author":"Brad Choate","body":"git-svn-id: http://svn.textmate.org/trunk/Bundles/CSS.tmbundle@3293 dfb7d73b-c2ec-0310-8fea-fb051d288c6d","commit":"fe8e0e4180594435758ffa09a42520c9815ba033"},{"date":"2006-04-20T17:39:25+00:00","summary":"Added smart opacity snippet. Added filter snippet for IE PNGs.","author":"Thomas Aylott","body":"git-svn-id: http://svn.textmate.org/trunk/Bundles/CSS.tmbundle@3064 dfb7d73b-c2ec-0310-8fea-fb051d288c6d","commit":"2277faceb378ce4288a894921cfd690a7055efc3"},{"date":"2006-04-20T16:58:36+00:00","summary":"Fixed the \":;\" typing pair for the new scope thing. Added a sixth tab stop to the background snippet to be able to delete the color if necessary (aka, always).","author":"Thomas Aylott","body":"git-svn-id: http://svn.textmate.org/trunk/Bundles/CSS.tmbundle@3063 dfb7d73b-c2ec-0310-8fea-fb051d288c6d","commit":"54ccaa0089f31df75e003c9e82ce8d730e7e22e9"},{"date":"2006-04-16T04:17:37+00:00","summary":"• fixed spelling of left (reported by Joe Zobkiw)","author":"Allan Odgaard","body":"git-svn-id: http://svn.textmate.org/trunk/Bundles/CSS.tmbundle@3045 dfb7d73b-c2ec-0310-8fea-fb051d288c6d","commit":"33382ae39058b8b981e036be542d14a2f258680b"},{"date":"2006-04-12T05:59:16+00:00","summary":"Forgive my impertinence. Just adding a little !important snippet and the typing pair :; but only when you need it.","author":"Thomas Aylott","body":"git-svn-id: http://svn.textmate.org/trunk/Bundles/CSS.tmbundle@3013 dfb7d73b-c2ec-0310-8fea-fb051d288c6d","commit":"ca0da27f0ca6f8ea048573f556588cbfc3a5c3a2"},{"date":"2006-02-08T00:46:43+00:00","summary":"• the -right, -bottom, and -left variants of a few properties weren't harvested from W3C's page","author":"Allan Odgaard","body":"git-svn-id: http://svn.textmate.org/trunk/Bundles/CSS.tmbundle@2683 dfb7d73b-c2ec-0310-8fea-fb051d288c6d","commit":"dd0027d58299c08619fba823e5430876b83cd6a5"},{"date":"2006-01-24T04:34:58+00:00","summary":"• collapse whitespace (mainly for when selectors are split over multiple lines)","author":"Allan Odgaard","body":"git-svn-id: http://svn.textmate.org/trunk/Bundles/CSS.tmbundle@2584 dfb7d73b-c2ec-0310-8fea-fb051d288c6d","commit":"4c5252c7d815003cb8a6a2986e737c82bbd39995"},{"date":"2006-01-24T03:14:01+00:00","summary":"• change folding marker patterns to fold on /** … **/ instead of /* … */, remove folding for ( … ) and make { only a fold marker when it's at the end of the line (or rest of the line is a comment)","author":"Allan Odgaard","body":"git-svn-id: http://svn.textmate.org/trunk/Bundles/CSS.tmbundle@2581 dfb7d73b-c2ec-0310-8fea-fb051d288c6d","commit":"b725d01258db029154abdf42aa5b57238ace8178"},{"date":"2006-01-24T02:50:21+00:00","summary":"• these had the actual text insert text-shadow","author":"Allan Odgaard","body":"git-svn-id: http://svn.textmate.org/trunk/Bundles/CSS.tmbundle@2579 dfb7d73b-c2ec-0310-8fea-fb051d288c6d","commit":"ef4ff7c733445b98babe75fc25810f0015a4b95d"},{"date":"2006-01-06T20:32:47+00:00","summary":"Fix @media to avoid eating the rest of the document","author":"Chris Thomas","body":"git-svn-id: http://svn.textmate.org/trunk/Bundles/CSS.tmbundle@2547 dfb7d73b-c2ec-0310-8fea-fb051d288c6d","commit":"b0f39b4cfa103ccf080743a4149d3f195480f300"},{"date":"2006-01-02T02:37:19+00:00","summary":"• remove newline at the end of the snippet","author":"Allan Odgaard","body":"git-svn-id: http://svn.textmate.org/trunk/Bundles/CSS.tmbundle@2523 dfb7d73b-c2ec-0310-8fea-fb051d288c6d","commit":"9b7cc7bd04fd967d86e641bbad4f294f4c2be6e4"},{"date":"2005-12-09T09:59:22+00:00","summary":"• lookup current CSS property on W3C","author":"Allan Odgaard","body":"git-svn-id: http://svn.textmate.org/trunk/Bundles/CSS.tmbundle@2418 dfb7d73b-c2ec-0310-8fea-fb051d288c6d","commit":"5d6f5b74c0e700b6ec9c8c6b504a980dae477912"},{"date":"2005-12-06T20:21:32+00:00","summary":"• fixed property name","author":"Allan Odgaard","body":"git-svn-id: http://svn.textmate.org/trunk/Bundles/CSS.tmbundle@2402 dfb7d73b-c2ec-0310-8fea-fb051d288c6d","commit":"4d8f1a9c400784ea01fbe590320caecf3497dc22"},{"date":"2005-12-03T03:55:05+00:00","summary":"• remove extraneous space in name","author":"Allan Odgaard","body":"git-svn-id: http://svn.textmate.org/trunk/Bundles/CSS.tmbundle@2377 dfb7d73b-c2ec-0310-8fea-fb051d288c6d","commit":"4c6a3ba945ae213dc4a15c5a3ffc99c12dc04bb8"},{"date":"2005-11-24T06:34:20+00:00","summary":"• make more commands use fallback for selection and the new menu title feature","author":"Allan Odgaard","body":"git-svn-id: http://svn.textmate.org/trunk/Bundles/CSS.tmbundle@2273 dfb7d73b-c2ec-0310-8fea-fb051d288c6d","commit":"06cf4cfc5ecfb4f2bf7f9e8d851cc5508360184b"},{"date":"2005-11-13T14:14:35+00:00","summary":"• prefix selectors with CSS and the name part of id=\"name\" with ID in the symbol list","author":"Allan Odgaard","body":"git-svn-id: http://svn.textmate.org/trunk/Bundles/CSS.tmbundle@2138 dfb7d73b-c2ec-0310-8fea-fb051d288c6d","commit":"d994b942da320d9d86dc4b86068567f1179ba679"},{"date":"2005-11-04T14:21:09+00:00","summary":"• only allow units (px, cm, etc.) after digits (and not spaces)","author":"Allan Odgaard","body":"git-svn-id: http://svn.textmate.org/trunk/Bundles/CSS.tmbundle@2088 dfb7d73b-c2ec-0310-8fea-fb051d288c6d","commit":"5fe24184395b6d6925fa06d5e289efca07672a0a"},{"date":"2005-10-31T06:55:19+00:00","summary":"• add the snippet tab triggers to the list of known words for completion (I didn't want to add the full property names, since the snippet tab triggers use only up till the first dash, so esc-completion with the entire property name would be counter productive for snippets)","author":"Allan Odgaard","body":"git-svn-id: http://svn.textmate.org/trunk/Bundles/CSS.tmbundle@2050 dfb7d73b-c2ec-0310-8fea-fb051d288c6d","commit":"f115572bee10198cf0821cb99b1836afa0453a21"},{"date":"2005-10-31T05:52:40+00:00","summary":"• moved color picker to CSS bundle • cleaned up the source (the number conversion was actually a little of)","author":"Allan Odgaard","body":"git-svn-id: http://svn.textmate.org/trunk/Bundles/CSS.tmbundle@2048 dfb7d73b-c2ec-0310-8fea-fb051d288c6d","commit":"f35606b1c7e1ee2ce2967a3fe48928797e506821"},{"date":"2005-10-30T08:04:10+00:00","summary":"• removed duplicates • fixed missing space in snippet name","author":"Allan Odgaard","body":"git-svn-id: http://svn.textmate.org/trunk/Bundles/CSS.tmbundle@2046 dfb7d73b-c2ec-0310-8fea-fb051d288c6d","commit":"6381b33de5beca941220a34d2411ab36b2542c7c"},{"date":"2005-10-30T07:20:49+00:00","summary":"• added a crap load of snippets from Tim Trautmann to compensate for the missing code hinting :)","author":"Allan Odgaard","body":"git-svn-id: http://svn.textmate.org/trunk/Bundles/CSS.tmbundle@2044 dfb7d73b-c2ec-0310-8fea-fb051d288c6d","commit":"e46467b1b6fab3527e8c43bc685f8e95ef4cd8ae"},{"date":"2005-10-20T21:23:44+00:00","summary":"Make Validate Selected CSS work properly when there is no selection","author":"Kevin Ballard","body":"git-svn-id: http://svn.textmate.org/trunk/Bundles/CSS.tmbundle@1969 dfb7d73b-c2ec-0310-8fea-fb051d288c6d","commit":"230cf42d506e2575b063a34f8aa81da48cd0e95b"},{"date":"2005-10-06T09:18:28+00:00","summary":"fixed broken XML… I shouldn't be editing XML by hand…","author":"Allan Odgaard","body":"git-svn-id: http://svn.textmate.org/trunk/Bundles/CSS.tmbundle@1890 dfb7d73b-c2ec-0310-8fea-fb051d288c6d","commit":"21d6db73f0a9fbc4324df2c66aff0473806bb115"},{"date":"2005-10-06T09:13:55+00:00","summary":"• require space or digit in front of unit","author":"Allan Odgaard","body":"git-svn-id: http://svn.textmate.org/trunk/Bundles/CSS.tmbundle@1889 dfb7d73b-c2ec-0310-8fea-fb051d288c6d","commit":"945652025b90c7bbf9ec7e520f1ed9f7c7baa40f"},{"date":"2005-10-06T09:01:39+00:00","summary":"Removed the word boundary before keyword.other.unit it um, caused it not to work... The one after was a good idea though! ;)","author":"Michael Sheets","body":"git-svn-id: http://svn.textmate.org/trunk/Bundles/CSS.tmbundle@1888 dfb7d73b-c2ec-0310-8fea-fb051d288c6d","commit":"ec64e5156ee4d6ce3047dbcf7d00611023aa6a2e"},{"date":"2005-10-06T08:38:22+00:00","summary":"• add word boundaries around keyword.other.unit.css","author":"Allan Odgaard","body":"git-svn-id: http://svn.textmate.org/trunk/Bundles/CSS.tmbundle@1887 dfb7d73b-c2ec-0310-8fea-fb051d288c6d","commit":"a9f454ce5a25711482de5f39a6113b18d422e54b"},{"date":"2005-08-06T11:55:24+00:00","summary":"• changed declaration.selector to meta.selector","author":"Allan Odgaard","body":"git-svn-id: http://svn.textmate.org/trunk/Bundles/CSS.tmbundle@1449 dfb7d73b-c2ec-0310-8fea-fb051d288c6d","commit":"e6c592f1e7d486b60a4bf17ab8a026b5162d658e"},{"date":"2005-07-25T08:08:37+00:00","summary":"Make two changes to the syntax so that simple themes without specialization for CSS elements are more likely to pick up different styles:","author":"Chris Thomas","body":"    support.constant.property-name.css -> support.type.property-name.css\n    constant.other.css-units -> keyword.other.css-units\n\ngit-svn-id: http://svn.textmate.org/trunk/Bundles/CSS.tmbundle@1382 dfb7d73b-c2ec-0310-8fea-fb051d288c6d","commit":"bfca45f0d207d5700317cf6a71dad9e992e800dd"},{"date":"2005-07-23T16:20:33+00:00","summary":"-- changed \"declaration.*\" to \"meta.*\" -- corrected some syntax highlighting bugs around the place","author":"Mats Persson","body":"git-svn-id: http://svn.textmate.org/trunk/Bundles/CSS.tmbundle@1368 dfb7d73b-c2ec-0310-8fea-fb051d288c6d","commit":"e30a769efcea1109d5153577aa4c8eed5b8588d0"},{"date":"2005-07-14T01:14:32+00:00","summary":"• two more preference items","author":"Allan Odgaard","body":"git-svn-id: http://svn.textmate.org/trunk/Bundles/CSS.tmbundle@1333 dfb7d73b-c2ec-0310-8fea-fb051d288c6d","commit":"c760b1ab9eac8663c3130b9a4b4a5303218a1317"},{"date":"2005-07-04T18:36:44+00:00","summary":"• moved comment and string rules to repository","author":"Allan Odgaard","body":"git-svn-id: http://svn.textmate.org/trunk/Bundles/CSS.tmbundle@1285 dfb7d73b-c2ec-0310-8fea-fb051d288c6d","commit":"97bf70ba7c151e59af01b47786158ec8eac85cc4"},{"date":"2005-07-01T10:30:38+00:00","summary":"• moved to experimental bundle","author":"Allan Odgaard","body":"git-svn-id: http://svn.textmate.org/trunk/Bundles/CSS.tmbundle@1277 dfb7d73b-c2ec-0310-8fea-fb051d288c6d","commit":"413d8fe45a1c3b295171c024ca18cfe4fcf22d9a"},{"date":"2005-06-12T19:57:46+00:00","summary":"Even more languages now conform...","author":"Allan Odgaard","body":"git-svn-id: http://svn.textmate.org/trunk/Bundles/CSS.tmbundle@1182 dfb7d73b-c2ec-0310-8fea-fb051d288c6d","commit":"5c60cba20123ac44dd5639ade2929ed8387cd074"},{"date":"2005-06-11T00:32:32+00:00","summary":"First set of files updated to latest naming trend.","author":"Allan Odgaard","body":"Themes haven't been updated to this yet, so you may want to wait doing svn up until everything is updated.\n\nFeel free to make corrections -- most important thing is, things that should be styled equally, should share top-name, things which shouldn't be styled equally, should not share top name. So a language should not have half a dozen keyword sub-groups but instead have storage.*, variable.*, support.*, and keyword.*.\n\ngit-svn-id: http://svn.textmate.org/trunk/Bundles/CSS.tmbundle@1176 dfb7d73b-c2ec-0310-8fea-fb051d288c6d","commit":"f9f88bd86e459dc1fec87500e585669b2e8eedd9"},{"date":"2005-05-24T11:54:49+00:00","summary":"WORK IN PROGRESS STUFF: -- just a sampling of some snippets for easy entry of common CSS tags, such as font, padding, margin, border","author":"Mats Persson","body":"Allan &amp; others: Although you may wish to rename these snippets to something else, PLEASE DON'T !  They are named to indicate what they are and what they do, together with the tab trigger. In my mind they are close to perfect. ;-)\n\ngit-svn-id: http://svn.textmate.org/trunk/Bundles/CSS.tmbundle@1066 dfb7d73b-c2ec-0310-8fea-fb051d288c6d","commit":"3fee4839e3618dd4214548f0b61c90e471fc32e4"},{"date":"2005-05-24T11:36:01+00:00","summary":"added a few more properties. am nearly at the stage where it will just be tidying up","author":"Max Williams","body":"git-svn-id: http://svn.textmate.org/trunk/Bundles/CSS.tmbundle@1065 dfb7d73b-c2ec-0310-8fea-fb051d288c6d","commit":"caa500f0bdaca42e27de95824de335bfbe32a936"},{"date":"2005-05-20T14:43:17+00:00","summary":"just a few little tweaks. will do some more later on.","author":"Max Williams","body":"git-svn-id: http://svn.textmate.org/trunk/Bundles/CSS.tmbundle@992 dfb7d73b-c2ec-0310-8fea-fb051d288c6d","commit":"c87b68f5f8f2315b81e94a1380cfce96064d9e4a"},{"date":"2005-05-19T18:47:53+00:00","summary":"new css syntax with individual property scopes. half finished, but I thought I'd get it out there now regex engine is faster.","author":"Max Williams","body":"git-svn-id: http://svn.textmate.org/trunk/Bundles/CSS.tmbundle@983 dfb7d73b-c2ec-0310-8fea-fb051d288c6d","commit":"ac840e5e8046540fbddc2542c1d7ced17b49458a"},{"date":"2005-05-19T17:29:11+00:00","summary":"• Selectors now always stop at { and nothing else • Commented the bad comma rule, I think it was causing problems, and should probably be handled as a child to declaration.selector • Moved comment handling down to declaration.selector","author":"Allan Odgaard","body":"git-svn-id: http://svn.textmate.org/trunk/Bundles/CSS.tmbundle@982 dfb7d73b-c2ec-0310-8fea-fb051d288c6d","commit":"773fe6df3cf762ca2b8c531eeb12c777c8211ec8"},{"date":"2005-05-19T16:51:00+00:00","summary":"-- added a , [comma] to the the \"declaration.selector.css\" begin regex in an attempt to get Selectors to work again, but no success.","author":"Mats Persson","body":"git-svn-id: http://svn.textmate.org/trunk/Bundles/CSS.tmbundle@979 dfb7d73b-c2ec-0310-8fea-fb051d288c6d","commit":"7b613147c474412dfe5334460dd51f1fea8a60b4"},{"date":"2005-05-19T07:27:38+00:00","summary":"Changed order of things, so that e.g. list-style-type appears before list-style. Otherwise, the engine was not catching list-style-type as a valid attribute.","author":"Charilaos Skiadas","body":"git-svn-id: http://svn.textmate.org/trunk/Bundles/CSS.tmbundle@975 dfb7d73b-c2ec-0310-8fea-fb051d288c6d","commit":"a3d96ed9a37a986b845929d16c494896f9f7dc05"},{"date":"2005-05-15T08:26:56+00:00","summary":"There was a “||” in the keyword.property-name.css rule, which could lead to an empty/zero width match, causing an infinite loop.","author":"Allan Odgaard","body":"git-svn-id: http://svn.textmate.org/trunk/Bundles/CSS.tmbundle@922 dfb7d73b-c2ec-0310-8fea-fb051d288c6d","commit":"1ec1b0dd013aa5be91dcd289b2dfae8c91f423f6"},{"date":"2005-05-15T02:18:40+00:00","summary":"Changed all uses of \\&lt; and \\> to \\b. Beta 9 uses oniguruma as regular expression library and doesn't have the former. Other than that, and lack of conditions (?(n)&lt;true>:&lt;false>) (and different syntax for (?R)) then there shouldn't be any compatibility problems. On the positive side, oniguruma has recursive sub-groups, look-behind, is faster, and gives proper error codes for bad regular expressions!","author":"Allan Odgaard","body":"git-svn-id: http://svn.textmate.org/trunk/Bundles/CSS.tmbundle@916 dfb7d73b-c2ec-0310-8fea-fb051d288c6d","commit":"eb1d8614a583f00256ded5fc46439ef0ce3bd90b"},{"date":"2005-05-04T01:18:00+00:00","summary":"Minor changes made to rule names.","author":"Allan Odgaard","body":"git-svn-id: http://svn.textmate.org/trunk/Bundles/CSS.tmbundle@835 dfb7d73b-c2ec-0310-8fea-fb051d288c6d","commit":"21eff2198ce048b0f648f06a2a6f76203acf56da"},{"date":"2005-05-03T22:36:01+00:00","summary":"Using the new entity.* hierarchy for functions, classes, and tags.","author":"Allan Odgaard","body":"git-svn-id: http://svn.textmate.org/trunk/Bundles/CSS.tmbundle@829 dfb7d73b-c2ec-0310-8fea-fb051d288c6d","commit":"c6faff6b002d06a4a262148abac1c13ac108590f"},{"date":"2005-04-28T23:02:39+00:00","summary":"* added declaration.property-name to give a scope for name keyword completions","author":"Max Williams","body":"git-svn-id: http://svn.textmate.org/trunk/Bundles/CSS.tmbundle@798 dfb7d73b-c2ec-0310-8fea-fb051d288c6d","commit":"a63538dda379ab187b68a9f4a7a3d6700785a80f"},{"date":"2005-04-28T21:26:00+00:00","summary":"minor change, added '*' to css selectors, should probably change its name, but couldn't think of what to call it.","author":"Max Williams","body":"My first commit, so hope it works.\n\ngit-svn-id: http://svn.textmate.org/trunk/Bundles/CSS.tmbundle@793 dfb7d73b-c2ec-0310-8fea-fb051d288c6d","commit":"dc74087a48543ec2086622f5d9021b1cf3036101"},{"date":"2005-04-28T19:43:32+00:00","summary":"Use lookahead to match { for selector declarations. Otherwise, the { gets eaten if there's no whitespace between it and the preceding selector, which prevents highlighting of the properties.","author":"Chris Thomas","body":"git-svn-id: http://svn.textmate.org/trunk/Bundles/CSS.tmbundle@792 dfb7d73b-c2ec-0310-8fea-fb051d288c6d","commit":"7ffde6f83418e7bab4d8ad7613b82a54db1efd3a"},{"date":"2005-04-28T13:36:35+00:00","summary":"Changed most names in an attempt to make these things catched by a general theme.","author":"Allan Odgaard","body":"Also made file much more friendly to foldings! :)\n\n\n\ngit-svn-id: http://svn.textmate.org/trunk/Bundles/CSS.tmbundle@781 dfb7d73b-c2ec-0310-8fea-fb051d288c6d","commit":"29f9aee102b9a9d372fb949904193862712c7adf"},{"date":"2005-04-28T10:28:23+00:00","summary":"-- minor name change of .medium. to  \"keyword.at-rule.media.css\"","author":"Mats Persson","body":"git-svn-id: http://svn.textmate.org/trunk/Bundles/CSS.tmbundle@776 dfb7d73b-c2ec-0310-8fea-fb051d288c6d","commit":"bcc346c34bf0f41941c8a3106a74abc779b0b42f"},{"date":"2005-04-28T10:20:27+00:00","summary":"-- Removed plurals from  \"keyword.at-rule.values.string.un-quoted.css\" -- Corrected a bug within the \"keyword.at-rule.value.string.un-quoted.css\" regex","author":"Mats Persson","body":"git-svn-id: http://svn.textmate.org/trunk/Bundles/CSS.tmbundle@775 dfb7d73b-c2ec-0310-8fea-fb051d288c6d","commit":"a5818b49dd16e0a695c6a40ff8882e05bb66f1b3"},{"date":"2005-04-28T08:16:08+00:00","summary":"Extensive reworking of the CSS file along the lines of the CSS (PHP) file. -- Support for Selectors as a group or individual #ID, .ClassNames, and :Pseudo -- Improved support for @rules -- Improved CSS properties structure, with properties as a group or more fine grained.","author":"Mats Persson","body":"Not too happy about the current structure of properties, as we start getting things like this: \"keyword.property.value.rgb-percentage.css\" which is too long but needs to be there if the end user just want property values in the same colour.\n\nPerhaps someone could help me improve upon that in some way ?\n\ngit-svn-id: http://svn.textmate.org/trunk/Bundles/CSS.tmbundle@771 dfb7d73b-c2ec-0310-8fea-fb051d288c6d","commit":"c747fbb42e8ebc5e90eb389552f652768ee7daa8"},{"date":"2005-04-27T18:19:16+00:00","summary":"• HTML (Ruby) update for b7; now includes main HTML syntax • set background color for embedded languages • strip obsolete stuff from main HTML syntax • tweak CSS unit element name","author":"Chris Thomas","body":"git-svn-id: http://svn.textmate.org/trunk/Bundles/CSS.tmbundle@765 dfb7d73b-c2ec-0310-8fea-fb051d288c6d","commit":"17aee0bfe0c0bc44d92fb4a9b93f8c0fb5811200"},{"date":"2005-04-27T16:40:46+00:00","summary":"b6-b7ize CSS","author":"Chris Thomas","body":"git-svn-id: http://svn.textmate.org/trunk/Bundles/CSS.tmbundle@760 dfb7d73b-c2ec-0310-8fea-fb051d288c6d","commit":"ffa252b7059d731af8e14b281c5e6b1ba132ee13"},{"date":"2005-04-26T12:03:12+00:00","summary":"Added scope to these two commands.","author":"Allan Odgaard","body":"git-svn-id: http://svn.textmate.org/trunk/Bundles/CSS.tmbundle@747 dfb7d73b-c2ec-0310-8fea-fb051d288c6d","commit":"c74e817e9bab2f6bd1c9f5cd9e4ab2df975a541e"},{"date":"2005-04-22T08:47:20+00:00","summary":"Changed all names to singular form.","author":"Allan Odgaard","body":"git-svn-id: http://svn.textmate.org/trunk/Bundles/CSS.tmbundle@649 dfb7d73b-c2ec-0310-8fea-fb051d288c6d","commit":"bb4f052c35fe289c6e81d5be3bb28426f20888dc"},{"date":"2005-04-21T07:41:17+00:00","summary":"Moved all bundles. I'm not sure what happens if you do “svn up” and you have modified stuff inside one of the bundles.","author":"Allan Odgaard","body":"git-svn-id: http://svn.textmate.org/trunk/Bundles/CSS.tmbundle@622 dfb7d73b-c2ec-0310-8fea-fb051d288c6d","commit":"dd99555b69f8f8aa1f9b279340b2a22636dcfaf7"},{"date":"2005-04-21T07:08:56+00:00","summary":"• Added scopeName key to all languages. Most of them as source.&lt;filename>. • Added a language for plain text files, currently just markups bullet points (so I can continue these on 'enter' using a scoped snippet). • Added a new “firstLineMatch” key to Perl, Ruby, and Shell languages. • The C/Objective-C languages use the scopeName in their include directives, this doesn't work for beta 5. • Ruby now includes “source.ruby” when using #{ ... } in strings. • Added capture names to a few languages (objective-c methods, though it's not very consistant, we'll need to discuss how to split up functions and name the various parts). • Removed plist filetype from XML, assuming that people loading a plist into a text editor would generally use the old-style format.","author":"Allan Odgaard","body":"git-svn-id: http://svn.textmate.org/trunk/CSS.tmbundle@612 dfb7d73b-c2ec-0310-8fea-fb051d288c6d","commit":"6760dc2fc95607878c650e0c3818fc61e3afd465"},{"date":"2005-02-28T16:39:47+00:00","summary":"• made all commands I have created use $TM_RUBY which kevin introduced in r363.  (CSS Validate, Check Ruby Syntax, Execute Line with Ruby)","author":"Torsten Becker","body":"• fixed a bug in the ruby syntax checker (the version check wasn't proper working)\n\n• minor change in svn_style.css: a:hover now has a bit more blue background\n\n• made all HTML output generated with svn_helper.rb claim that it uses UTF-8 encoding\n\n• introduced a new shell variable - $TM_SVN_DATE_FORMAT - see the README:http://anon:anon@macromates.com/svn/Bundles/trunk/Subversion.tmbundle/README.html how to use it.  (ATM Info and Log use it)\n\n• documented new things in the README\n\ngit-svn-id: http://svn.textmate.org/trunk/CSS.tmbundle@391 dfb7d73b-c2ec-0310-8fea-fb051d288c6d","commit":"388450aa8fbb12bc99a04a056848c290e0384dbf"},{"date":"2005-02-25T01:31:48+00:00","summary":"* again a small change in the css validation","author":"Torsten Becker","body":"* css tweaks for subversion:\n  - some minor cleanups\n  - new link background color (darker blue)\n  - default font is now lucida grade, which IMO\n    looks much better than just sans-serif\n  - all sizes are now specified as pixel instead\n    of plots (should be more acurate)\n  - same font update for the README\n  - also changed the colors of the headings\n    in the README, so they look a bit lighter\n  - I hope nothing got broken but after testing,\n    I saw nothing strange.\n\n\n\ngit-svn-id: http://svn.textmate.org/trunk/CSS.tmbundle@368 dfb7d73b-c2ec-0310-8fea-fb051d288c6d","commit":"c576ed2397e37f1a6a976786bbadcccf34711926"},{"date":"2005-02-23T18:59:24+00:00","summary":"* minior update to the README.html.","author":"Torsten Becker","body":"* fixed a bug, causing wrong link colors in error divs.\n  \n* solved a problem when making a TM link to a file whose\n  name contains chars that shouldn't be there.\n  \n* just fixed a typo in svn_status_style.css\n  (inherited -> inherit)\n  \n* when you request svn log for a mixed list of files including\n  versioned and not versioned ones, you now should get a output\n  you should excpect more.\n  \n* refactored the css validator thing a bit\n\n\n\ngit-svn-id: http://svn.textmate.org/trunk/CSS.tmbundle@353 dfb7d73b-c2ec-0310-8fea-fb051d288c6d","commit":"ccd5e4e73520f10f1517fcb88a3e9e88898defa8"},{"date":"2005-02-22T14:16:53+00:00","summary":"damn, I had this idea just after the initial commit:   the command now trys to validate the whole current   document but if you selected any text it will validate this.","author":"Torsten Becker","body":"git-svn-id: http://svn.textmate.org/trunk/CSS.tmbundle@339 dfb7d73b-c2ec-0310-8fea-fb051d288c6d","commit":"66338ae5b86e84d72abba284a74496b6f845426f"},{"date":"2005-02-22T14:05:48+00:00","summary":"* initial commit of the css validation command,   you can select any css source and then press   ctrl+shift+v and it will open a html output   with the w3c css validator opened which shows   you whats wrong or right with your css code.","author":"Torsten Becker","body":"i tried to adapt allans convetion for shortcuts\nbut i am not sure if it conflicts with anything,\nso feel free to modify this.\n\n\n\ngit-svn-id: http://svn.textmate.org/trunk/CSS.tmbundle@338 dfb7d73b-c2ec-0310-8fea-fb051d288c6d","commit":"e86c444f40fb6144b84c2c574ece2fa924902fa8"},{"date":"2005-01-20T20:01:52+00:00","summary":"Added UUID to all syntaxes.","author":"Allan Odgaard","body":"git-svn-id: http://svn.textmate.org/trunk/CSS.tmbundle@105 dfb7d73b-c2ec-0310-8fea-fb051d288c6d","commit":"2e55bde54da44443ca7c702dd70354b96e7a7b8e"},{"date":"2005-01-20T17:37:01+00:00","summary":"Removed the name key for the previously named Value element.","author":"Allan Odgaard","body":"git-svn-id: http://svn.textmate.org/trunk/CSS.tmbundle@101 dfb7d73b-c2ec-0310-8fea-fb051d288c6d","commit":"5806f2bece62ae761c16c9752c42fa9409ae6b6a"},{"date":"2005-01-19T19:20:04+00:00","summary":"update CSS with standardized language element names","author":"Chris Thomas","body":"git-svn-id: http://svn.textmate.org/trunk/CSS.tmbundle@97 dfb7d73b-c2ec-0310-8fea-fb051d288c6d","commit":"ac310187bc7a0bfebc621b74c939ce558c4ad599"},{"date":"2005-01-09T10:36:22+00:00","summary":"Added UUID to each bundle.","author":"Allan Odgaard","body":"git-svn-id: http://svn.textmate.org/trunk/CSS.tmbundle@70 dfb7d73b-c2ec-0310-8fea-fb051d288c6d","commit":"b3e94ce455d11cc6caf6719f5abb1a07e4b878a0"},{"date":"2005-01-03T23:39:39+00:00","summary":"Another directory restructure #2","author":"Chris Thomas","body":"git-svn-id: http://svn.textmate.org/trunk/CSS.tmbundle@17 dfb7d73b-c2ec-0310-8fea-fb051d288c6d","commit":"6aa367f4f6f341be79e46ff3c9fad26cc2caca02"},{"date":"2005-01-03T23:39:19+00:00","summary":"Another directory restructure","author":"Chris Thomas","body":"git-svn-id: http://svn.textmate.org/Bundles/CSS.tmbundle@16 dfb7d73b-c2ec-0310-8fea-fb051d288c6d","commit":"ec4f63167449153a8c6a5eb9d0b2146dbb902f3e"}],"web":"https://github.com/textmate/css.tmbundle/commit/"}