{"schema":5,"addons":[{"id":"{D4DD63FA-01E4-46a7-B6B1-EDAB7D6AD389}","icons":{"32":"https://addons.cdn.mozilla.net/img/uploads/addon_icons/0/26-32.png?modified=1365720780","64":"https://addons.cdn.mozilla.net/img/uploads/addon_icons/0/26-64.png?modified=1365720780"},"name":"Download Statusbar","type":"extension","version":"0.9.10","repositoryStatus":4,"creator":{"name":"C.J.","url":"https://addons.mozilla.org/en-US/firefox/user/CorreyJacksinHughes/?src=api"},"description":"View and manage downloads from a tidy statusbar - without the download window getting in the way of your web browsing.\n\nThanks Tekzilla for your awesome review! Click here to see their video: http://youtu.be/BUDqWrJ-Vao","fullDescription":"Despite its compact size, Download Statusbar packs in more useful features than the standard download window. The fully customizable interface auto-hides when not in use, allowing full control without interruption.\n\nBe sure to check out the preview images!\n\nPLEASE NOTE: If you configure Firefox to \"Never remember history\" or \"Always use private browsing mode\" Download Statusbar will not function properly.\n\nDownload Statusbar 2 is in development and will be made available soon. Exciting stuff coming!","isPlatformCompatible":true,"eula":null,"screenshots":[{"url":"https://addons.cdn.mozilla.net/img/uploads/previews/full/9/9395.png?src=api&modified=1331247702","thumbnailURL":"https://addons.cdn.mozilla.net/img/uploads/previews/thumbs/9/9395.png?src=api&modified=1331247702","caption":"Default Preview"},{"url":"https://addons.cdn.mozilla.net/img/uploads/previews/full/1/1685.png?src=api&modified=1331247702","thumbnailURL":"https://addons.cdn.mozilla.net/img/uploads/previews/thumbs/1/1685.png?src=api&modified=1331247702","caption":"Customize the colors!"},{"url":"https://addons.cdn.mozilla.net/img/uploads/previews/full/1/1686.png?src=api&modified=1331247702","thumbnailURL":"https://addons.cdn.mozilla.net/img/uploads/previews/thumbs/1/1686.png?src=api&modified=1331247702","caption":"Default Style and delete animation"},{"url":"https://addons.cdn.mozilla.net/img/uploads/previews/full/1/1687.png?src=api&modified=1331247702","thumbnailURL":"https://addons.cdn.mozilla.net/img/uploads/previews/thumbs/1/1687.png?src=api&modified=1331247702","caption":"Minimode integrates into Firefox statusbar"},{"url":"https://addons.cdn.mozilla.net/img/uploads/previews/full/1/1688.png?src=api&modified=1331247702","thumbnailURL":"https://addons.cdn.mozilla.net/img/uploads/previews/thumbs/1/1688.png?src=api&modified=1331247702","caption":"Right-click to get commands for each download - tooltips show more detailed information"},{"url":"https://addons.cdn.mozilla.net/img/uploads/previews/full/11/11204.png?src=api&modified=1331247702","thumbnailURL":"https://addons.cdn.mozilla.net/img/uploads/previews/thumbs/11/11204.png?src=api&modified=1331247702","caption":"Right click menu on bar background - Manage multiple downloads"},{"url":"https://addons.cdn.mozilla.net/img/uploads/previews/full/11/11440.png?src=api&modified=1331247702","thumbnailURL":"https://addons.cdn.mozilla.net/img/uploads/previews/thumbs/11/11440.png?src=api&modified=1331247702","caption":"Extension options window"},{"url":"https://addons.cdn.mozilla.net/img/uploads/previews/full/14/14800.png?src=api&modified=1331247702","width":"433","height":"190","thumbnailURL":"https://addons.cdn.mozilla.net/img/uploads/previews/thumbs/14/14800.png?src=api&modified=1331247702","thumbnailWidth":"200","thumbnailHeight":"87","caption":"New tooltip design, with image previews!"}],"averageRating":4,"learnmoreURL":"https://addons.mozilla.org/en-US/firefox/addon/download-statusbar/?src=api","homepageURL":"http://www.downloadstatus.com","sourceURI":"https://addons.mozilla.org/firefox/downloads/file/135613/download_statusbar-0.9.10-fx.xpi?src=api","size":434176,"developerComments":null,"reviewURL":"https://addons.mozilla.org/en-US/firefox/addon/download-statusbar/reviews/?src=api","reviewCount":1248,"totalDownloads":44096267,"weeklyDownloads":35352,"dailyUsers":1620987,"updateDate":1319842187000,"supportURL":"http://downloadstatus.com/support/"},{"id":"jid1-xUfzOsOFlzSOXg@jetpack","icons":{"32":"https://addons.cdn.mozilla.net/img/uploads/addon_icons/387/387429-32.png?modified=1366924823","64":"https://addons.cdn.mozilla.net/img/uploads/addon_icons/387/387429-64.png?modified=1366924823"},"name":"Reddit Enhancement Suite","type":"extension","version":"4.3.0.4","repositoryStatus":4,"creator":{"name":"honestbleeps","url":"https://addons.mozilla.org/en-US/firefox/user/honestbleeps/?src=api"},"description":"A suite of tools to enhance Reddit","fullDescription":"Reddit Enhancement Suite is a suite of tools to enhance your Reddit browsing experience. It includes features such as:\n\n- Never Ending Reddit - never click \"next page\" again!\n\n- Inline Image Viewer - adds buttons to view images without leaving the page, including support for imgur albums and more\n\n- Keyboard Navigation - browse reddit more efficiently than ever before with keyboard shortcuts for most functionality\n\n- Uppers and Downers - see the hidden vote totals that Reddit provides behind the scenes\n\n- Account Switcher - switch accounts easily and quickly\n\n- User Tagger - keep track of users you run across frequently, complete with color coded tags, etc.\n\nTo read more about the features of Reddit Enhancement Suite, please see http://redditenhancementsuite.com/","isPlatformCompatible":true,"eula":null,"screenshots":[{"url":"https://addons.cdn.mozilla.net/img/uploads/previews/full/75/75281.png?src=api&modified=1344085632","width":"700","height":"437","thumbnailURL":"https://addons.cdn.mozilla.net/img/uploads/previews/thumbs/75/75281.png?src=api&modified=1344085632","thumbnailWidth":"200","thumbnailHeight":"125","caption":"A simple screenshot of Reddit with RES activated"}],"averageRating":5,"learnmoreURL":"https://addons.mozilla.org/en-US/firefox/addon/reddit-enhancement-suite/?src=api","homepageURL":"https://addons.mozilla.org/en-US/firefox/addon/reddit-enhancement-suite/?src=api","sourceURI":"https://addons.mozilla.org/firefox/downloads/file/226340/reddit_enhancement_suite-4.3.0.4-fx.xpi?src=api","size":485092,"developerComments":null,"reviewURL":"https://addons.mozilla.org/en-US/firefox/addon/reddit-enhancement-suite/reviews/?src=api","reviewCount":43,"totalDownloads":604103,"weeklyDownloads":13320,"dailyUsers":189577,"updateDate":1377900106000,"supportURL":null},{"id":"firefox@ghostery.com","icons":{"32":"https://addons.cdn.mozilla.net/img/uploads/addon_icons/9/9609-32.png?modified=1362073415","64":"https://addons.cdn.mozilla.net/img/uploads/addon_icons/9/9609-64.png?modified=1362073415"},"name":"Ghostery","type":"extension","version":"5.0.6","repositoryStatus":4,"creator":{"name":"José María Signanini","url":"https://addons.mozilla.org/en-US/firefox/user/josesigna/?src=api"},"developers":[{"name":"Felix Shnir","url":"https://addons.mozilla.org/en-US/firefox/user/fixanoid/?src=api"}],"description":"Protect your privacy. See who's tracking your web browsing and block them with Ghostery.","fullDescription":"DETECT\nGhostery sees the \"invisible\" web, detecting trackers, web bugs, pixels, and beacons placed on web pages by Facebook, Google Analytics, and over 1,000 other ad networks, behavioral data providers, web publishers - all companies interested in your activity.\n\nLEARN\nAfter showing you who operates behind the scenes, Ghostery also gives you the opportunity to learn more about each company it identifies, including links to their privacy policy and opt-out options.\n\nCONTROL\nGhostery allows you to block scripts from companies that you don't trust, delete local shared objects, and even block images and iframes.\n\nCOLLABORATE\nGhostery also includes the optional, opt-in feature called Ghostrank, which sends Ghostery servers anonymous information about the trackers you encounter and where you encounter them. This allows us to create a more comprehensive list of detectable items, and helps us create a more transparent behavioral advertising ecosystem through our partnership with Evidon.\n\nPROTECT YOUR PRIVACY\nGhostery is built and maintained for users that care about their online privacy, and is engineered with privacy as a primary goal. Ghostery use is anonymous. No registrations or sign-ups are required. The Ghostery plug-in does not place cookies into your browser. Neither the Ghostery application nor Evidon receives any data from Ghostery users unless the user opts-in to participate in Ghostrank. Ghostrank data itslef is anonymous, is NEVER used for advertising targeting purposes, and is only shared in aggregated, non-personal, statistical form.\n\nFor more information, check out Ghostery's privacy policy and our FAQ.\n\nGhostery's source code is straight-forward - for some hands-on privacy management goodness, look inside! You'll find that Ghostery works just like we describe.\n\nCONNECT\nVisit our support forum: http://getsatisfaction.com/ghostery\nFollow us on Twitter: http://twitter.com/Ghostery\nFriend us on Facebook: http://www.facebook.com/ghostery\nCheck out the blog: http://purplebox.ghostery.com","isPlatformCompatible":true,"eula":null,"screenshots":[{"url":"https://addons.cdn.mozilla.net/img/uploads/previews/full/33/33194.png?src=api&modified=1362073367","width":"656","height":"424","thumbnailURL":"https://addons.cdn.mozilla.net/img/uploads/previews/thumbs/33/33194.png?src=api&modified=1362073367","thumbnailWidth":"200","thumbnailHeight":"129","caption":"Menu shows you all the web bug trackers found on a site and lets you learn more about each bug including being able to view their source code."},{"url":"https://addons.cdn.mozilla.net/img/uploads/previews/full/91/91632.png?src=api&modified=1362102171","width":"700","height":"439","thumbnailURL":"https://addons.cdn.mozilla.net/img/uploads/previews/thumbs/91/91632.png?src=api&modified=1362102171","thumbnailWidth":"200","thumbnailHeight":"125","caption":"New Ghostery panel allows for quick tracker settings, selective site unblocking, and many other new features."},{"url":"https://addons.cdn.mozilla.net/img/uploads/previews/full/27/27374.png?src=api&modified=1362073367","width":"675","height":"525","thumbnailURL":"https://addons.cdn.mozilla.net/img/uploads/previews/thumbs/27/27374.png?src=api&modified=1362073367","thumbnailWidth":"193","thumbnailHeight":"150","caption":"Get notified when web bugs are found. Click on it to close the box."},{"url":"https://addons.cdn.mozilla.net/img/uploads/previews/full/27/27861.png?src=api&modified=1362073367","width":"700","height":"354","thumbnailURL":"https://addons.cdn.mozilla.net/img/uploads/previews/thumbs/27/27861.png?src=api&modified=1362073367","thumbnailWidth":"200","thumbnailHeight":"101"},{"url":"https://addons.cdn.mozilla.net/img/uploads/previews/full/33/33195.png?src=api&modified=1362073367","width":"540","height":"525","thumbnailURL":"https://addons.cdn.mozilla.net/img/uploads/previews/thumbs/33/33195.png?src=api&modified=1362073367","thumbnailWidth":"154","thumbnailHeight":"150","caption":"Each tracker now has an accompanying web page that tells you who owns it, what it does, how popular it is and links to its privacy policy."},{"url":"https://addons.cdn.mozilla.net/img/uploads/previews/full/33/33196.png?src=api&modified=1362073367","width":"595","height":"525","thumbnailURL":"https://addons.cdn.mozilla.net/img/uploads/previews/thumbs/33/33196.png?src=api&modified=1362073367","thumbnailWidth":"170","thumbnailHeight":"150","caption":"View the source code of trackers you find."}],"averageRating":5,"learnmoreURL":"https://addons.mozilla.org/en-US/firefox/addon/ghostery/?src=api","homepageURL":"http://www.ghostery.com/","sourceURI":"https://addons.mozilla.org/firefox/downloads/file/233014/ghostery-5.0.6-an+fx.xpi?src=api","size":1338622,"developerComments":null,"reviewURL":"https://addons.mozilla.org/en-US/firefox/addon/ghostery/reviews/?src=api","reviewCount":756,"totalDownloads":8932039,"weeklyDownloads":69625,"dailyUsers":950194,"updateDate":1383688130000,"supportURL":"http://www.ghostery.com/"},{"id":"wats@adversitement.nl","icons":{"32":"https://addons.cdn.mozilla.net/img/uploads/addon_icons/249/249364-32.png?modified=1351260846","64":"https://addons.cdn.mozilla.net/img/uploads/addon_icons/249/249364-64.png?modified=1351260846"},"name":"WATS","type":"extension","version":"0.31","repositoryStatus":4,"creator":{"name":"Adversitement","url":"https://addons.mozilla.org/en-US/firefox/user/Adversitement/?src=api"},"description":"WATS is a SiteCatalyst HTTP monitor for Firefox. This add-on allows to visualize requests sent from websites to SiteCatalyst servers. It aims to make the testing process of the SiteCatalyst implementations easier.","fullDescription":"Key Features\n\n* SiteCatalyst requests variables visualization.\n* SiteCatalyst requests history section.\n* SiteCatalyst requests history filter (filtered by reportSuiteID).\n* Descriptions can be set on SiteCatalyst variables.\n* Cookies set by the SiteCatalyst URL can be manipulated.\n* SiteCatalyst data can be exported into several formats.\n* Interface can be detached from a sidebar to an independent window.","isPlatformCompatible":true,"eula":null,"screenshots":[{"url":"https://addons.cdn.mozilla.net/img/uploads/previews/full/51/51148.png?src=api&modified=1331247702","width":"700","height":"384","thumbnailURL":"https://addons.cdn.mozilla.net/img/uploads/previews/thumbs/51/51148.png?src=api&modified=1331247702","thumbnailWidth":"200","thumbnailHeight":"109"},{"url":"https://addons.cdn.mozilla.net/img/uploads/previews/full/50/50646.png?src=api&modified=1331247702","width":"313","height":"525","thumbnailURL":"https://addons.cdn.mozilla.net/img/uploads/previews/thumbs/50/50646.png?src=api&modified=1331247702","thumbnailWidth":"89","thumbnailHeight":"150"},{"url":"https://addons.cdn.mozilla.net/img/uploads/previews/full/50/50647.png?src=api&modified=1331247702","width":"314","height":"525","thumbnailURL":"https://addons.cdn.mozilla.net/img/uploads/previews/thumbs/50/50647.png?src=api&modified=1331247702","thumbnailWidth":"89","thumbnailHeight":"150"}],"averageRating":5,"learnmoreURL":"https://addons.mozilla.org/en-US/firefox/addon/wats/?src=api","homepageURL":"http://www.adversitement.com/wats/","sourceURI":"https://addons.mozilla.org/firefox/downloads/file/117211/wats-0.31-fx.xpi?src=api","size":92160,"developerComments":null,"reviewURL":"https://addons.mozilla.org/en-US/firefox/addon/wats/reviews/?src=api","reviewCount":4,"totalDownloads":21062,"weeklyDownloads":129,"dailyUsers":1686,"updateDate":1302714148000,"supportURL":null},{"id":"yslow@yahoo-inc.com","icons":{"32":"https://addons.cdn.mozilla.net/img/uploads/addon_icons/5/5369-32.png?modified=1361259317","64":"https://addons.cdn.mozilla.net/img/uploads/addon_icons/5/5369-64.png?modified=1361259317"},"name":"YSlow","type":"extension","version":"3.1.8","repositoryStatus":4,"creator":{"name":"YSlow","url":"https://addons.mozilla.org/en-US/firefox/user/yslow/?src=api"},"description":"YSlow analyzes web pages and suggests ways to improve their performance based on a set of rules for high performance web pages.\nhttp://yslow.org is the official open source website.","fullDescription":"YSlow analyzes web pages and suggests ways to improve their performance based on a set of rules for high performance web pages. YSlow is available for Firefox as an add-on integrated with the Firebug web development tool. YSlow grades web page based on one of three predefined ruleset or a user-defined ruleset. It offers suggestions for improving the page's performance, summarizes the page's components, displays statistics about the page, and provides tools for performance analysis, including Smush.it™ and JSLint.\n\nVisit the official YSlow website: http://yslow.org\n\nYSlow is licensed under the New BSD License, with portions licensed by third parties under other license terms. To review the terms before installing, see http://wh.yslow.org/yslow-license\n\nYou must install Firebug: https://addons.mozilla.org/en-US/firefox/addon/1843","isPlatformCompatible":true,"eula":null,"screenshots":[{"url":"https://addons.cdn.mozilla.net/img/uploads/previews/full/31/31944.png?src=api&modified=1331247702","width":"640","height":"444","thumbnailURL":"https://addons.cdn.mozilla.net/img/uploads/previews/thumbs/31/31944.png?src=api&modified=1331247702","thumbnailWidth":"200","thumbnailHeight":"138","caption":"Grade View"},{"url":"https://addons.cdn.mozilla.net/img/uploads/previews/full/31/31945.png?src=api&modified=1331247702","width":"640","height":"257","thumbnailURL":"https://addons.cdn.mozilla.net/img/uploads/previews/thumbs/31/31945.png?src=api&modified=1331247702","thumbnailWidth":"200","thumbnailHeight":"80","caption":"Statistics View"},{"url":"https://addons.cdn.mozilla.net/img/uploads/previews/full/31/31946.png?src=api&modified=1331247702","width":"640","height":"238","thumbnailURL":"https://addons.cdn.mozilla.net/img/uploads/previews/thumbs/31/31946.png?src=api&modified=1331247702","thumbnailWidth":"200","thumbnailHeight":"74","caption":"Component View"}],"averageRating":3,"learnmoreURL":"https://addons.mozilla.org/en-US/firefox/addon/yslow/?src=api","homepageURL":"http://yslow.org","sourceURI":"https://addons.mozilla.org/firefox/downloads/file/225990/yslow-3.1.8-fx.xpi?src=api","size":201121,"developerComments":null,"reviewURL":"https://addons.mozilla.org/en-US/firefox/addon/yslow/reviews/?src=api","reviewCount":157,"totalDownloads":3739799,"weeklyDownloads":6306,"dailyUsers":159635,"updateDate":1377583963000,"supportURL":"http://yslow.org"},{"id":"{c45c406e-ab73-11d8-be73-000a95be3b12}","icons":{"32":"https://addons.cdn.mozilla.net/img/uploads/addon_icons/0/60-32.png?modified=1366901021","64":"https://addons.cdn.mozilla.net/img/uploads/addon_icons/0/60-64.png?modified=1366901021"},"name":"Web Developer","type":"extension","version":"1.2.5","repositoryStatus":4,"creator":{"name":"chrispederick","url":"https://addons.mozilla.org/en-US/firefox/user/chrispederick/?src=api"},"description":"The Web Developer extension adds various web developer tools to the browser.","fullDescription":"The Web Developer extension adds various web developer tools to the browser.\n\nIf you are having problems with the extension disappearing please read this forum post for a fix:\n\nhttp://forums.chrispederick.com/discussion/247/web-developer-disappears-with-localized-firefox/p1","isPlatformCompatible":true,"eula":null,"screenshots":[{"url":"https://addons.cdn.mozilla.net/img/uploads/previews/full/11/11916.png?src=api&modified=1331247702","width":"333","height":"204","thumbnailURL":"https://addons.cdn.mozilla.net/img/uploads/previews/thumbs/11/11916.png?src=api&modified=1331247702","thumbnailWidth":"200","thumbnailHeight":"122","caption":"The Web Developer toolbar"}],"averageRating":5,"learnmoreURL":"https://addons.mozilla.org/en-US/firefox/addon/web-developer/?src=api","homepageURL":"http://chrispederick.com/work/web-developer/firefox/","sourceURI":"https://addons.mozilla.org/firefox/downloads/file/205744/web_developer-1.2.5-sm+fx.xpi?src=api","size":1360435,"contributionURL":"https://addons.mozilla.org/en-US/firefox/addon/web-developer/developers?src=api","contributionAmount":"$9.99","developerComments":"The best place for support is not in the reviews section below, but on the Web Developer site:\n\nhttp://chrispederick.com/work/web-developer/firefox/help/","reviewURL":"https://addons.mozilla.org/en-US/firefox/addon/web-developer/reviews/?src=api","reviewCount":165,"totalDownloads":25064561,"weeklyDownloads":30117,"dailyUsers":854311,"updateDate":1367762378000,"supportURL":"http://chrispederick.com/work/web-developer/firefox/help/"},{"id":"firebug@software.joehewitt.com","icons":{"32":"https://addons.cdn.mozilla.net/img/uploads/addon_icons/1/1843-32.png?modified=1381507357","64":"https://addons.cdn.mozilla.net/img/uploads/addon_icons/1/1843-64.png?modified=1381507357"},"compatibilityOverrides":[{"type":"incompatible","minVersion":"0","maxVersion":"1.7.3","appID":"{ec8030f7-c20a-464f-9b0e-13a3a9e97384}","appMinVersion":"6.0a1","appMaxVersion":"*"}],"name":"Firebug","type":"extension","version":"1.12.4","repositoryStatus":4,"creator":{"name":"Joe Hewitt","url":"https://addons.mozilla.org/en-US/firefox/user/joe-hewitt/?src=api"},"developers":[{"name":"Jan Odvarko","url":"https://addons.mozilla.org/en-US/firefox/user/jan-odvarko/?src=api"},{"name":"robcee","url":"https://addons.mozilla.org/en-US/firefox/user/robcee/?src=api"},{"name":"FirebugWorkingGroup","url":"https://addons.mozilla.org/en-US/firefox/user/firebugworkinggroup/?src=api"}],"description":"Firebug integrates with Firefox to put a wealth of development tools at your fingertips while you browse. You can edit, debug, and monitor CSS, HTML, and JavaScript live in any web page...","fullDescription":"Follow Firebug news on Twitter\n\nCompatibility table:\n\n    Firefox 3.6 with Firebug 1.7.3\n    Firefox 4.0 with Firebug 1.7.3\n    Firefox 5.0 with Firebug 1.8.2 (and also Firebug 1.7.3)\n    Firefox 6.0 with Firebug 1.8.2 (and also Firebug 1.9)\n    Firefox 7.0 with Firebug 1.8.2 (and also Firebug 1.9)\n    Firefox 8.0 with Firebug 1.8.3 (and also Firebug 1.9)\n    Firefox 9.0 with Firebug 1.8.4 (and also Firebug 1.9)\n    Firefox 10.0 with Firebug 1.9\n    Firefox 11.0 with Firebug 1.9\n    Firefox 12.0 with Firebug 1.9\n    Firefox 13.0 with Firebug 1.10 (and also Firebug 1.9)\n    Firefox 14.0 with Firebug 1.10\n    Firefox 15.0 with Firebug 1.10\n    Firefox 16.0 with Firebug 1.10\n    Firefox 17.0 with Firebug 1.11 (and also Firebug 1.10)\n    Firefox 18.0 with Firebug 1.11\n    Firefox 19.0 with Firebug 1.11\n    Firefox 20.0 with Firebug 1.11\n    Firefox 21.0 with Firebug 1.11\n    Firefox 22.0 with Firebug 1.11\n    Firefox 23.0 with Firebug 1.12 (and also Firebug 1.11)\n    Firefox 24.0 with Firebug 1.12\n    Firefox 25.0 with Firebug 1.12\n\n\nFirebug integrates with Firefox to put a wealth of development tools at your fingertips while you browse. You can edit, debug, and monitor CSS, HTML, and JavaScript live in any web page.\n\nVisit the Firebug website for documentation and screen shots: http://getfirebug.com\nAsk questions on Firebug newsgroup: https://groups.google.com/forum/#!forum/firebug\nReport an issue: http://code.google.com/p/fbug/issues/list\n\nPlease note that bug reports or feature requests in comments on this page won't be tracked. Use the issue tracker or Firebug newsgroup instead thanks!","isPlatformCompatible":true,"eula":null,"screenshots":[{"url":"https://addons.cdn.mozilla.net/img/uploads/previews/full/52/52710.png?src=api&modified=1295279900","width":"700","height":"330","thumbnailURL":"https://addons.cdn.mozilla.net/img/uploads/previews/thumbs/52/52710.png?src=api&modified=1295279900","thumbnailWidth":"200","thumbnailHeight":"94","caption":"Command line and its auto-completion."},{"url":"https://addons.cdn.mozilla.net/img/uploads/previews/full/52/52711.png?src=api&modified=1295279900","width":"700","height":"330","thumbnailURL":"https://addons.cdn.mozilla.net/img/uploads/previews/thumbs/52/52711.png?src=api&modified=1295279900","thumbnailWidth":"200","thumbnailHeight":"94","caption":"Console panel with an example error logs."},{"url":"https://addons.cdn.mozilla.net/img/uploads/previews/full/52/52712.png?src=api&modified=1295279900","width":"700","height":"330","thumbnailURL":"https://addons.cdn.mozilla.net/img/uploads/previews/thumbs/52/52712.png?src=api&modified=1295279900","thumbnailWidth":"200","thumbnailHeight":"94","caption":"CSS panel with inline editor."},{"url":"https://addons.cdn.mozilla.net/img/uploads/previews/full/52/52713.png?src=api&modified=1295279900","width":"700","height":"330","thumbnailURL":"https://addons.cdn.mozilla.net/img/uploads/previews/thumbs/52/52713.png?src=api&modified=1295279900","thumbnailWidth":"200","thumbnailHeight":"94","caption":"DOM panel displays structure of the current page."},{"url":"https://addons.cdn.mozilla.net/img/uploads/previews/full/52/52714.png?src=api&modified=1295279900","width":"700","height":"330","thumbnailURL":"https://addons.cdn.mozilla.net/img/uploads/previews/thumbs/52/52714.png?src=api&modified=1295279900","thumbnailWidth":"200","thumbnailHeight":"94","caption":"HTML panel shows markup of the current page."},{"url":"https://addons.cdn.mozilla.net/img/uploads/previews/full/52/52715.png?src=api&modified=1295279900","width":"700","height":"330","thumbnailURL":"https://addons.cdn.mozilla.net/img/uploads/previews/thumbs/52/52715.png?src=api&modified=1295279900","thumbnailWidth":"200","thumbnailHeight":"94","caption":"Layout panel reveals layout of selected elements."},{"url":"https://addons.cdn.mozilla.net/img/uploads/previews/full/52/52716.png?src=api&modified=1295279900","width":"700","height":"330","thumbnailURL":"https://addons.cdn.mozilla.net/img/uploads/previews/thumbs/52/52716.png?src=api&modified=1295279900","thumbnailWidth":"200","thumbnailHeight":"94","caption":"Net panel monitors HTTP communication."},{"url":"https://addons.cdn.mozilla.net/img/uploads/previews/full/52/52717.png?src=api&modified=1295279901","width":"700","height":"330","thumbnailURL":"https://addons.cdn.mozilla.net/img/uploads/previews/thumbs/52/52717.png?src=api&modified=1295279901","thumbnailWidth":"200","thumbnailHeight":"94","caption":"Script panel allows to explore and debug JavaScript on the current page."}],"averageRating":5,"learnmoreURL":"https://addons.mozilla.org/en-US/firefox/addon/firebug/?src=api","homepageURL":"http://getfirebug.com/","sourceURI":"https://addons.mozilla.org/firefox/downloads/file/231063/firebug-1.12.4-fx.xpi?src=api","size":2209433,"contributionURL":"https://addons.mozilla.org/en-US/firefox/addon/firebug/developers?src=api","contributionAmount":"$10.00","developerComments":"If you have any problems, please read the Firebug FAQ.\n\nhttps://getfirebug.com/faq","reviewURL":"https://addons.mozilla.org/en-US/firefox/addon/firebug/reviews/?src=api","reviewCount":1576,"totalDownloads":62792476,"weeklyDownloads":157576,"dailyUsers":3045533,"updateDate":1382127443000,"supportURL":"http://getfirebug.com"},{"id":"{d10d0bf8-f5b5-c8b4-a8b2-2b9879e08c5d}","icons":{"32":"https://addons.cdn.mozilla.net/img/uploads/addon_icons/1/1865-32.png?modified=1372070145","64":"https://addons.cdn.mozilla.net/img/uploads/addon_icons/1/1865-64.png?modified=1372070145"},"name":"Adblock Plus","type":"extension","version":"2.4","repositoryStatus":4,"creator":{"name":"Wladimir Palant","url":"https://addons.mozilla.org/en-US/firefox/user/Wladimir-Palant/?src=api"},"description":"Annoyed by adverts? Troubled by tracking? Bothered by banners? Install Adblock Plus now to regain control of the internet and change the way that you view the web.\n\nA short video overview is available at http://www.youtube.com/watch?v=oNvb2SjVjjI","fullDescription":"Adblock Plus allows you to regain control of the internet and view the web the way you want to. The add-on is supported by over forty filter subscriptions in dozens of languages which automatically configure it for purposes ranging from removing online advertising to blocking all known malware domains. Adblock Plus also allows you to customize your filters with the assistance of a variety of useful features, including a context option for images, a block tab for Flash and Java objects, and a list of blockable items to remove scripts and stylesheets.\n\nStarting with Adblock Plus 2.0 there is an option in Filter Preferences to allow some non-intrusive advertising. The goal is to support websites using non-intrusive ways to advertise and to encourage more websites to do the same. Read more","isPlatformCompatible":true,"eula":null,"screenshots":[{"url":"https://addons.cdn.mozilla.net/img/uploads/previews/full/55/55574.png?src=api&modified=1327649601","width":"200","height":"150","thumbnailURL":"https://addons.cdn.mozilla.net/img/uploads/previews/thumbs/55/55574.png?src=api&modified=1327649601","thumbnailWidth":"200","thumbnailHeight":"150"},{"url":"https://addons.cdn.mozilla.net/img/uploads/previews/full/55/55568.png?src=api&modified=1327649601","width":"350","height":"280","thumbnailURL":"https://addons.cdn.mozilla.net/img/uploads/previews/thumbs/55/55568.png?src=api&modified=1327649601","thumbnailWidth":"187","thumbnailHeight":"150","caption":"Toolbar button"},{"url":"https://addons.cdn.mozilla.net/img/uploads/previews/full/55/55569.png?src=api&modified=1327649601","width":"700","height":"481","thumbnailURL":"https://addons.cdn.mozilla.net/img/uploads/previews/thumbs/55/55569.png?src=api&modified=1327649601","thumbnailWidth":"200","thumbnailHeight":"137","caption":"Issue reporter"},{"url":"https://addons.cdn.mozilla.net/img/uploads/previews/full/55/55570.png?src=api&modified=1327649601","width":"567","height":"483","thumbnailURL":"https://addons.cdn.mozilla.net/img/uploads/previews/thumbs/55/55570.png?src=api&modified=1327649601","thumbnailWidth":"176","thumbnailHeight":"150","caption":"Adding a filter subscription"},{"url":"https://addons.cdn.mozilla.net/img/uploads/previews/full/55/55571.png?src=api&modified=1327649601","width":"450","height":"225","thumbnailURL":"https://addons.cdn.mozilla.net/img/uploads/previews/thumbs/55/55571.png?src=api&modified=1327649601","thumbnailWidth":"200","thumbnailHeight":"100","caption":"Blocking an image ad"},{"url":"https://addons.cdn.mozilla.net/img/uploads/previews/full/55/55572.png?src=api&modified=1327649601","width":"550","height":"277","thumbnailURL":"https://addons.cdn.mozilla.net/img/uploads/previews/thumbs/55/55572.png?src=api&modified=1327649601","thumbnailWidth":"200","thumbnailHeight":"100","caption":"List of blockable items"},{"url":"https://addons.cdn.mozilla.net/img/uploads/previews/full/55/55573.png?src=api&modified=1327649601","width":"600","height":"400","thumbnailURL":"https://addons.cdn.mozilla.net/img/uploads/previews/thumbs/55/55573.png?src=api&modified=1327649601","thumbnailWidth":"200","thumbnailHeight":"133","caption":"Adding a filter"}],"averageRating":5,"learnmoreURL":"https://addons.mozilla.org/en-US/firefox/addon/adblock-plus/?src=api","homepageURL":"http://adblockplus.org/","sourceURI":"https://addons.mozilla.org/firefox/downloads/file/230225/adblock_plus-2.4-tb+fx+an+sm.xpi?src=api","size":915554,"contributionURL":"https://addons.mozilla.org/en-US/firefox/addon/adblock-plus/developers?src=api","contributionAmount":"$5.00","developerComments":null,"reviewURL":"https://addons.mozilla.org/en-US/firefox/addon/adblock-plus/reviews/?src=api","reviewCount":3935,"totalDownloads":226523160,"weeklyDownloads":1139532,"dailyUsers":17435242,"updateDate":1381345098000,"supportURL":"http://adblockplus.org/forum/"},{"id":"support@lastpass.com","icons":{"32":"https://addons.cdn.mozilla.net/img/uploads/addon_icons/8/8542-32.png?modified=1383110058","64":"https://addons.cdn.mozilla.net/img/uploads/addon_icons/8/8542-64.png?modified=1383110058"},"name":"LastPass Password Manager","type":"extension","version":"2.0.20","repositoryStatus":4,"creator":{"name":"LastPass","url":"https://addons.mozilla.org/en-US/firefox/user/lastpass/?src=api"},"description":"LastPass is a free online password manager and Form Filler that makes your web browsing easier and more secure. Also for IE, Safari and Chrome. Your sensitive data is encrypted _locally_ before upload so even LastPass cannot get access to it.","fullDescription":"LastPass is the last password you will ever need. It allows you to:\n\n- Create strong passwords, knowing you only have to remember one.\n- Automatically fill out forms to save you time\n- Log into your favorite sites with a single click\n- Access and manage your data from multiple computers seamlessly\n- Share logins with friends and let others share logins with you\n- Use One Time Passwords, and a Screen Keyboard to help keep you safe while on the road.\n- Supports IE as well, so if you switch browsers you're always in sync, as well as when you switch computers\n- Supports Opera, Google Chrome, Safari, iPhone, Opera Mini, via Bookmarklets\n- Supports importing passwords from other password managers such as Roboform, Keepass, PasswordSafe, MyPasswordSafe, Sxipper, TurboPasswords, PassPack, Firefox and IE's built in password manager\n- Exporting your data always available in plugin and the website, even back to Firefox.\n- In windows, helps you recover lost passwords stored on your computer\n- Capture passwords that other password managers will not capture like those done in AJAX logins, and multi-step logins like Bank Of America, and frustrating sites like ING bank using the 'Save All Entered Data' feature.\n- Make moving to a new computer or using multiple computers much easier\n- Works with any platform that has Firefox\n- Mobile access at http://m.lastpass.com\n\nYour sensitive data is encrypted locally with AES, then uploaded to allow syncing with other computers or browsers (IE is also supported), and every browser is supported in the 'web access' mode at LastPass.com","isPlatformCompatible":true,"eula":null,"screenshots":[{"url":"https://addons.cdn.mozilla.net/img/uploads/previews/full/26/26091.png?src=api&modified=1331247702","width":"700","height":"231","thumbnailURL":"https://addons.cdn.mozilla.net/img/uploads/previews/thumbs/26/26091.png?src=api&modified=1331247702","thumbnailWidth":"200","thumbnailHeight":"66","caption":"LastPass supports Passwords and Form Fill on multiple browsers and platforms."},{"url":"https://addons.cdn.mozilla.net/img/uploads/previews/full/24/24882.png?src=api&modified=1331247702","thumbnailURL":"https://addons.cdn.mozilla.net/img/uploads/previews/thumbs/24/24882.png?src=api&modified=1331247702","caption":"Add Site Process with replace existing"},{"url":"https://addons.cdn.mozilla.net/img/uploads/previews/full/24/24883.png?src=api&modified=1331247702","thumbnailURL":"https://addons.cdn.mozilla.net/img/uploads/previews/thumbs/24/24883.png?src=api&modified=1331247702","caption":"Expanded version of the plugin"},{"url":"https://addons.cdn.mozilla.net/img/uploads/previews/full/24/24884.png?src=api&modified=1331247702","thumbnailURL":"https://addons.cdn.mozilla.net/img/uploads/previews/thumbs/24/24884.png?src=api&modified=1331247702","caption":"Generating strong passwords"},{"url":"https://addons.cdn.mozilla.net/img/uploads/previews/full/47/47290.png?src=api&modified=1331247702","width":"472","height":"525","thumbnailURL":"https://addons.cdn.mozilla.net/img/uploads/previews/thumbs/47/47290.png?src=api&modified=1331247702","thumbnailWidth":"135","thumbnailHeight":"150","caption":"LastPass supports Passwords and Form Fill on multiple browsers and platforms."}],"averageRating":4,"learnmoreURL":"https://addons.mozilla.org/en-US/firefox/addon/lastpass-password-manager/?src=api","homepageURL":"https://lastpass.com/","sourceURI":"https://addons.mozilla.org/firefox/downloads/file/197818/lastpass_password_manager-2.0.20-fx+fn+an+sm-mac.xpi?src=api","size":3039869,"developerComments":null,"reviewURL":"https://addons.mozilla.org/en-US/firefox/addon/lastpass-password-manager/reviews/?src=api","reviewCount":948,"totalDownloads":6252855,"weeklyDownloads":33146,"dailyUsers":272442,"updateDate":1366744004000,"supportURL":"http://forums.lastpass.com/"},{"id":"Omnibug@rosssimpson.com","icons":{"32":"https://addons.cdn.mozilla.net/img/uploads/addon_icons/439/439658-32.png?modified=1374690027","64":"https://addons.cdn.mozilla.net/img/uploads/addon_icons/439/439658-64.png?modified=1374690027"},"name":"Omnibug","type":"extension","version":"0.5.448","repositoryStatus":8,"creator":{"name":"Ross Simpson","url":"https://addons.mozilla.org/en-US/firefox/user/simpsora/?src=api"},"description":"Firebug extension for web analytics testing and debugging","fullDescription":"Omnibug is a plugin for Firebug to ease developing web metrics implementations. Each outgoing request (sent by the browser) is checked for a pattern; if a match occurs, the URL is displayed in a Firebug panel, and decoded to show the details of the request. In addition, requests can be logged to the filesystem.\n\nOut of the \"box\", it supports the following analytics providers:\nOmniture, WebTrends, Google Analytics/Urchin, Google Universal Analytics, Moniforce, WebTrends, Core Metrics, AT Internet, KISSmetrics, Facebook, Torbit Insight, Quantcast, Marketo, Marketo Crowdfactory, NewRelic, Krux and Optimizely. Custom matching rules can be defined to support other systems, and support for more implementations is on the way.\n\nOmnibug has been in use worldwide since 2007, and is now making it's debut at addons.mozilla.org!","isPlatformCompatible":true,"eula":null,"screenshots":[{"url":"https://addons.cdn.mozilla.net/img/uploads/previews/full/100/100170.png?src=api&modified=1368863984","width":"700","height":"406","thumbnailURL":"https://addons.cdn.mozilla.net/img/uploads/previews/thumbs/100/100170.png?src=api&modified=1368863984","thumbnailWidth":"200","thumbnailHeight":"116","caption":"Omnibug in action, showing a Google Analytics session."}],"averageRating":5,"learnmoreURL":"https://addons.mozilla.org/en-US/firefox/addon/omnibug/?src=api","homepageURL":"http://omnibug.rosssimpson.com/","sourceURI":"https://addons.mozilla.org/firefox/downloads/file/218046/omnibug-0.5.448-fx.xpi?src=api","size":34496,"developerComments":null,"reviewURL":"https://addons.mozilla.org/en-US/firefox/addon/omnibug/reviews/?src=api","reviewCount":1,"totalDownloads":8213,"weeklyDownloads":297,"dailyUsers":2482,"updateDate":1374688032000,"supportURL":"http://omnibug.rosssimpson.com/"},{"id":"{dc572301-7619-498c-a57d-39143191b318}","icons":{"32":"https://addons.cdn.mozilla.net/img/uploads/addon_icons/1/1122-32.png?modified=1374469388","64":"https://addons.cdn.mozilla.net/img/uploads/addon_icons/1/1122-64.png?modified=1374469388"},"compatibilityOverrides":[{"type":"incompatible","minVersion":"0","maxVersion":"0.4.0.3","appID":"{ec8030f7-c20a-464f-9b0e-13a3a9e97384}","appMinVersion":"17.0","appMaxVersion":"*"}],"name":"Tab Mix Plus","type":"extension","version":"0.4.1.2.02","repositoryStatus":4,"creator":{"name":"onemen","url":"https://addons.mozilla.org/en-US/firefox/user/onemen/?src=api"},"developers":[{"name":"Gary Reyes","url":"https://addons.mozilla.org/en-US/firefox/user/gary-reyes/?src=api"}],"description":"Tab Mix Plus enhances Firefox's tab browsing capabilities. It includes such features as duplicating tabs, controlling tab focus, tab clicking options, undo closed tabs and windows, plus much more. It also includes a full-featured session manager.","fullDescription":"Tab Mix Plus enhances Firefox's tab browsing capabilities. It includes such features as duplicating tabs, controlling tab focus, tab clicking options, undo closed tabs and windows, plus much more. It also includes a full-featured session manager with crash recovery that can save and restore combination of opened tabs and windows.\n===========================================================\n\nTAB MIX PLUS FORUM\nVisit our forum for Complete List of Changes and Bugs Fixed.\n\nVisit Tabmix Help page.\n\nIf you are using Firefox Beta, Aurora or Nightly we are recommending using the latest Tabmix development build.","isPlatformCompatible":true,"eula":null,"screenshots":[{"url":"https://addons.cdn.mozilla.net/img/uploads/previews/full/4/4307.png?src=api&modified=1331247702","thumbnailURL":"https://addons.cdn.mozilla.net/img/uploads/previews/thumbs/4/4307.png?src=api&modified=1331247702","caption":"Tab Mix Plus"},{"url":"https://addons.cdn.mozilla.net/img/uploads/previews/full/4/4310.png?src=api&modified=1331247702","thumbnailURL":"https://addons.cdn.mozilla.net/img/uploads/previews/thumbs/4/4310.png?src=api&modified=1331247702","caption":"There are tons of easy to use options available."},{"url":"https://addons.cdn.mozilla.net/img/uploads/previews/full/4/4322.png?src=api&modified=1331247702","thumbnailURL":"https://addons.cdn.mozilla.net/img/uploads/previews/thumbs/4/4322.png?src=api&modified=1331247702","caption":"Change the look and feel of tabs."},{"url":"https://addons.cdn.mozilla.net/img/uploads/previews/full/4/4323.png?src=api&modified=1331247702","thumbnailURL":"https://addons.cdn.mozilla.net/img/uploads/previews/thumbs/4/4323.png?src=api&modified=1331247702","caption":"Customize the tab context menu."},{"url":"https://addons.cdn.mozilla.net/img/uploads/previews/full/4/4326.png?src=api&modified=1331247702","thumbnailURL":"https://addons.cdn.mozilla.net/img/uploads/previews/thumbs/4/4326.png?src=api&modified=1331247702","caption":"Toolbar buttons are provided for the simplest of tasks."}],"averageRating":4,"learnmoreURL":"https://addons.mozilla.org/en-US/firefox/addon/tab-mix-plus/?src=api","homepageURL":"http://tmp.garyr.net","sourceURI":"https://addons.mozilla.org/firefox/downloads/file/232695/tab_mix_plus-0.4.1.2.02-fx.xpi?src=api","size":778022,"contributionURL":"https://addons.mozilla.org/en-US/firefox/addon/tab-mix-plus/developers?src=api","contributionAmount":"$10.00","developerComments":"To report a bug go to our forum Problems & Questions\nyou can also look at our Troubleshooting tips\n\nyou can also try our beta version http://tmp.garyr.net/tab_mix_plus-dev-build.xpi","reviewURL":"https://addons.mozilla.org/en-US/firefox/addon/tab-mix-plus/reviews/?src=api","reviewCount":2084,"totalDownloads":20784717,"weeklyDownloads":29366,"dailyUsers":1264892,"updateDate":1383240224000,"supportURL":"http://tmp.garyr.net/forum"}]}