{"commits":[{"date":"2011-11-19T03:14:56-06:00","summary":"Improve punctuation scopes.","body":"","author":"Michael Sheets","commit":"345bd4d1c3213a8c4b51abd8b249c55045a500e0"},{"date":"2011-11-19T03:12:23-06:00","summary":"Remove folding settings.","body":"","author":"Michael Sheets","commit":"61b260fe987884e0599b76c2690c7f52f18f52ef"},{"date":"2011-11-19T03:11:24-06:00","summary":"Add readme.","body":"","author":"Michael Sheets","commit":"a9dd414166df5b1a4af5e2f2a776a8524b1a7b1c"},{"date":"2008-10-24T12:27:35+00:00","summary":"Updated Class.create to use the 1.6 syntax [1]","body":"[1] http://www.prototypejs.org/learn/class-inheritance\n\n\n\ngit-svn-id: http://svn.textmate.org/trunk/Bundles/JavaScript Prototype &amp; Script_aculo_us.tmbundle@10740 dfb7d73b-c2ec-0310-8fea-fb051d288c6d","author":"Martin Ström","commit":"50609a4b205f8cdc61559b63c645512a20d83a7e"},{"date":"2007-03-04T20:11:31+00:00","summary":"Add the following keys to the bundle’s info.plist:","body":"contactName:\n   The full name of the contact for this bundle.\ncontactEmailRot13:\n   A ROT13 encoded email address for the bundle contact (we obfuscate it to avoid spammers from picking up the files, seeing how bundles will often be available via anonymous svn over http).\ndescription:\n   A short description for this bundle. Do link to more info about the language (or whatever) the bundle is about. I decided on using HTML for this (but leave out the initial paragraph tag) since it seemed like overkill to run a single line of text through Markdown.pl, just to convert [foo](link) into &lt;a href=\"link\">foo&lt;/a>\n\nMany of the current descriptions could use some improvements, I just wanted to get the ball rolling :)\n\n\ngit-svn-id: http://svn.textmate.org/trunk/Bundles/JavaScript Prototype &amp; Script_aculo_us.tmbundle@6718 dfb7d73b-c2ec-0310-8fea-fb051d288c6d","author":"Allan Odgaard","commit":"2cb9767999adb7a256440f911b1ae2ad95dad99d"},{"date":"2007-02-28T20:23:46+00:00","summary":"Support for space before the : in constant.other.object.key","body":"git-svn-id: http://svn.textmate.org/trunk/Bundles/JavaScript Prototype &amp; Script_aculo_us.tmbundle@6681 dfb7d73b-c2ec-0310-8fea-fb051d288c6d","author":"Thomas Aylott","commit":"99df15749b4fc96c61acb7546adb7553686030eb"},{"date":"2007-01-19T18:59:09+00:00","summary":"Added commands for the new official prototype documentation Added a basic Prototype test command","body":"git-svn-id: http://svn.textmate.org/trunk/Bundles/JavaScript Prototype &amp; Script_aculo_us.tmbundle@6466 dfb7d73b-c2ec-0310-8fea-fb051d288c6d","author":"Thomas Aylott","commit":"33a99f13c38de767617bfe9dd06515bb05889414"},{"date":"2006-12-21T21:18:56+00:00","summary":"Improved completions list. Sorted so that it seems like virtual snippetization. New CodeCompletion command for prototype that uses the same updated escape completions list.","body":"git-svn-id: http://svn.textmate.org/trunk/Bundles/JavaScript Prototype &amp; Script_aculo_us.tmbundle@6380 dfb7d73b-c2ec-0310-8fea-fb051d288c6d","author":"Thomas Aylott","commit":"67cc85b84a08f15caf283f9ab735d93e6ea6774a"},{"date":"2006-10-30T17:21:44+00:00","summary":"• rename so JavaScript is the prefix — that’s our new convention (prefix frameworks with the language they are for)","body":"git-svn-id: http://svn.textmate.org/trunk/Bundles/JavaScript Prototype &amp; Script_aculo_us.tmbundle@5776 dfb7d73b-c2ec-0310-8fea-fb051d288c6d","author":"Allan Odgaard","commit":"e3d0bce1da0915813aa7542d0c5fb8beee37d0e3"},{"date":"2006-10-29T20:31:15+00:00","summary":"• Change invalid.delimiter.object.comma to invalid.illegal.delimiter.object.comma • Change variable.js.prototype to variable.other.js.prototype • Change variable.conditional.js to variable.other.conditional.js","body":"git-svn-id: http://svn.textmate.org/trunk/Bundles/JavaScript Prototype &amp; Script_aculo_us.tmbundle@5729 dfb7d73b-c2ec-0310-8fea-fb051d288c6d","author":"Michael Sheets","commit":"e84ac38f4e5a80724b38596787604ee31a192d31"},{"date":"2006-10-14T23:48:04+00:00","summary":"Adding new punctuation scopes to various rules.","body":"git-svn-id: http://svn.textmate.org/trunk/Bundles/JavaScript Prototype &amp; Script_aculo_us.tmbundle@5481 dfb7d73b-c2ec-0310-8fea-fb051d288c6d","author":"Michael Sheets","commit":"21312421ed04a712f699fd5b10f66bc73799500d"},{"date":"2006-09-27T10:43:42+00:00","summary":"Fixed Enumerator.inject to mirror the return value with its params","body":"git-svn-id: http://svn.textmate.org/trunk/Bundles/JavaScript Prototype &amp; Script_aculo_us.tmbundle@5324 dfb7d73b-c2ec-0310-8fea-fb051d288c6d","author":"Martin Ström","commit":"708d76ef2a535a401a8fe62f47df24829ff9273a"},{"date":"2006-09-27T08:58:38+00:00","summary":"Added some method recently introduced to prototype like Enumerable.eachSlice and inGroupsOf, Element.siblings, Element.down etc.","body":"git-svn-id: http://svn.textmate.org/trunk/Bundles/JavaScript Prototype &amp; Script_aculo_us.tmbundle@5321 dfb7d73b-c2ec-0310-8fea-fb051d288c6d","author":"Martin Ström","commit":"2d6debd85dbdef3e1732055f99b474a0007a7174"},{"date":"2006-09-26T15:50:54+00:00","summary":"• Added a really handy snippet for all iteration methods. Instead of typing 'each' and then <kbd class='keyEquivalent'>⇥</kbd> (tab) to get the each snippet, you now press <kbd class='keyEquivalent'>⇧⌃⌘(</kbd> and you'll get the iterator function. Therefore this works for all iterator functions (inject, reject, each, map etc)","body":"• Moved more of the genreric JavaScript snippets (subtleGradient's?) from Prototype → JS bundle\n\n• Added whitespace around '=' and ':' in the Create Class alt snippet (we aren't afraid of whitespace, are we?)\n\ngit-svn-id: http://svn.textmate.org/trunk/Bundles/JavaScript Prototype &amp; Script_aculo_us.tmbundle@5310 dfb7d73b-c2ec-0310-8fea-fb051d288c6d","author":"Martin Ström","commit":"0062299357af410bf32a0749c52c313747628ec8"},{"date":"2006-09-26T15:27:16+00:00","summary":"• Made the .inject snippet return the memo as it won't without it • Reverted to the old .each behavour (there's a \"eachi\" trigger if one wants to use the index when looping) • Removed some unnecessary $0 from the end of snippets • Moved the $0 in some snippets (like Iterators#any) to the body of the iterator function, this makes more sence","body":"git-svn-id: http://svn.textmate.org/trunk/Bundles/JavaScript Prototype &amp; Script_aculo_us.tmbundle@5309 dfb7d73b-c2ec-0310-8fea-fb051d288c6d","author":"Martin Ström","commit":"d53781e8b8c9d24ca5e6e95f19b45f24f5550f8d"},{"date":"2006-09-26T14:07:21+00:00","summary":"• Moved a lot of the generic JS stuff from the Prototype bundle to the JS bundle and removed duplicated rules. • Improved some rules to catch more functions (like Object.myfunc = ...)","body":"Some of the rules can be simplified but I'm not a regexp guru so if somebody want to make them shorter/easier/faster, go ahead :)\n\ngit-svn-id: http://svn.textmate.org/trunk/Bundles/JavaScript Prototype &amp; Script_aculo_us.tmbundle@5307 dfb7d73b-c2ec-0310-8fea-fb051d288c6d","author":"Martin Ström","commit":"4816c8a40db640690238b2578b16b69cd1875092"},{"date":"2006-08-20T00:27:25+00:00","summary":"fixed the leading-tabs stuff, again. Tweaked the bracketed version.","body":"git-svn-id: http://svn.textmate.org/trunk/Bundles/JavaScript Prototype &amp; Script_aculo_us.tmbundle@4864 dfb7d73b-c2ec-0310-8fea-fb051d288c6d","author":"Thomas Aylott","commit":"eb7d44a1578a0184ffa47924f4701899274732a9"},{"date":"2006-08-19T23:57:30+00:00","summary":"fixed the leading-tabs stuff so that it doesn't error anything out the the console. It also dramatically speeds up the parsing. Tweaked the bracketed version.","body":"git-svn-id: http://svn.textmate.org/trunk/Bundles/JavaScript Prototype &amp; Script_aculo_us.tmbundle@4861 dfb7d73b-c2ec-0310-8fea-fb051d288c6d","author":"Thomas Aylott","commit":"9f5aff55e42faca48853a1a9e3cc4d7ea4f52817"},{"date":"2006-08-15T23:19:20+00:00","summary":"support the existing leading-tabs standard meta scope instead of reinventing the wheel. The themes will be updated too","body":"git-svn-id: http://svn.textmate.org/trunk/Bundles/JavaScript Prototype &amp; Script_aculo_us.tmbundle@4788 dfb7d73b-c2ec-0310-8fea-fb051d288c6d","author":"Thomas Aylott","commit":"a0489ceaf895f80639bcbb2489b620a6097c6ddd"},{"date":"2006-08-15T08:02:12+00:00","summary":"(Part of the global rename of entity.name.class to entity.name.type)","body":"Rename entity.name.class to entity.name.type.class\nFix preference item to match aforementioned change.\n\n\ngit-svn-id: http://svn.textmate.org/trunk/Bundles/JavaScript Prototype &amp; Script_aculo_us.tmbundle@4747 dfb7d73b-c2ec-0310-8fea-fb051d288c6d","author":"Michael Sheets","commit":"17c8ed34c523d0c1de3a74f9a0ca487ecac70779"},{"date":"2006-08-14T12:52:14+00:00","summary":"highlighting tweak","body":"git-svn-id: http://svn.textmate.org/trunk/Bundles/JavaScript Prototype &amp; Script_aculo_us.tmbundle@4740 dfb7d73b-c2ec-0310-8fea-fb051d288c6d","author":"Thomas Aylott","commit":"726ed20d566afeeb6eec3e0faecfeab12a0ea7b2"},{"date":"2006-08-14T08:12:28+00:00","summary":"Move constant.language.this.js.prototype to variable.language.this.js.prototype","body":"git-svn-id: http://svn.textmate.org/trunk/Bundles/JavaScript Prototype &amp; Script_aculo_us.tmbundle@4733 dfb7d73b-c2ec-0310-8fea-fb051d288c6d","author":"Michael Sheets","commit":"be9e0fba77c2a0dcf8280d41e2809f6657bfd4e1"},{"date":"2006-08-11T16:38:51+00:00","summary":"Initial support for xCodes \"ribbon scope highlighter\" Requires a theme to support it","body":"git-svn-id: http://svn.textmate.org/trunk/Bundles/JavaScript Prototype &amp; Script_aculo_us.tmbundle@4682 dfb7d73b-c2ec-0310-8fea-fb051d288c6d","author":"Thomas Aylott","commit":"79494c9a5dfa593c0b1c7f8f39d1538e1a13fae8"},{"date":"2006-07-17T08:42:44+00:00","summary":"convert double quotes to single quotes","body":"git-svn-id: http://svn.textmate.org/trunk/Bundles/JavaScript Prototype &amp; Script_aculo_us.tmbundle@4357 dfb7d73b-c2ec-0310-8fea-fb051d288c6d","author":"Thomas Aylott","commit":"2f3f7936adf306edaef5dd9d5d85d77c51bc7dc6"},{"date":"2006-07-17T08:34:55+00:00","summary":"assert not answer","body":"git-svn-id: http://svn.textmate.org/trunk/Bundles/JavaScript Prototype &amp; Script_aculo_us.tmbundle@4356 dfb7d73b-c2ec-0310-8fea-fb051d288c6d","author":"Thomas Aylott","commit":"cf9b3480039ff4df2b441436034cf13895c911cc"},{"date":"2006-07-17T08:20:21+00:00","summary":"adding /b to a group of keywords","body":"git-svn-id: http://svn.textmate.org/trunk/Bundles/JavaScript Prototype &amp; Script_aculo_us.tmbundle@4355 dfb7d73b-c2ec-0310-8fea-fb051d288c6d","author":"Thomas Aylott","commit":"94ed10c98adf6898a6ddde8fa30140258c346c5f"},{"date":"2006-07-17T07:59:40+00:00","summary":"More random tweaks. Major enhancements to the bracketed wrapper. Better understanding of objects and object keys and more delimiters. Function specific wrapper scopes. Moved some more generic stuff to the main javascript language and tweaked","body":"git-svn-id: http://svn.textmate.org/trunk/Bundles/JavaScript Prototype &amp; Script_aculo_us.tmbundle@4353 dfb7d73b-c2ec-0310-8fea-fb051d288c6d","author":"Thomas Aylott","commit":"fdd08e88ff0c502f936efee24da19d6aab7c8bff"},{"date":"2006-07-17T03:03:05+00:00","summary":"Added \"source.js.prototype\" to the scope of these; they were too broadly scoped.","body":"git-svn-id: http://svn.textmate.org/trunk/Bundles/JavaScript Prototype &amp; Script_aculo_us.tmbundle@4307 dfb7d73b-c2ec-0310-8fea-fb051d288c6d","author":"Michael Sheets","commit":"e23abb33f3bbf205873733bb66ddd5886dcaf600"},{"date":"2006-07-16T20:59:40+00:00","summary":"Removed the filetype to keep it from wrestling control away from the main Javascript language. Among other things.","body":"git-svn-id: http://svn.textmate.org/trunk/Bundles/JavaScript Prototype &amp; Script_aculo_us.tmbundle@4274 dfb7d73b-c2ec-0310-8fea-fb051d288c6d","author":"Thomas Aylott","commit":"0ae860ff2afc77737a6147f33c8e82154219553a"},{"date":"2006-07-16T20:46:41+00:00","summary":"Merged languages. Deleted old version","body":"git-svn-id: http://svn.textmate.org/trunk/Bundles/JavaScript Prototype &amp; Script_aculo_us.tmbundle@4272 dfb7d73b-c2ec-0310-8fea-fb051d288c6d","author":"Thomas Aylott","commit":"860f11acfb438c6fa941d115ab9f127fc04eb749"},{"date":"2006-07-16T20:19:41+00:00","summary":"Removed unrelated or more generic stuff","body":"git-svn-id: http://svn.textmate.org/trunk/Bundles/JavaScript Prototype &amp; Script_aculo_us.tmbundle@4270 dfb7d73b-c2ec-0310-8fea-fb051d288c6d","author":"Thomas Aylott","commit":"268a35edd6a0f03ace93becb2c59987534ce74bf"},{"date":"2006-07-16T20:14:03+00:00","summary":"Initial import of the newish JavaScript Prototype and Scriptaculous bundle by Juston Palmer, Thomas and Martin Strom. It still needs work, but...","body":"git-svn-id: http://svn.textmate.org/trunk/Bundles/JavaScript Prototype &amp; Script_aculo_us.tmbundle@4269 dfb7d73b-c2ec-0310-8fea-fb051d288c6d","author":"Thomas Aylott","commit":"0086b80aa4c5d4b9b11d106997e3acf83ce63bc8"}],"name":"JavaScript Prototype & Script.aculo.us","web":"https://github.com/textmate/javascript-prototype-and-script.aculo.us.tmbundle/commit/"}